MutationType	CX-5461_NO_UVA19	CX-5461_NO_UVA1	CX-5461_NO_UVA20	CX-5461_NO_UVA2	CX-5461_UVA10	CX-5461_UVA11	CX-5461_UVA12	CX-5461_UVA13	CX-5461_UVA14	CX-5461_UVA15	CX-5461_UVA16	CX-5461_UVA17	CX-5461_UVA18	CX-5461_UVA19	CX-5461_UVA3	CX-5461_UVA4	CX-5461_UVA5	CX-5461_UVA6	CX-5461_UVA7	CX-5461_UVA8	CX-5461_UVA9	smg-1_AristolochicAcid_genome_1	brc-1_DMS_genome_1	mlh-1_DMS_genome_1	parp-2_DMS_genome_1	polk-1_DMS_genome_1	rev-1_DMS_genome_1	wildType_DMS_genome_1	xpc-1_DMS_genome_1	xpf-1_DMS_genome_1	agt-1_EMS_genome_1	agt-2_EMS_genome_1	apn-1_EMS_genome_1	brc-1_EMS_genome_1	brd-1_EMS_genome_1	ced-4_EMS_genome_1	cep-1_EMS_genome_1	csb-1_EMS_genome_1	exo-3_EMS_genome_1	fan-1_EMS_genome_1	helq-1_EMS_genome_1	him-6_EMS_genome_1	mlh-1_EMS_genome_1	mrt-2_EMS_genome_1	ndx-4_EMS_genome_1	parp-1_EMS_genome_1	parp-2_EMS_genome_1	pole-4_EMS_genome_1	polh-1_EMS_genome_1	polk-1_EMS_genome_1	polq-1_EMS_genome_1	rcq-5_EMS_genome_1	rev-1_EMS_genome_1	rev-3_EMS_genome_1	slx-1_EMS_genome_1	tdp-1_EMS_genome_1	ung-1_EMS_genome_1	wildType_EMS_genome_1	wrn-1_EMS_genome_1	xpa-1_EMS_genome_1	xpc-1_EMS_genome_1	xpf-1_EMS_genome_1	brc-1_GammaRay_genome_1	bub-3_GammaRay_genome_1	dog-1_GammaRay_genome_1	mlh-1_GammaRay_genome_1	rad-51_GammaRay_genome_1	rad-54B_GammaRay_genome_1	rip-1_GammaRay_genome_1	wildType_GammaRay_genome_1	wrn-1_GammaRay_genome_1	xpa-1_GammaRay_genome_1	agt-1_MMS_genome_1	agt-2_MMS_genome_1	apn-1_MMS_genome_1	brc-1_MMS_genome_1	brd-1_MMS_genome_1	ced-3_MMS_genome_1	ced-4_MMS_genome_1	cku-80_MMS_genome_1	csb-1_MMS_genome_1	dna-2_MMS_genome_1	exo-3_MMS_genome_1	helq-1_MMS_genome_1	ndx-4_MMS_genome_1	pole-4_MMS_genome_1	polk-1_MMS_genome_1	rcq-5_MMS_genome_1	rev-1_MMS_genome_1	slx-1_MMS_genome_1	smg-1_MMS_genome_1	ung-1_MMS_genome_1	wildType_MMS_genome_1	wrn-1_MMS_genome_1	xpa-1_MMS_genome_1	xpc-1_MMS_genome_1	xpf-1_MMS_genome_1	pole-4_UVB_genome_1	rev-1_UVB_genome_1	xpc-1_UVB_genome_1	xpf-1_UVB_genome_1	atm-1-xpc-1_TMP-UVA200J_genome_10	atm-1-xpc-1_TMP-UVA200J_genome_9	ced-4_TMP-UVA200J_genome_2	fcd-2_cisplatin_genome_1	cku-80_TMP-UVA200J_genome_5	pcn-1_TMP-UVA200J_genome_1	wrn-1_TMP-UVA200J_genome_3
A[C>A]A	0	2	1	0	0	0	0	1	4	0	1	5	4	0	0	4	2	1	3	0	4	3.1990385800351	1.19888166001124	0.156763578350257	0.82234477704183	3.70508524982258	18.8014918858675	0.408936527383391	24.3088438527493	46.7934292780107	2.99091499543433	3.28951215230609	4.05826300298242	1.46011929535216	0.550320857278375	0.531430852367714	1.1867421748129	2.12173265528522	0.334826411073345	6.03710110084466	2.31150488327263	5.29153510576875	1.91598995342145	1.01498739904289	5.96248543574593	0.982253026704906	1.45918167929854	5.44689630191631	2.62357014812363	0.827659038507799	4.53210372705036	0.915812432786543	0.327763895016507	0.0364951972426122	4.21622297619386	5.33660909004843	3.85315118533232	4.87594821014928	0.815007392459921	3.85568076250404	1.57812180396128	9.83868684969925	0.440879080579854	12.5442583040853	2.42320732653341	0.846247322310159	1.80618572697885	2.0401545463451	25.1367904352202	10.4441028163834	15.5664607879554	19.6521789117796	3.19778029694633	7.40816175478436	8.73485398193299	1.51204843802322	8.67639414520719	8.78044256996839	8.8919027987045	0.0434916148836736	6.80238536756225	1.65065097010723	14.318988167405	1.67516034931795	2.34379019517776	18.3675499220974	3.76239777465378	3.64670046337556	18.3825849754636	21.0173581845199	3.6567693825592	11.3748187479715	22.7512808288851	0.602676711206693	9.08977341882174	14.5288877233636	18.7093764280587	1.00752643425494	0.435043539629483	5.31695926484051	0.450985550755462	1.60501513914208	272.962083748552	279.258903162846	1.37680931226454	252.202042928543	364.010876995625	116.751996238924
A[C>A]C	0	1	1	0	0	0	0	0	0	0	0	1	0	0	0	0	0	0	0	1	0	0.0465855565821426	0.049428343411719	0.722214521673689	0.0459580198074988	0.710827052449248	3.58295573468325	0.993879694585864	2.82212391089103	12.0972248579733	0.222050700266005	0.279329162813288	0.423362029931886	0.0351570964165193	0.0305310013953227	0.302228886879899	0.296462600194085	0.118339558429046	0.830982560045208	2.64695763209571	0.0291942072036301	1.29397553581837	0.0520639443436179	0.0283622174749795	0.305090493614571	3.31292362391028	0.320134463616559	0.288298811639556	0.32421530872183	0.818113583574023	0.825229159496009	0.463903735022482	0.0426763434532963	0.868470067847387	0.0758215103852838	0.0370898516598172	0.327422457360636	4.74062058194205	0.78255451010451	1.3347115168023	0.433144687318303	0.875242128084763	0.175355654118929	7.35243234987289	0.240783108509416	0.23234619654498	1.37636422882221	2.6821959656389	1.36282671883084	5.80667606985144	6.23078714529372	8.03460814086189	3.50252386563186	1.18179081756042	2.86314955732631	0.501207650118093	3.69930246621547	0.0489071549096076	11.3006212342136	2.91300181756552	4.64230444578138	1.65024818391447	0.0444967654855522	4.78119674166245	2.61034296107146	8.80621352216503	0.70953096056459	4.3919867107125	1.91751684583407	0.731985787686761	0.0402939300666703	0.29923176310244	2.67467244328791	0.0430590384733136	5.47065049284713	1.10605708177069	4.69616691509555	2.73286793450932	1.348887967618	2.9064097773174	0.0396450569891004	1.17249739582624	2.80043807218753	3.29777225581781	1.21343290447015	12.039279719198	81.3004543616425	47.2821236883353
A[C>A]G	0	0	0	0	0	1	1	0	1	0	0	1	1	0	0	0	0	1	0	0	1	0.0601670332341718	0.0595757012241589	0.137715709514585	4.49971330455891	0.0325718261332623	0.144201877629515	4.65721288983118	2.77667317001398	1.77839874488033	0.0347934439892981	0.317500275319256	1.97720874539946	0.80162776305359	0.179001721977662	0.310588222408423	1.99674041414429	0.0395387347316492	0.793430211520164	1.3150337635706	0.776354334066113	0.442855776325688	2.46743121117002	0.745004635658107	1.21705268633842	0.214880368765423	0.288020914068014	0.330497177717136	0.097266074298614	0.1391052257686	0.795438268358618	2.10898281416982	0.314310340722788	0.0405942023255465	3.31160526991565	0.0309260698030853	2.0618308903231	0.101856819438092	0.799776245303321	0.101751565580683	0.138855127025962	0.311102679851964	5.61450488875597	2.94524550080173	3.22545317032845	2.32293523194752	1.37479105244256	0.834323801231419	8.94725727046979	1.45851656041611	1.4537323982628	1.40520992450841	1.69010804068411	1.1679762061284	1.17388340938962	0.0573334018286679	2.75379118380296	2.70429389421172	4.56097607895237	0.039126818722949	1.04145008961275	2.66238603572538	0.046006509173931	1.02285133135977	5.45819297968705	8.48170905801431	0.290159142782155	0.526398735922697	0.121092540872533	2.87029848535889	2.46412598258354	0.971300132478193	1.64204358559107	1.11043710144743	1.44881968398783	4.13906924071326	0.296188747875592	0.0430560672530106	0.046595475211563	0.0357473810452465	0.0397090956734613	2.36450181347072	0.505396127004631	0.276714051161991	0.0495498114860228	0.583448679856324	0.596965820836788	0.558598326865816
A[C>A]T	0	0	0	0	2	0	1	0	1	0	0	3	0	0	0	3	0	1	1	1	1	0.829570068539894	3.55502620428625	0.643397350087365	0.0496182458651448	0.396103138724441	4.75378195332327	0.144112231164567	12.6184688131432	3.8935593658931	0.750380592694733	0.23159250768534	1.42070931750156	1.15197425133931	0.527848923815426	1.50534143139568	1.37617406878868	0.294610049681636	2.38432049791574	6.07362674022044	0.123008999891189	9.35148587497854	0.225361436702618	1.39210723207418	1.72561186342269	1.84072905104866	1.370337534502	0.312353639547878	1.32995966275587	1.41777142658927	0.297702714647698	1.6874800671816	2.10276584737726	0.0310617042526116	5.85838287005547	0.778675168481092	2.78933714176021	18.1292745891192	0.865588738717332	8.95147932188785	1.01591845913596	0.497273390782152	4.06652001864096	0.0739596993412066	11.3799752413763	2.0640652260171	3.6359436095458	0.422622345385193	6.0530811877738	0.455238838373538	1.35707781960504	0.155615969271819	8.77340602605367	2.06116910029883	11.1596450264432	2.25423685226439	2.85165022410567	6.25804279793941	1.14066443412914	2.8682492671635	0.0413338349257909	4.54119904999924	11.7240792124634	0.313140462223845	14.4576570262787	8.51285114502123	4.52495460062614	3.24155283074404	2.25619868860469	0.60546980230013	4.57902236834231	13.8893962225483	5.01101811583703	10.8864885555506	12.9530469646759	12.7809808270915	13.6370509683755	4.83747461901668	0.0579939311113317	5.32115045309959	1.00501666482641	1.97142096342263	6.91771433582307	2.1105552611859	0.469853640164381	12.6097907716606	20.6252875483763	2.94008573847345
A[C>G]A	0	0	0	0	0	0	0	0	0	0	0	0	1	1	0	0	0	1	0	0	0	0.0502709067789615	0.455370563345228	0.142387923550718	0.0550635971254905	0.263943143287982	0.0426056546446933	2.59038559057597	4.85476956122721	9.21730570713559	0.749258889187249	0.748710440351324	0.773479188393759	0.316988850173394	0.0286220809891333	0.0363399621840007	1.32430930944737	0.306778561984297	0.333624392963725	0.0323964980978487	0.0341889933299772	0.770334835757127	0.0339197666988069	0.755789219222791	0.0315061516441455	0.0843501988054896	0.309237530930974	2.07365234366032	0.0373100210730339	0.334647151561267	0.0374316537677039	0.0347367941266505	0.0283178751196313	0.0345039357722799	0.467928971621532	0.830600644620034	0.0318842332204075	0.267935868194588	0.117955609498423	12.1660591082225	2.82772906589778	10.6254627884992	2.92609455721502	2.97391056677347	8.64299486597409	2.46285476107265	3.64523365516256	1.10828579255939	1.35966638241757	0.812966078379662	1.05427816582742	3.83137790690957	0.353423784049372	0.348134359172265	0.316556905886749	1.20674137374772	0.259111500446881	1.00802008303691	0.0382783355390516	0.157239836767309	0.0438410799557541	1.04455068141665	0.0464396670900705	2.80576400334661	2.46537109112831	0.948093719534043	2.50442240673767	0.523385190417254	0.0454448406964239	0.0498805338340839	0.0439589263475914	1.04374576419898	0.933315022786116	1.09380049532563	6.49098808233549	2.11761115001795	22.4721355454484	0.0436392942674843	0.0567633770422538	2.9015254047376	0.427512338910325	3.21209486232762	1.43250076749003	0.513905619493435	1.14627649722579	0.454428159784991	0.505852562821593	0.890799560258283
A[C>G]C	0	0	1	0	0	0	0	0	0	0	0	1	0	0	0	0	0	0	0	0	0	0.0574755989326878	0.513771859799699	0.860497160581463	0.0487657063002551	0.257175747476261	0.0365222779131451	0.0414571386741209	0.0482691855612298	0.0431198468764065	0.0282897607918939	0.0309050916099771	0.0327099457669133	0.820750459837756	0.29422680492247	0.310735394716481	0.30308083670755	0.0333296286690128	0.0291819558607161	0.0296608435075867	0.0310589196185847	0.718874634889201	0.796672508100411	0.0264235808818659	0.331942932906417	0.4210041626326	0.296061896307948	0.0292891595270259	0.0337657020326698	0.0303913294724378	0.28847915572941	0.0343526067393724	0.0363288444176938	0.0355299233314291	0.733830313326391	0.0331685252014979	0.309658775941558	0.65469587700609	0.0403153566082861	0.716917981985549	0.812006368518878	0.878659666493268	4.08653319420543	0.599722262923861	0.051768645673889	2.32532372857962	3.63984020962616	0.647645247388557	1.36509068564961	0.499164174741115	1.3979273152159	1.47170124656304	0.344918975565919	0.036566398191929	0.426011671011794	0.0609765140222541	0.370934510554954	0.0484652639483846	0.0404684680758427	0.0453536326039479	0.0341640889639658	0.0350228782656293	0.0427905220080896	0.038058337629703	0.0426666797155248	0.954531829353008	0.0275283985803294	0.452069032492836	1.09286413955085	0.0498841760367855	0.0426995083720028	0.0439551874731016	1.58733375170237	0.039862680172153	0.380260568314139	2.03789132251112	0.956426727038026	0.03284854340652	0.0487294981291425	0.0972040041413312	0.048021501373267	1.54055381220718	0.388945999920595	0.170382134563445	0.0430283539281713	0.207638272862949	0.214578147381829	0.348658528199772
A[C>G]G	0	0	0	0	0	0	0	0	1	0	0	0	1	0	0	1	0	0	0	0	0	0.0466048998516919	0.486891750720564	0.212267350651188	0.0507570659651185	0.0328259415465258	2.67627527119853	2.57093597482648	1.05006257269094	0.0474476719706753	0.295825713340071	0.0305539852721011	0.293546038845723	0.0359217777978517	2.092464639894	0.0336758322841663	0.0288233287588629	0.0318690930037094	0.0346832960116596	0.366413464357945	0.327216966846767	0.0294619441072132	0.0383896030552135	0.305574362820408	0.292741702281925	0.314991185871763	0.0312277336592389	0.0352970575193939	0.0299618100751151	0.0308144346599299	0.0334133966974722	0.340932500003093	0.026574579161122	0.0338055649097829	0.0328097889878628	0.299893483667289	0.0282851210081044	0.744485756510887	0.0321164956051398	2.03740186932705	0.0320703032083559	2.1990036562055	0.61608600426547	1.87179168598137	1.33925168039715	0.925026126004286	1.44409551156841	0.22640122813213	3.49970896772354	0.404381827269069	0.0627218828206601	0.0563383738405539	1.01913170606282	1.1343732224086	0.0513165787292404	0.0511399010603714	1.00130149015852	0.0479036469347836	0.0406571529357965	0.0372792563811126	0.0354942082657832	0.0439518380487328	0.0404628318640096	1.10608581800416	0.0379641061413482	0.929938656900391	0.518423630738006	0.0442239330772391	2.80634199189839	1.0372220568256	0.931800436994253	0.0469430963868075	1.59949862928325	0.0520304492859053	0.964907056306385	1.15108851921507	5.38052515797231	0.0406482145337738	0.0629330102804797	0.0311413319240654	0.0516771808398346	2.22032953494902	0.468799835141117	0.272578766741295	3.25525988978068	0.473945050971143	0.209887550238535	0.231062514954861
A[C>G]T	0	1	0	0	0	1	1	0	0	0	0	0	0	1	1	0	0	0	0	0	0	0.0480592537707508	0.462805527604375	0.777159210302461	0.0573266853437736	0.140809765423969	0.0424229563723577	1.83114989649937	2.68175232111324	6.11882729455375	0.0320830731325678	0.258483598376777	0.291917764186895	0.0342921526989253	0.306319102123778	0.764431060852347	0.306573086759415	0.337805116588539	0.034372542079992	0.765235407103023	0.0367129481326479	0.753938889096764	0.0336376960628083	0.0272783135974449	0.754592996402027	0.0271127980299158	1.31669509416351	0.0317941544138443	0.0311833195229007	0.0356081542621849	0.323370542006932	0.0312729271120637	0.318619680558355	0.0324623567403525	0.759877670876308	0.322453792832001	0.0284287822037665	0.37954362084425	0.791988038038326	2.38544567008161	0.0327453262239436	3.00033959395435	7.25326198071633	1.74023521275944	3.35124614183887	0.897675303723016	0.0491015569851609	5.7811956305103	9.30375551488152	2.21373903591414	1.31917842253149	3.83136851540852	0.0360503326007171	0.0555950474092719	0.0440347508685356	0.0479705394047823	0.376230526945845	0.0427456106970509	0.0407404826571608	1.10060938434123	2.72697491463416	0.0383979680579265	0.042384871388354	1.03971097110085	2.4657134221578	0.958494485528475	0.241675110655493	0.0623023436556604	3.58854054133686	0.425743490423497	0.458259372663161	2.78617384742842	0.350541825213131	0.0494311216017519	5.50152061417555	1.93007835157415	9.65311843822719	4.90257615841826	1.27874945295335	0.298058725285651	0.398016332108501	2.01095387150209	0.298768200735134	0.659171895258742	0.517106637077161	0.378764471244252	0.535186279204115	0.259974149720172
A[C>T]A	1	0	1	1	0	1	1	0	1	0	0	0	1	0	0	0	0	1	0	1	1	11.0621435869227	13.2379958993864	0.957909565994193	5.54537693498823	2.10330973945771	0.188807186937743	2.64892180469304	5.50985264067286	1.95930916308957	99.2513341566705	101.454956952469	103.1372512423	61.6031037043104	105.439325719194	81.5953496255038	92.300991985577	71.8246800772166	66.0814739768007	134.890298995991	62.3575806409279	170.914876489168	88.1318795613747	94.6771174498533	101.063962483749	181.716319778112	116.820842363162	95.4816481731823	77.9531512035407	86.3196788081183	77.2878728605005	71.5868183302078	58.1387658004677	31.8944236123527	129.784565745034	77.7759898858691	78.3168458397279	444.251175813132	57.6894809886274	166.983189840501	89.1167070868661	95.1056261880847	10.7441987546312	4.45110985086143	20.4569595152329	0.460665805212325	9.18510557448632	20.2377455116893	23.3742401371876	31.1834225423414	1.23787623718229	10.9010504686818	36.4575607109551	1.96663720341613	0.454910024464611	2.2715588189516	9.20334048262499	2.82333595139759	11.5272581819762	4.19354162475727	5.60429583983134	2.63590576803968	2.78067315919822	0.980394866983106	2.70642750979598	0.164504196995205	1.8379600497092	0.305771193075903	7.87256698889496	0.949078272251984	2.71966588453262	11.5729036173964	15.6775882360037	4.88320056762072	3.42414061176937	4.21142159904123	5.40835751521641	0.0498249360648814	0.0634952902913939	7.95690514288585	1.82652058508411	3.01428768523716	0.89844593393874	1.00204186551098	1.31931270231914	1.56865712483405	12.2505362666744	1.19325337740659
A[C>T]C	0	0	0	0	1	0	0	0	0	0	0	1	0	0	0	0	0	0	0	0	0	0.0531034716687493	0.500774524349955	0.333857285737336	1.24218255281574	1.22839473232382	0.0421001708469123	4.6678334296023	0.290121683638225	1.61565284127995	208.062929307876	111.338440622357	113.513787016319	69.9366675703157	104.872083495191	104.050060463134	101.344791540124	80.2502910212654	75.8188624854678	191.874559125073	52.6904312117893	148.776158006609	89.8674012164912	107.346066775895	109.39501569798	173.770669979016	109.767184000299	94.4712576515169	84.4329729422368	42.1877555040622	67.6618378947816	76.1567832918074	61.1876047962249	40.5468850956356	109.552281729593	82.0782919644042	105.778490902172	485.534957558464	65.0763283499168	144.206595478389	82.3521859800979	66.492611876144	7.12726962528149	4.47294241975075	5.72194301582612	0.255603355745155	1.41778633318659	8.76556749163798	3.77248602537515	13.0379372943633	3.69548871579829	12.6971503198986	55.3845103807611	1.10853766844395	0.411693501950188	1.24424942774884	3.67964846406572	1.07932423039668	1.0245945631392	1.10985835175664	0.995304407355114	0.453238690455838	2.84078973648136	1.04108584921073	0.0385641977684792	1.0212798272185	0.707612744077441	0.0361623900435575	0.0365264774863746	0.941261269513062	0.0391634032857494	0.0410601688561214	0.202737769082449	0.0472551082767885	0.923870400161032	4.02203963215663	1.70583619572186	2.88473541436657	0.335106251698729	30.0600185068327	7.89057450949489	2.98617637566812	3.12463178267985	0.400856735115061	3.14954189084606	1.37769598542586	1.24729117470289	0.28854796894426
A[C>T]G	0	0	0	0	1	0	1	1	0	0	0	2	0	1	0	0	0	3	0	0	0	3.24315765334797	0.0508965810404833	25.4145030578974	0.0545979365737314	0.280096697287201	0.601472868643454	4.58286416755106	1.07533799320994	2.71185816161995	64.6202413907128	61.3554249465412	67.0755992812756	33.6495733581422	61.3664771365834	45.051507413816	45.7877278657821	49.5156298507651	42.6777402855082	103.027511988748	40.2513867878895	103.057385056288	55.188232165307	69.8995093244786	62.8660249638072	123.235630055446	62.3583109812997	61.9213699198631	51.5587184802084	32.3405176447539	45.2822667828374	40.9290730154107	34.4917740534093	21.125828011375	75.9167495856379	55.0613633871196	67.6504198575109	271.650320968113	50.4633951214697	87.4792199956724	48.0324675862447	42.9144870462648	1.17413844937326	0.451913290439379	11.3011733238987	0.181213373968534	6.11165252592327	0.17848882585914	6.17423054072005	0.864055226204553	0.0527269461562015	5.04420578121927	6.68104888891288	0.0522097084271973	1.99497598575467	1.27726048136028	2.66187858397117	2.86886814107028	0.449819819710764	0.039257770544936	0.949728099722399	8.86324534970505	0.0488215145536036	0.0382594698648852	0.971674810854665	4.59598106478429	0.732490080705523	0.531204824821674	2.78135373515045	0.393025073603716	4.42535387372029	1.03749452398246	4.0724854727278	1.15916366382913	1.71773887512709	0.448299411456739	0.934997028800377	7.00409954268461	1.29821563504279	0.780694514169571	1.06932677622512	2.87843383564236	0.944885936852746	1.03963135288079	3.22443594567279	1.26064014745307	0.564781012967245	1.10723051837426
A[C>T]T	1	0	0	0	0	1	2	0	1	1	1	1	0	0	2	1	0	0	0	0	1	0.0582134195707612	3.35800028631741	7.74565365860124	1.17710494148814	1.91605802994386	12.5918970833378	2.67928435989582	9.46566223376163	7.18324265931328	159.813757054361	170.808687407164	154.965666644719	87.1640253142223	172.639999215769	115.145254168607	133.204317121721	102.796953400893	111.174846097321	208.150849216681	107.070628885107	230.645389246503	151.506958147494	164.972886110026	155.072018272125	280.849553200718	165.739976920981	149.709243498147	142.331261851936	102.571359148044	115.537251032636	74.7661887834613	86.3325117197339	57.4319966843127	194.277891643404	119.856815500557	139.345926287997	731.66734006929	91.6313289769749	214.131509785	97.9921673876741	110.678458422314	16.2812389166099	4.56256624675236	11.61631757284	21.6937038334456	12.2067330882938	3.73076884816916	1.3962232633707	3.91438267555394	18.7099885021548	0.407587049902364	50.7831716338936	1.56240043653845	5.20097689332701	4.61194908145423	5.75210809092631	1.00551586163508	19.9009519470893	0.443178796088701	2.24013068011484	6.75116288471671	0.0354058347889929	0.0391366099025454	10.9175929495355	10.5666369824968	1.5683864665868	0.257973161927917	1.32505135535944	2.00556578586359	0.0394434870608572	7.80696587674665	8.0257561222019	2.93131561368676	8.47200685333664	4.12963953861559	3.44684316024945	8.3188705331991	2.41961322896956	44.0715209885093	15.1218028335714	2.58310893150227	4.27454108638251	1.55584599817585	8.08981875430413	10.4620821350296	24.3238839744253	2.3033645950567
A[T>A]A	1	55	7	5	21	15	12	5	65	25	16	40	50	22	25	28	17	39	11	16	17	6.87151758326369	32.7535493754715	9.53108155510112	24.0741549952887	61.0763483882039	63.185476611242	76.0126093515925	57.9681752972477	38.8554872571502	4.45762342236432	2.04750527045982	14.8540436759932	3.84891698786276	17.3414935895359	7.28147448720453	14.8639433508886	7.89484301837338	6.64491051361724	24.3466672374182	6.23370103931272	21.3171577529879	2.97924311012466	11.268194998212	11.4915794051567	28.4769753665372	13.3401776778438	22.0396373372671	4.53958750036541	36.6511637187182	7.15633126482511	5.37167956848154	3.26306390850261	1.75432964729165	16.4617572771769	7.50829414387872	13.1773718719991	67.6842308771874	10.2406154414672	38.4668258452539	8.89327192729126	11.7575561338777	0.30765847495134	0.691484907123763	1.62082705826012	18.0302234569762	1.03470449292126	0.371029653246938	2.76564813697513	0.72369463453634	1.75485788773688	0.477692274337821	33.4077292426885	29.5648546635579	48.9524403041377	42.3924679202426	69.0414365021017	45.768290330402	56.4712191925245	56.0996636699161	45.0524173948202	59.7665992445922	45.4640173298617	65.5503520037365	88.1429453935209	122.377229130362	92.9417261745883	22.686951772668	81.2531159857937	42.4815982110676	74.5567463996044	33.5030166854956	132.302871773579	22.10854184336	74.1238637538101	46.2562608250864	66.4651152933215	22.2213108586639	15.515665539287	36.7026160907131	6.96519343513561	1.99726483269863	96.5860533021458	23.6691162558023	8.04234811433906	203.923899552676	150.452351804326	53.0337263211216
A[T>A]C	0	12	0	1	8	8	3	3	25	14	9	9	17	17	7	8	7	12	5	4	3	0.0503449061006454	4.70358684134285	9.49940536211183	8.04555157846514	18.0436620159691	16.2510469148604	18.6147466616128	14.6784130193176	27.5579397609631	5.90709243070319	7.55993913120527	2.1797408975458	1.87677553025404	3.45409819677373	2.01464403425864	2.79595444549164	2.78770352025223	4.6103203277689	8.30629292308011	2.80633841334098	6.56432834157296	1.58060147183592	2.00840131765992	3.54728793301364	8.25953898683593	10.6352727671347	2.80604272588144	1.36101292245411	6.32154305896069	0.24470639404659	2.9334490611571	1.4125696352719	0.768602874866241	5.05747818249746	0.394189719454836	3.24134235925896	19.5491526286752	2.08662028215335	15.3938574481768	3.7452909713457	2.90036317211834	5.52038506666569	1.74995900562532	3.35425435533004	0.385489165823724	0.0666393776263236	0.0589386100703067	5.66138277786711	3.46045640596635	0.136588169964244	5.09034197868648	15.905702672913	19.5459805563254	8.52574284364201	11.15016136564	16.7253351552982	7.42452401404986	13.6852861880732	8.41894262129274	21.4617652124525	29.1331112271912	21.8502899384024	9.22128649470254	15.8204577881464	40.7374059279444	22.1575281431548	16.8276270062344	14.1852075386964	18.4184162317248	38.4919768685205	21.4239426581762	43.9992300896864	9.32010903021292	25.4317464217836	19.2423333502632	26.1086584301779	1.04189018479533	0.367618138036925	8.80914941290634	1.91438414070826	2.5815351864753	0.904888486310829	0.631771694534781	2.13300643049391	0.698437748901278	2.03342705094384	0.317924509568473
A[T>A]G	5	39	4	3	21	16	16	5	36	28	12	38	49	22	25	16	11	22	15	7	17	0.0486249113658728	11.6093287566858	5.24983302659691	1.64955506570281	66.5754505855236	19.0713846890755	29.4032889856288	33.5532177634133	11.7975280010316	5.63318666798726	5.15790107832328	6.02006189570588	3.68500008531633	1.28309272927216	2.64697268387144	0.74901891896135	2.93583190360733	4.41729258264643	11.5532228920661	2.83926144010281	12.2329723157304	0.126177975608102	3.61645665670028	4.21537528368394	11.7115037759434	6.6742542366114	7.79853392310158	2.80278278662862	27.3629795866066	4.55969732355643	4.12407507796919	5.562086389751	0.853131409603128	5.79662095024475	3.85280433115955	3.54362628688481	34.6262643950967	2.81115691795606	27.9355735015229	2.92225554788606	11.4688234580896	5.49601084892563	1.591310365185	7.24065895914216	6.13561095102061	0.507178792667681	5.9090519296861	15.1643135344715	8.52584963864494	0.579834370348437	12.962418080681	12.1467505123589	15.3251051900692	13.615821364852	9.69583032483661	29.3886050855811	22.5137470999607	37.5884502327198	17.5176660019867	27.6206473241374	31.9052702554993	13.9769527625163	12.9014829373619	21.9063153517191	38.0585345898782	86.457668238046	12.4433724390542	32.6910770153117	23.2871390952011	25.8566048491479	16.1596393551466	47.1457303338535	9.90603519424876	43.661573648375	20.8875559621176	45.2890283220328	0.378910362937314	0.0553322956009565	6.15960094078543	1.02225906447199	2.04419327798446	2.17345668451666	0.332376293390752	0.0521975549827184	0.542570488380173	0.68497196449095	1.61267218210052
A[T>A]T	3	19	2	1	14	4	2	2	17	11	9	19	12	11	6	8	2	12	15	8	5	5.1725313332526	27.4787057345532	2.86947347880795	21.2532576259994	160.082508161764	55.4965688351466	84.3496367652856	49.5581967206953	50.1896575508978	15.7125329421993	12.1719662269688	8.63426111199927	7.25282616780876	5.06420355345056	9.72238234663755	5.06883268063865	4.72465373283189	13.009723703722	23.8854992131877	7.43505894746491	41.0864734597818	41.0591323647776	10.4679312971018	15.314935721038	26.5714601524272	18.0461059436263	10.7696868434071	2.69509691106312	50.0730444412482	7.18500851329324	8.06200391282223	6.98908915599795	4.55605962225315	15.2125857956537	7.84786234602749	6.65858590533419	83.2508359361226	7.27790803924191	54.2377327118367	17.9173462875906	23.1905170757338	2.73061470767146	3.92826126868417	8.21060474074353	0.482003943207466	9.01561729770556	0.329735065585	8.27309370660486	2.0966982718838	15.7643048574319	5.95327605489832	32.1115145678427	58.2491131953942	56.36546508844	35.9427146061115	90.1937189066974	48.3056799745232	77.6861214239903	59.348266485478	84.2780080399748	75.3130936693351	76.4584518968523	61.8042677553078	91.3775730609388	76.2244900207763	205.700985773357	30.618958186835	78.8944880343947	52.0676241813306	99.7872206525069	47.851775050559	127.352985802085	64.0278977452979	79.7398467616813	56.8604374542992	99.1059480557919	28.1040671733765	7.52809927407089	54.1386550275591	7.01422864828206	3.26944620527904	3.15758869196537	1.98285945238037	8.09957182405901	25.0183094762138	260.500491035902	176.03182451587
A[T>C]A	0	22	2	0	5	2	2	2	10	5	4	11	11	7	4	9	6	8	2	3	3	1.26071150282592	4.5969210977887	3.44754925517916	2.18162122674453	7.32871346562951	1.92479996644211	17.5559934730064	24.1568993530639	20.8021123348257	0.309534633272612	3.49878337245892	5.0514812616807	0.87811263006725	2.64169924396899	0.743163332071639	3.47116493222037	0.824659380736147	5.22282605058908	7.45364719117149	2.90779162277779	7.9536309532557	5.30307438640668	2.77760365878927	6.87995681556031	4.91993783870795	8.61083824810185	2.07134230886849	0.791874767352343	12.8783369284628	1.41729811411605	0.789751051215422	1.00516640272887	0.0279625041183069	2.20663755641406	0.837151919706945	4.7316095763217	22.711817530896	4.67191863082187	14.2695991449819	5.26211789774458	5.51707035393901	2.1172603888073	10.9830380742665	1.31263483746543	0.333193149124478	5.89553299553226	9.17289713370491	3.47732911224308	16.2586941474474	19.3052828654648	1.36575814127876	6.40363882147973	4.89558077278592	12.4092986424225	3.30267669865497	13.9704055249446	7.15682124468732	12.2251053399233	13.101883703229	4.59587751840936	10.1930475940522	15.4362921900633	17.9431446567807	18.4259941609268	6.31137002282287	18.3733988959059	4.41753299835391	17.5322651656448	17.3960861985721	28.462381835092	16.2724023767616	33.8724960064218	5.05649261907026	27.7035511099468	8.57626243886874	29.225099789238	18.3164724678388	4.82209259689393	16.6443460382085	3.82203152312457	2.63530372287953	8.07941325095597	0.476051428066316	0.0560125887259878	0.913489138002329	0.939784424669576	1.63964180723178
A[T>C]C	1	3	1	0	2	0	5	0	14	7	6	9	11	2	1	3	6	1	4	2	2	1.19969003645464	7.22533784454119	1.63083924854237	3.19341465346138	36.4372359990416	4.7491507060033	2.42404117421468	23.5716647322316	7.02070757898208	0.722825541894722	2.72475269983607	1.43234961687457	0.181106927143927	2.66429419320101	1.37020871254084	1.34872652909831	2.02717765521877	0.821792935060053	3.30128144898642	5.42507809440925	3.46477810514856	4.13730763508992	0.798147195206468	0.0321464803734324	4.98533269775437	0.31943773902906	9.46189163307624	0.295455055397086	7.31082192141311	2.1481959931105	0.333801338532777	1.43743728851084	0.324787199704015	2.75343739876157	1.42445746195412	0.976256332796932	8.39162492433444	0.350276922201907	6.64400990387885	0.786205628255603	8.57236193771115	3.97027892989664	0.867237080938835	1.34159373570232	3.66733459495897	6.27973464713336	0.901860617259793	6.11225400398193	3.4597136044861	6.28955179878089	3.64659094345722	14.7207236531857	7.65434383806035	16.536403995623	7.2961072706111	17.8474587890521	14.3422427139962	16.4587216208379	25.6886099583186	26.8353562206202	23.7316110024079	41.2173195597867	12.7220646173277	5.48398014349604	10.8351363421434	37.1498922467413	6.79393044985909	2.67168236944081	5.15329616827515	42.9814824059879	21.3674803827986	26.4664778600902	7.24238463016897	43.2286412423759	15.4501464400552	29.7306735864048	4.87135409632366	5.96242875250749	2.03598700707482	1.83210142288896	3.30535449495159	1.0102951934903	0.818424698172308	2.07500977657327	1.98400044335284	0.250137806003299	0.367028300776523
A[T>C]G	3	7	1	3	12	5	5	0	26	8	5	18	20	6	7	12	10	11	6	8	6	3.21508629372284	0.498055609302132	0.478917668707746	10.8438054528791	8.97519541704814	0.98253983699995	18.9020050857408	10.5611198693611	15.736567498584	1.69249336396155	0.295148275601378	2.78759440756022	1.42708007897767	4.41659514124753	1.41590565889199	0.734099952146995	1.85979975013529	0.321944641804935	11.0700751464993	2.04283929182325	9.22848015223055	8.29512858141069	1.37844779464147	3.41826126532704	4.95579427428121	1.29341982206334	0.779866050950756	0.308167918941286	10.0576265652801	0.817538636044082	0.318285487903414	0.0303285391547642	0.0331448380212344	2.07068369186262	5.25204383509762	1.30650101742731	9.30957230800337	0.967806109146413	13.0102170901967	0.817590142132536	4.69294458937056	0.448310291241844	9.24171987982548	3.36697609276858	0.730401010938948	3.57051932923835	7.20139703342495	6.18678013180964	16.0118756780504	6.29615065805312	1.4157558721059	6.56829421372014	5.00119210543152	6.20547350700384	5.64309804515913	12.8015241778474	3.59313794332345	7.79864729258288	12.0330890484816	6.69387490530614	4.5101094322878	7.05877877612326	2.65074334252841	8.52980092282698	6.56146237910619	12.6926965946655	1.29692326020691	1.05962871713621	2.97857749306233	7.56138202555181	1.01426463710692	8.40837348641227	9.77925571670056	19.1482281948352	10.3573375403001	6.48814769283324	1.08854723689992	4.59045740449914	2.07465592813334	1.02799828551011	2.29822882074785	0.813748675588417	0.996950155795161	0.0521405592753525	0.406688518813643	3.56080086480053	1.28274520130153
A[T>C]T	0	3	1	0	5	2	2	0	9	0	1	2	5	2	1	3	3	4	2	0	2	0.0476869110745295	8.54391401824181	1.24954399805062	2.77900915514699	90.4519570536325	15.2212311216789	26.6535482589446	25.4587352034269	38.6810074618313	7.13063534190785	3.45671772174913	1.56373784379279	4.24712133131181	3.12409702926819	2.89010230583665	5.40016451460995	5.19807215118176	2.16060756465421	5.61109799183847	1.96356187468885	13.5931667674556	6.1974930105275	5.87968033140945	2.03995621186371	7.33559392000826	7.77026315667736	2.05801261938136	1.76543913808962	45.0116399119743	2.11171846131926	3.17652887516755	0.86170913020156	0.313021143543725	5.80624268805626	2.09723024238507	3.86668538070934	26.2363314601154	4.72340382646263	28.9768087376472	4.65137314786999	11.786871956248	8.66303752971242	7.39234774709328	11.3263289818087	3.33602880646837	4.92990108626062	2.89901751158566	8.81611536385033	20.6828796645721	7.75534826900595	0.85730108287033	15.0862682665327	11.2765677965606	11.2619554176206	8.72505940181839	16.3131909249569	25.245480456376	34.4889637249305	7.43601930458932	20.7339756804753	13.5501279169682	22.1557310708948	24.1605848241862	30.7020303150542	35.6036526418946	107.491548528047	4.81263994118634	31.4488877599952	25.0111243011162	26.1325957644355	29.1380478230667	38.1200157984289	6.25190026024044	32.0705899814674	14.4611095154735	42.5612026182034	50.5666248639561	19.8112028906003	18.4243285900944	4.62950999312359	2.61643937021619	7.60486160684236	0.401324528766951	1.2333517654345	2.29133548799864	1.50664982620965	1.17439576651447
A[T>G]A	1	16	1	0	5	2	5	1	14	8	5	9	19	3	4	5	5	10	4	2	3	4.41391427809048	0.162283201558352	0.121587998642167	0.0486929744411413	6.39207196817027	0.610292797010454	0.999551771498695	4.83965586192346	9.35764513652635	1.33003884169802	0.801762350022204	0.112365091876692	0.295895692745704	0.295177456103499	0.795661444288456	0.0387509037517701	0.281615703578851	0.126853118900569	0.742145438581585	0.0339621615174753	0.130924761867623	0.320702172737571	2.06882122541115	0.0355520721653103	0.71537678794293	0.311407097807576	0.0356398324702046	0.302278624126811	0.791025687150096	0.308752191501456	0.0386127244676715	1.47681684075873	0.0394754440337592	1.41362610380139	0.0340229973973969	0.30512721253968	3.73465987545768	0.311633498038795	8.4481555750112	1.62048700240429	6.5579134229577	2.80664089922931	0.0824117626561278	1.2482203046968	2.39135352090568	3.63306897423424	2.8332341738233	5.38768639274854	4.74034555352016	0.0659697999319309	2.48534632151528	1.7648749903464	1.21203110913419	2.86850112009422	0.335995126254663	0.869784569487321	4.00397804000221	0.108646731686553	1.84573757662743	6.48592696837307	3.56519479955883	4.731539669798	3.63091303222703	3.24835570729624	4.21476829010012	1.84791489897674	1.24619046775955	3.19026917267636	6.13020996205301	11.1173419750275	2.69810538252867	4.20570047825902	4.22591228060561	12.5355542783909	9.12365489008143	2.68562547337409	4.94039776930085	1.33398900778849	3.70754821081249	0.0352967477968032	5.12313539399716	7.29322114093004	0.448400812757151	0.0586289201530409	0.90466722714616	0.656400783305242	0.378609953063116
A[T>G]C	0	6	0	1	3	0	0	1	5	3	3	8	7	3	0	2	2	3	0	3	3	0.049480402945131	2.42545441770245	12.9001601978741	1.24740134087656	0.231895548050843	0.0381193927702316	2.56015342420631	1.07190552111676	0.0445936411673991	0.304148098697062	0.289416117789195	0.0253200736305859	0.033762360825102	0.031188111716502	0.868021796317151	0.769358089789584	0.299893504379897	0.819825461546262	0.0341346104415235	0.0315925023460261	0.753810997567404	1.0870118526162	0.302268962834602	0.296973870061098	1.30978541418263	1.37860680232841	0.038069186878231	0.0247210743503328	0.0382967128903564	0.76724265952533	0.0294547479813674	0.0323788354025303	0.345766171543162	1.93617871061542	0.032638830244628	0.327391489152963	0.743865642454108	0.320462170543301	2.77433197520536	1.38443486447879	2.97126502396343	2.83912271091842	0.076430514538875	0.0560435688046826	0.268995527239863	0.0541596020540462	0.656671442737291	1.35963853407936	2.28097548203238	0.423263634985225	0.561217310810756	1.01568254765093	0.0383197752867573	1.08707669111719	0.478390582595708	0.0400830560677728	4.87315495819862	2.52835821899631	1.05963447351283	0.0445733730145001	0.420847045130172	0.0329348262921244	2.69999496986105	0.0405966091812388	0.954155633528583	0.028417967784767	1.28013909061497	1.41646711215014	0.0480811846319649	2.56033983636425	0.0415470875360241	2.30235165883735	0.041188564749671	0.550343004138632	4.1182455889104	2.47696790935264	1.07800672105986	3.48475304968709	2.10771506944231	0.39810263131992	1.297268201565	0.289008192795031	0.452524682944356	0.0590403229799469	0.275982394436124	0.445995311378524	0.155733306079532
A[T>G]G	3	15	1	2	11	6	7	3	23	8	6	16	21	12	7	8	9	11	5	1	4	4.53284518312059	3.40446495657317	16.5141760883799	2.2517284121408	12.3670681149791	14.0284549691763	2.71289984930494	0.332155324579156	7.19872516570851	4.15380458133958	1.38213970039288	0.301098393756212	0.300367656906055	0.33351853347674	1.41109041685128	1.41232444787403	0.762667900497833	0.753967914664267	2.01844981392345	0.308140984564048	6.24485114327714	1.69267125513718	2.14909881985584	2.76627172685906	4.15856748581307	1.30784194321061	0.770765636131659	0.124247435053847	3.75446827851467	1.40099408221559	0.808067564314564	2.12342224356051	0.0370219104164087	0.172958586472493	0.752661985901527	0.319055736822859	10.189819568623	0.329885053956196	13.2397263910602	2.17306252065216	0.832577554632511	0.668626479518167	0.0781658714030386	1.38119259455536	0.660630383926269	4.82381841226334	4.11718814266065	0.0647340640281338	3.43813256986472	3.59112854188976	1.45199872883618	4.47072400238475	2.96383142574607	5.19515236110198	0.321833865078074	4.66111582073072	2.7694432747365	0.966066358554908	1.87229771135859	2.64448491261938	0.997367368259964	2.74349916571036	0.0462565350738578	12.3642640734864	10.7872673869918	8.49779666116529	3.27843528111302	6.9618174570839	7.39498493306732	13.7513500934556	8.89285925578011	12.4108695777951	2.97299396620018	14.3612246900933	5.43181504794114	8.10891691132835	1.06646571966366	0.054122701509583	1.38708081419162	1.04644803528388	1.54687959795028	0.918672651429032	0.529732906503755	5.51236434542523	0.317807861972416	0.131041410877959	0.202894043560448
A[T>G]T	0	12	0	1	4	2	1	0	11	3	3	7	11	7	5	4	1	4	2	2	6	1.19017767196407	3.31519248592012	3.6256009191611	0.0524781919344801	0.299798601004367	6.78668749444152	6.87085004328433	15.7451830838661	17.4360495732015	0.699706056863579	0.0308282384211664	0.0317397396172677	0.339917136468635	3.53494518215219	0.0344072121390198	0.297735877686212	1.40928324679585	0.79033512493116	0.880385321313095	0.81359842870886	5.05915602104969	1.75457727055326	0.291541460925778	1.33724832812528	1.96107699269155	0.742214680152404	2.62470403249877	0.301921497986401	0.330742073916549	0.845483739316065	0.0314487911056566	0.812951740985566	0.240230767105516	1.35124221407637	0.791050369111287	2.76514212821353	3.0914242506592	0.030307681134565	18.2036206413071	3.25631211122093	9.31439507464103	0.298436598092092	1.86202906466952	1.28679926798435	0.389861371321306	0.0591908750177134	5.09810777398793	3.51577947637136	1.24427197981574	1.29680989171413	2.50053058937236	1.04930721657442	1.94075979972777	3.95412796998451	0.491054675514344	6.39265114685037	4.96426161858041	5.09635405701511	7.09956011104126	1.04302361442614	5.68089889236374	1.84760185937349	2.75131863589664	4.2807964701782	2.52125062253539	0.719472967615106	0.476192538817073	12.7339636296837	0.35931715475401	0.397213137314218	2.67975893797039	9.23275241801608	0.0427581012692284	21.8500585701033	7.54517047513691	19.691691038095	10.9101565411106	8.88802880875241	2.11187533358744	0.0375993976164421	3.56360523217188	2.99812867348803	0.698823930328279	1.16075802023761	0.421023144587132	1.89425616391952	1.57845854852284
C[C>A]A	0	1	0	0	0	1	0	0	1	0	0	0	0	1	0	0	1	0	3	1	0	0.340405177038718	1.24677093939747	0.317703902539733	0.0421635324422262	0.271620534304523	15.3942118405505	2.69160297546037	0.246162454149704	4.70766558195229	0.764734342449092	0.751076315098882	0.110684652456974	0.0284959507771241	0.330304451013068	0.81942795698704	0.324816705371402	1.46695176408511	0.034002073394136	0.376614576541714	0.432102559912962	1.40598579238142	4.1331982864377	0.31984343394829	0.296249849343231	0.877861682393829	1.35077840682937	0.780535030160097	2.10864067580222	0.0408492655718727	0.822734801744188	0.0319369232341844	2.24334900284975	0.0338382133876277	1.33560252844387	0.907240926636697	0.301637940733451	6.1199474652794	1.59785115264195	2.66770247449461	2.16022622549352	0.177433220204956	12.5752135843703	5.91833850286736	5.80870337024903	6.18127774308703	1.39802714517571	5.68243243580066	0.182145989529653	8.56818596048943	1.34019168770309	15.8188421161784	0.411879426229641	0.0484045799242082	0.162612669116726	0.0815160955486207	1.30347670183996	1.08823452129319	1.71872572952819	0.0533988440121573	0.92206644921497	2.60147198864259	0.134264260458166	1.01444386635529	4.48658356724302	2.45036984301635	2.2059065383393	1.27483205421137	8.92520044618496	5.22077890575837	7.68644222750736	1.02773922420623	5.46461046279895	7.32206477695761	2.53768569159254	3.82344589849936	3.38948637743961	1.08802244254173	1.40165939196131	6.89399128016226	0.382621883813702	2.80509941279695	4.72461645803874	5.31859968642489	7.80778073014006	16.5749178637343	50.7063297500671	45.317754705267
C[C>A]C	0	0	0	0	0	0	0	1	0	0	0	0	0	0	0	0	0	0	0	0	0	0.0477709908634304	0.0601335113655586	0.190562798891426	0.055821120680862	0.0336737714971388	1.01582358284493	1.05669747814015	0.0533907196728866	1.64392067606902	0.300684559856731	0.0323766726731838	0.0341003190393436	0.0288288141153478	0.0264335230412101	0.0333886383815018	0.304027108157523	0.0280747824485658	0.816218581071988	0.0351151684923501	0.031479170024383	0.2885729219857	2.73591287304828	0.306553349124965	0.0367501593978217	0.284972066605707	0.289743900411467	0.291647263693567	0.753816489189328	0.113082014126603	0.317532670996671	1.46215112681932	0.0365313897040157	0.0383632019032635	0.316792576982798	0.297451305110311	2.64815651850333	0.28675992602266	0.0409804694810343	0.0321537214930749	0.0328489262310082	0.843998440089047	5.03384618572225	6.02174283736519	0.198285349174532	1.99443821878778	1.29532063403609	1.54419495258433	15.1416247837039	7.20588257041594	2.44891334549669	6.66308071367937	0.963719299306675	0.0404523696875013	1.03373340551407	1.3841603572852	0.0426455506118576	0.0440589594003895	2.59110692327183	1.07978141460309	0.0457437589789427	0.0432054097312527	1.02913896927914	0.035430301932586	0.973896087489919	0.0453606597626247	0.258488014270093	2.13625716355922	1.1075401879991	0.0520243243900168	0.0356962205328151	0.0406251709031965	0.366022216471428	0.0382107351935357	0.0393816741352682	1.15157747591911	1.73544142280739	0.0453793868599795	3.56315647851661	4.47217546590443	0.417572354373205	4.44166059747642	0.95774184604195	0.28593940701453	51.3891123178368	0.562656617410547	0.688579234677018	1.36533049488924
C[C>A]G	0	0	0	0	0	0	0	0	0	0	0	0	0	0	0	0	0	0	2	1	0	0.0492961429360509	1.30990715541278	11.1017513157126	0.0495429261349599	0.0322488378511085	2.23078788448036	0.0313155489768291	0.294576593444195	0.325686073442934	0.28923917051941	1.33659236002083	0.299993345887471	0.0378093770246156	2.03171861892384	0.0310749215284728	0.302653579348925	0.08255988005532	0.310001209617273	1.29556860839914	0.0346767084018961	0.272289590001433	0.602946359050523	0.271883906367168	0.0344015886758036	0.030062234122668	0.0320080254951097	0.323674002385856	0.351027408613524	0.0388252637850245	0.105980286228594	0.0295527712733306	0.032689151040568	0.331209569609949	0.0312380190192841	0.0355121902369537	2.05575960483171	0.292451051369379	0.0364307422155364	0.3104569182316	0.0351760874725686	0.0309054479532581	7.37265506385666	1.9162304203047	3.32805527045876	0.225697122860734	3.55240616258016	0.223854080239804	0.0522641733480233	0.757632902391951	6.25503598035148	14.7344413850509	0.0408231534904597	0.0464134177349545	1.14552306303175	0.0923405036724125	0.0352229607396016	0.0443233848403055	0.425989969204642	1.04095075224733	0.955159532000396	0.0444905876698182	2.82157220946116	0.0391253592059097	0.0349111812032506	1.02135258549644	0.0308952392600982	0.0580074392301433	3.78503337038002	0.419636821974836	0.0418814550695234	0.0375233037685244	2.32586154151678	0.0424855773105922	0.392449573314402	0.0451011643156873	1.76130901980858	0.0429742521735075	2.27200542845517	2.06897328307447	0.0430877930711825	1.70219531597948	2.04818892951886	0.489445980996601	9.58923108244669	0.714124311164189	1.71715992531162	0.502263895912895
C[C>A]T	1	0	0	0	1	0	0	0	0	0	0	0	0	0	0	1	0	0	1	0	0	0.044365395387277	0.0538242261532518	0.784622896404426	0.0499736613684869	0.0338494578661764	2.70925025644393	0.0430348389383578	1.0835913689224	1.5363269741677	0.0282049174364269	0.792465243300461	0.769382779747615	0.0367084740583977	0.0334100851805283	0.786326328454162	0.038820885979219	0.0350050090441353	0.35322734508077	0.299587748921286	0.0298994943829207	0.0390010461915687	22.8604815857361	0.102123385773675	0.306067071905338	1.3072342084997	0.787081770449609	0.791846961717976	0.0277708542799381	0.0328780444282831	0.0346873003762526	0.0342300958878254	0.820844876795436	0.0322676770548524	0.722336573356902	0.0388447946398265	0.0297725181508551	2.50015739867754	0.030929353312419	0.032816486187887	0.327146703223089	0.851357340781146	4.05144653652667	5.93274877645606	3.35918640967467	0.505367131777649	3.52883332469364	2.83203335021004	3.61377311991171	2.39912161822106	6.29485109452356	9.57547262177887	0.0458183109065359	0.0543370790024224	1.19727998947851	0.451407784219505	0.412776830832905	1.01289260220087	0.0403531186362981	1.1104005014331	2.70049128099842	1.0093583675798	2.78255780469681	0.999883893758578	0.0463058509403385	6.5018938968057	0.703694217950845	0.497336347084647	2.77145521829586	1.13915777211142	5.34302955221469	0.947889789265706	4.16487955412955	1.13997126608862	3.46017628160113	0.451590784551179	0.966388251500037	0.0377796420186193	1.32030706376367	6.28211180795771	1.04794806307373	0.854778608250704	0.23490571798453	0.424701739321621	87.0086184487937	0.17520347689947	0.227825805285552	0.206372205330363
C[C>G]A	0	0	0	0	0	0	1	1	0	0	0	0	0	0	0	0	0	0	0	0	0	0.0609059542086366	2.23838406949029	0.780373882083644	1.19866550578624	0.694136541377028	0.0380109992107019	0.970883972593522	1.08086429246741	0.0425281312484573	0.0316576143083438	0.0301275582164685	0.30856554474752	0.288583359894119	0.300365858647563	0.304913787771185	0.0317630716494655	0.319632978604372	0.030410564530526	0.285379779741983	0.0321822323015682	1.35911560101573	0.319251931736177	0.0319079412428463	0.0272044995331085	0.720200325585434	0.0363465527754217	0.287852549014682	0.023844023785439	0.826501038824158	0.364441877443515	0.319639065239443	0.0376664812712112	0.0326842095889405	0.293593451401665	0.0351005616940114	0.230863284548561	0.296200089453218	0.03366028217889	0.771793169990469	0.038648344891356	0.331196840545099	14.1708066417473	0.200473504534971	1.23690712304758	2.34259029577232	1.36329809381002	0.0611151826324026	6.32082292226295	0.551196507384676	11.9975682301654	3.8300045261452	0.0414352224946885	0.0517131782625988	0.417154692565141	0.051177569990093	0.102521465329897	0.0368869380815058	0.037243108248179	1.10870309624308	0.0456507973297095	0.0361528691764537	0.0437701034188744	0.045707576507231	1.01328313655641	0.0410861984943742	1.84554608390316	0.490411897047748	0.115223672217517	2.91306697647807	0.0317547778646202	1.03679925769054	1.53603113589934	0.0405925030204437	0.415315775446416	0.0406060882103582	0.970143758640578	1.0031238809498	1.35808322391565	3.77171014687745	0.037264308587172	1.20909746299151	0.716270120225828	0.689657684057787	0.0458033745358424	0.271429529764558	0.253540568913627	0.412531344183473
C[C>G]C	1	0	0	0	0	0	0	0	0	0	0	0	0	0	0	0	0	1	0	0	0	0.0513156260090308	0.051639346205326	2.12884216427899	0.051303390621	0.0274623641690394	0.0499951492870887	0.0402444136870119	1.05937914684854	0.0486564850140541	0.0338611612846525	0.765858305802834	0.293577895291854	0.0354030844187563	0.279913020791337	0.314222317131334	0.298745605669707	0.301108132222672	0.0307689844483263	0.263531069008094	0.0308835431508596	0.110511325683258	0.0299463743107054	0.310920012116167	0.0333796890081098	0.0293748759808117	0.0279267119818579	0.0263528517275658	0.0347579570098785	0.0352294233599079	0.0322589148228812	0.028461095326592	0.0289613432290281	0.0329358302657733	0.28266206950207	0.0379540812051706	0.034724902365921	0.0805551419521605	0.0331575434332334	0.0308034201440423	0.034643866944332	0.855663269801971	0.0667617550186519	2.93878179760557	0.486475688160946	0.948481284556718	0.0517656582781384	0.0731772880727144	3.47832172384191	0.52034074197752	0.0480960364830981	0.0659163616539359	0.383770901184746	0.0513252170412085	1.05763393088787	0.0481689835058591	0.0353114778595778	0.0443521553786945	0.0440701605354379	1.08786654038477	0.040468441828879	0.988105379488704	0.0430506620192457	0.0395701808715694	1.72013602661836	0.0359719560327705	0.0351836200992286	0.0579410231282982	0.0379566464365729	0.0414713590494116	0.0448312154660952	0.0400418289826733	0.92724498837819	0.0389516193845595	0.975942660446516	0.0460354044820171	0.0370382876604094	1.04676243469291	0.0600116217373543	2.05604474644952	0.366984642489055	1.41206875701383	0.788478805887383	0.19547932564148	0.0460343627249391	0.214744316589374	0.143228790055748	0.176194229709632
C[C>G]G	0	0	0	0	0	0	0	0	0	0	0	2	0	0	0	0	0	0	0	0	2	0.049972540571321	0.0507790818915265	0.087607025148943	0.04729688647637	1.34543542825838	5.61690050175709	0.0424379822831151	1.07516737685998	0.0382359910444338	0.0265050835463518	0.783837186176902	0.0331271907703139	0.0336301776929647	0.335939077707644	0.305238990231642	0.0384362544773722	0.0334345709239609	0.0291101957263491	0.028067800252951	0.822890012341185	0.324811402553973	0.0378345335403432	0.0315974543387942	0.0348746860147362	0.270877271921129	0.0399792851052942	0.311774433998403	0.028274461189344	0.0316433633328144	0.0348395852096139	0.0308176474073535	0.037319366435019	0.309061646340689	0.0335241548202178	0.035404821771373	0.0282827892386409	1.17828691134224	0.326405492388474	0.270022729688097	0.0324411482387071	0.0299628077748092	7.05240665879643	0.0750054593617787	0.0576578012851678	0.984149196545468	0.0516826276493052	1.63129362060083	0.0652875701003489	5.96697054511833	0.554879122460737	1.45687179267079	0.0403037184870399	0.0439326788930172	0.0573147858210522	0.0627622917224087	0.399998795071319	0.0525067806068687	0.0369997866750358	0.0451611259853803	1.02346574311308	2.56521314222231	0.0563528301443853	0.0426598477379317	1.00435569149091	0.0415588973031783	0.25885472960369	0.493805003789906	1.02438386194726	0.450391591916644	0.0414821091037843	2.67658942236935	0.371832902031641	0.0498477006225857	1.71819989424098	0.402606958842076	0.957551904504298	0.0481391973449678	0.0628424795378695	2.07188163507798	0.0363474036618861	7.22952108910091	0.511238338009511	0.472492133471853	4.38539052130456	0.376060234856621	0.620260845607023	1.55186549142564
C[C>G]T	0	0	0	0	0	0	0	0	0	0	1	0	0	0	0	0	0	0	0	0	0	0.0522285278072402	0.0491318535148566	0.0978728374418611	1.21942019554587	0.0323813946297913	0.0428306968108736	0.0450551308167643	0.0393077718958753	1.10604567506784	0.031858376825925	0.0298740444252811	0.0378660215807636	0.0354824693647957	0.02864267558434	0.332211888116576	0.0327550051918281	0.111050863095032	0.35332018635877	0.0314815863346464	0.0330383670800482	0.0264265573477034	0.0329273803790228	0.0277105820653279	0.0293748936896667	0.0328756765885273	0.0293173617661271	0.733523865182937	0.0335374434973239	0.0346195098158431	0.029356685741474	0.0394592986321461	0.0328175437209013	0.0306079036676543	0.27146235011999	0.779327723611946	0.0349866045142852	0.285807658856814	0.329739842875166	0.032307889770766	0.0307719376483689	0.880654426694515	0.642706052421228	0.101367657139448	1.29601966378713	0.0989428034817211	0.0544626632129305	0.13168061383783	3.57471196936481	0.108896260840782	0.0632758760096327	0.0574866449803496	0.383366674582138	0.043941165311942	0.0486087079578589	0.0509765930509153	0.0453648421271741	0.0414647500725248	0.0417929836351183	0.0438256864979451	0.0428086721967477	0.038531090507617	0.0449106600864538	0.040170558133868	0.0396131830852336	0.0374899209850395	0.264486593828279	0.495742958377819	0.0497366389656742	0.402709689515084	0.0353177471076458	0.0432564729902634	0.360916750566713	0.0418952624032694	0.0431670343114813	0.405470456277891	3.43702504366544	1.10975203898756	0.064652451281069	5.20330388709975	0.380659816934024	1.47252655467671	0.45423815161902	0.448712169377719	1.16149215941279	0.262732506781274	0.458997919526954	0.460229312129594
C[C>T]A	0	0	0	0	1	0	0	0	0	1	1	0	0	0	0	0	0	0	0	0	0	1.50299239589197	4.57680545282292	3.56805586651737	0.0509081550523194	0.522181098017771	1.04727706577859	0.037431911950822	1.00928095236227	0.340772874813328	104.14222569408	115.329972548781	97.955024763093	57.7449441241876	114.703373861527	56.6422306700217	97.369124991821	58.7847188430192	61.8840714625594	148.5880383148	76.959270915606	161.067201470432	75.4045972898926	84.8971741937337	84.5651858589169	193.126396020571	116.369620835508	94.4418156073031	75.0066110277856	73.244320400457	72.665397715426	66.9854226246867	51.5305127821112	30.277242831121	127.778304620209	59.8858880008576	107.458401113701	475.854291654923	68.7400238993502	211.774082453066	89.7069310169198	90.3013030454527	3.38338301827862	0.740480421550715	13.6964999159016	7.81624162570617	0.849826160060188	4.06790692100595	11.9609376061185	0.841919994097551	15.5373990228733	0.469822996209452	24.7993630107381	1.11215872416416	1.99415708976458	0.793296884548601	0.49130546080804	1.07739732801477	0.251705871520179	0.518281197504461	0.983499523203562	0.0380971582566124	2.67314818986853	2.85141105889391	2.57902403155261	8.67439156302561	0.967487663602287	0.0431705846858277	0.0780207112519547	6.68834196115045	2.86848799375127	12.6885276007067	7.11761661166485	2.940414116101	0.0865265337734534	0.13779835285408	0.516923884779503	18.7897966979774	19.8721413624382	100.703111745399	31.1758875330543	2.35533602343942	1.2008280523444	0.461993412052248	5.40402320026079	0.399169623313458	0.966770008003647	0.539697848977392
C[C>T]C	0	0	0	0	0	0	0	1	0	1	1	0	1	0	0	0	0	0	0	0	0	4.49019137241371	3.40759566065906	0.362151931519677	0.0428390897066718	0.0342520864467364	0.0364904016889715	0.04291185532385	2.67902531331751	0.0448884645527788	181.791382108006	137.996454813016	137.873021389593	77.9742105113974	134.445228359267	126.669853981613	125.848400541072	100.839789890273	94.8064193002479	186.922112143377	100.989143224504	192.492309859962	127.341622053171	125.176539639394	125.392260131325	240.98109457133	141.61967817936	101.630885817844	115.178185144142	83.1292726439257	66.1926732945027	96.1581887471835	94.3943194663587	41.5340795514931	155.461157948297	92.5549856878778	123.323736307547	649.028496987608	65.7031142917495	157.20764402645	77.7347013329662	59.1770015741995	7.46426976977684	4.28630943277222	8.60752857490284	5.36271863614741	7.45561042374484	1.69430327638084	3.57128636464765	4.61176379439877	2.46444065426105	0.784218351041594	40.3092193991356	1.19882353339878	0.0434422613074956	0.0571882375372241	3.59650722945539	2.665814515343	0.0445749328462516	2.90302158643869	0.0405012733476417	1.03429111900794	2.76961483236	2.65658860353164	0.969938365633949	0.930096572653543	0.280481995665332	0.0570081914002265	1.05664366708034	0.451336878309692	0.977646101366548	0.245692639689367	3.4051184066609	2.98851396566713	0.422890760834457	0.471267121400832	0.408751483025957	13.6131333075365	15.2686219426805	85.0268122210008	23.2849131257046	2.87446767133975	2.08815841344199	0.466975274226642	3.21802571788942	0.992755691330397	0.664334511013507	0.382347476663006
C[C>T]G	1	0	0	0	0	0	0	0	0	0	0	2	0	0	0	0	1	0	0	0	0	0.0517599648846946	2.29265966677015	0.723728728208984	0.873388537379655	0.0279536199013292	0.0408830674629401	0.989612302885011	1.24342076629575	1.5188792953085	116.822744766159	90.4668837173369	96.8533243306748	62.3053521217243	102.715001477468	50.7929070070486	71.0725410934229	62.6179249823537	68.0414169203271	119.326888939715	66.8942820499431	129.557612836155	57.1672208124137	109.440145162389	95.1929242784236	140.445563965991	90.7388080932344	98.4238084447017	72.3138760904356	46.9191086089714	49.2014841055644	55.5390390593217	57.3448455845119	32.1554940700823	92.066701208078	55.0984703659786	63.9951297745092	372.490493267722	45.2875356167	177.536240313906	90.4012818224827	67.208633788036	7.08690466122584	5.95186472417581	1.2775015461708	13.5401992204939	1.32211668027346	2.79131700482403	10.6057489322554	14.4689143000492	0.580717948094226	0.166853676873983	37.6580265898207	0.40014033724359	0.0492957532065711	0.495064597444086	0.406356164778289	0.047707628305703	4.64149417575437	0.0497886433657302	1.02851951546216	2.6014977048225	0.992150907338386	1.04104203485388	0.0378963482579465	0.686357726906028	1.20209310020842	0.0559490762874339	1.02154892836225	1.99076222640311	2.49460411084733	4.56223106655852	4.18503305846777	1.10911243864308	0.953259498499772	0.0471155407350279	3.43833988336535	3.68346345570297	3.59068651736549	43.4725325638157	20.4544365590088	3.04511096855583	1.08580952382209	0.589567623785803	1.27620345307522	0.515868581688449	1.30137234150573	0.383370006974351
C[C>T]T	0	0	0	1	0	0	0	0	0	0	1	2	0	0	0	1	0	0	1	0	0	2.14900937460379	1.30909162192274	0.209177829830952	1.33674120881109	1.30146509738764	0.176719392880561	0.0821628214598759	7.02021715442998	2.48491658921118	126.343570497207	92.6238920407136	123.17591793605	40.8852950728606	114.981358524018	86.9506435172082	85.9258671469635	72.5041807063724	73.3892842499535	141.81198989592	67.3124433679394	166.481509812019	113.623414086745	103.711902078871	125.994544233228	183.468685887973	126.789283499762	103.480850696047	88.2578529604179	75.5892438867989	61.8130285672918	73.1415899411331	60.6489084545598	34.2536572996229	119.688017106546	85.7451870337644	108.265983663216	504.508094084002	62.4839637484013	178.646803365148	94.9870787349754	79.2161258333632	0.182876169053073	0.958993719169207	7.99003206629319	1.17735518757626	0.0616798059370066	0.164551964045147	6.16944706668599	0.153936524816522	4.86419249045818	0.788284016507802	52.1201012855442	1.17668700407278	2.97364472151085	0.0870893626709743	6.77114461726547	0.492751660964575	5.70885133939081	2.83140069296796	1.01488191099093	4.47420043464922	0.0448914588481224	0.0446198544615811	0.263701330134156	0.0407416971312485	0.0299435891059181	1.28329406791581	1.0378831189534	6.44866354640969	5.59002654327615	2.69127550883898	3.20633239017536	1.10079387898508	2.49792224934762	1.96646901363347	1.83085768286313	11.97669645876	13.4029423008202	92.4725647371661	18.4839115873753	1.66261032291539	2.884297189284	2.19301584243033	3.10258846329642	6.97282605863852	11.5847134466513	55.8797702797016
C[T>A]A	0	3	2	0	0	1	0	0	2	0	3	0	3	1	0	1	0	1	1	0	2	39.4483596732064	8.65554238279067	5.15291687506692	3.05636469226876	177.083996166769	25.3716491304096	6.72063218624173	7.08603174182983	5.82508503153704	3.49261107269282	0.299325869367149	2.0379341193066	0.800026721424578	2.73235190883806	1.36553879822078	2.8279871752097	0.327934618208653	4.44431031907848	0.764625799436225	2.07841910635276	5.08194669904364	0.323961135928932	0.290803644511602	2.78959907255784	4.13589673102137	1.31962914359654	5.21855195506698	2.02924811585388	53.6704236080983	0.749477074918345	0.305725756028208	0.814608367914135	0.0342491902208892	0.789876368442851	0.829380095667148	2.13090864643333	7.86319799470299	0.322026090962442	7.86088286975218	4.50938831179167	11.3075073585505	0.126069606936496	0.634816807932216	1.24877690048986	0.0992878295686751	6.13972281200932	1.59506426902717	1.33100140370151	3.40656462335904	1.39689925041618	1.45651836309928	6.55667129683583	4.98802392360533	10.1146663800482	1.48186579875896	7.85696944288798	14.2305987228738	17.3742896649921	0.813871703710478	1.24744762897819	12.4858211953714	3.90630433777337	9.37960933844528	21.8161722705692	22.5941601084977	292.318209173675	11.0368930879534	12.9079810360866	9.48316044861979	40.1942115089589	11.2962102898431	26.3676541547205	12.3211821137084	16.5374022186985	7.81273267312492	15.4302607774659	2.89183140512766	0.0577350328117385	7.09646176048185	0.0438940078797722	1.78685819903622	3.55136427103634	1.29834847472496	1.1574222543693	0.398353317646735	2.43768084034708	0.382309656573342
C[T>A]C	0	0	0	0	0	0	0	0	1	0	0	0	0	0	0	0	0	0	0	0	0	2.2034274117674	2.22898947193661	0.205596014331558	2.12993987854772	52.2073173766161	2.67867543504641	5.70572106900118	1.08266035198561	17.1172478823737	0.713505662342654	0.835097963701354	1.34489887815293	0.329453519573331	0.407431534330949	1.38501453304703	0.0364105663086461	0.797052936053569	1.43870350974459	2.66799673801782	0.317911779566717	4.34855400262172	0.0501932114233933	0.125997964687122	0.765133695839512	0.0276744758430486	0.73746158454824	0.301508327545138	0.0281371774086373	25.4197654357927	1.42672676580278	0.0260665428120305	0.0325277835551907	0.0351505142329004	0.0396004464453678	0.0312834885046661	0.311600496348449	3.84845619260239	0.0352877559172319	4.28122339196087	0.78849301686868	2.24491177352936	1.57437067404025	0.150509630882017	0.0540490582450769	2.35404892973458	3.62567529624567	1.13344893064574	1.38234009957189	7.92426509858286	1.30893057612273	6.7237128059338	3.4034095498987	1.11279405737265	0.582334558978386	1.24937218249032	5.78478627013356	2.83779380841182	7.90213883766153	2.95125198392428	5.59378436460972	0.990522801292679	8.11060413293779	4.62728609868535	2.63075567660533	0.993418487241361	52.0917547172105	2.15985501897692	8.05208389031754	0.41754082820336	10.8415832318272	0.961890884012429	14.6796257464813	7.23890599053494	5.34813205282483	1.17124527864459	6.81204945815062	0.0463906857017363	1.34592709312281	2.81387553173944	0.044197853598689	5.47309023611285	1.41142571700326	0.460991140767357	1.17543648875119	0.357131275665651	1.09699513461347	1.04553163240798
C[T>A]G	1	0	1	0	1	0	0	0	0	0	0	1	0	0	0	0	0	0	0	1	1	18.6224893131175	5.77879798888493	7.55095703296354	0.0483659623405443	185.865584911924	12.3826310685735	8.92089652335155	1.06358484274062	13.1462074756998	2.67986363461014	0.284059866605043	1.93409695458369	0.320819128713278	2.80643815481651	2.06022004101043	0.284500435120798	1.32584830715966	0.140713392609083	3.43045743313654	0.843789412867177	6.5561448539208	0.0282515910975068	0.332005390262935	2.07158496399991	5.62409054731711	2.7001395088432	2.03542133565732	0.285657759657314	82.5591544824148	1.44684271789135	1.48627551057914	0.036163669005089	0.0292160815635313	2.68593228108072	0.333357176025563	0.295203334678424	15.8935224541528	2.19709561784874	9.61577073618745	2.89447673669108	4.70270824001596	4.05171788559166	0.665177454232904	3.37783823664129	2.27061905581059	0.0538260243393663	0.641812263880738	1.39546519068464	1.32660548718197	0.0670593721622007	1.46193547198381	3.58966110652563	0.739156211153314	6.33208653975583	2.24501607130957	13.8633419284663	7.14505064049059	4.43535951829692	2.77908286244088	7.72533533862397	9.04915988805157	3.78450376186329	6.98708712004211	2.63498325847235	6.47751396820983	275.157606597595	3.20152637852981	17.6840039317841	5.13342880219545	7.75547916722929	4.60651423113263	15.9015678533986	4.92797277359419	24.229309900782	4.04830502023919	4.70757933224439	0.0419939044475071	0.481775110608456	0.323922341681026	0.413739061052609	2.96961766502835	0.330790191957066	0.592413430929299	8.12260838642442	0.580185952752745	1.77038273181393	6.98444175427782
C[T>A]T	0	3	0	0	2	0	1	0	3	0	1	2	3	1	0	1	0	0	1	0	1	5.54215195592814	9.8871641687413	3.66485210715051	0.485274597471915	300.142718758245	6.87884541959297	7.84586002374011	9.55301244841465	11.9278138894593	0.798675263383296	0.289048300879859	4.1495907105619	0.318427634930559	4.37057807406607	0.317539676181945	2.88764985972102	1.40985993720637	0.284510471042126	3.39396637112957	1.48060145564333	4.71321703561995	1.47758169317539	0.800366670584795	1.9728381679127	9.13469783702968	1.37127711674699	2.70665068035018	0.158713059030958	71.7459873132929	0.801321897174701	0.313583195663049	0.319842466164106	0.0424706674435224	1.34237726424471	2.14133674493733	0.804733895815546	16.9163823039069	2.21488839078568	4.19195856235835	0.830940758005181	3.05766269723572	4.07401397502364	4.68725592285649	3.33498905194906	0.169058995928464	0.0538641981169476	0.22218529921118	0.0516883336848701	0.627898239687246	7.63221656868568	1.44278705762623	13.5649464574562	11.5006573642173	21.9878149618001	3.35248555306587	17.2281719292671	49.6183754045057	26.2956009851086	12.0401723004546	6.5024933607279	26.5555453171635	21.9788809396133	11.6422945605246	20.9168896511984	25.3624674242236	528.973133450096	12.5152875994759	9.40648108411372	24.8003748798069	33.9839984435041	31.9954454550751	32.3857871428804	8.72765808269173	24.2925179954478	22.0579288132777	19.1523829045955	0.402817680387895	2.43840804462189	0.826648652379028	0.996817065647758	1.2792073815442	0.52339767444098	0.311935777184019	4.56315773774635	0.631808861346535	2.71010102570908	0.485047602151981
C[T>C]A	1	2	1	1	0	1	0	0	7	1	1	3	2	1	0	4	0	1	3	0	1	3.19817783458228	2.24231600620168	0.278638557796175	0.0456131079338875	1.82708483265876	3.41708762995603	2.56291652724921	2.72726222668977	2.83035674831947	1.33269124112591	0.0638063534442434	0.0344887500751815	0.279531993050276	1.33047154025101	0.770699897413519	0.77100569300521	0.0316054819083683	0.817557015580331	0.392744848774859	0.110076212496668	1.98166578277491	6.36865817933122	0.101370136635035	0.316665705529769	0.242016897036444	0.835868396159492	1.31118179610084	0.148244046495531	16.1933925847197	0.803591649200315	2.12184190019037	0.037142587345328	0.327650360561897	1.96146170573265	0.8499376465371	0.823730355195319	1.84747954915914	2.92623114406685	0.763944032486128	0.03192134743924	2.15479918293194	0.108302671290876	0.898459925461919	1.23641263724317	0.200165313942084	0.0540510753594563	23.9895077702411	1.31932829036302	0.0780553704470902	3.56055246703265	2.64917742915237	2.58793288223453	2.00281140031982	0.430898550360218	0.525861907025301	1.02058399375829	1.84285118585732	1.91710644483092	1.06082702737321	0.0450411296213378	0.0455300637634152	4.09841644312168	1.03196308794116	0.0368127056104887	2.51239910685034	3.90326943026458	1.23216336901252	4.6805310180028	1.94048363890444	2.49096676672053	0.0397408846230163	3.75979389561702	0.0426508472674795	0.436537517304372	1.96514640556116	0.965028958853762	4.94620668636704	0.0534791862910424	25.1766328941998	5.6129943656805	1.91217921698986	2.2638282144298	0.273568868835573	3.1983277292169	0.482738167296626	0.84651534502249	0.613840528102557
C[T>C]C	0	0	0	1	1	0	0	1	0	1	1	0	1	0	0	0	0	0	0	0	2	7.52784598785449	2.26219148883572	3.32272420805672	0.0538097400180718	9.02717625424175	0.154742934194268	2.58701865950365	2.82632467666826	9.39387540902562	0.748132907668327	0.728563646079512	0.0312512667157274	0.866524737563791	0.299350696430661	0.128988786937582	0.780474375983103	0.329046096201662	0.303474674838856	0.901309432679309	0.315326788029906	0.297987510587416	4.29318732552658	0.33750484635782	0.721280483191349	0.281121121703878	0.800419205480611	1.33255260104839	0.0318622295634744	4.65707331126509	1.45366208752741	0.792085088837334	0.326214631793757	0.0287045111094295	0.782437628712845	0.0271464041990406	0.130850794664265	3.78274077097903	0.336901118363493	0.340927069519217	0.334080312174137	0.357427438632954	5.53040045497994	0.107309742491095	1.22421500387528	0.997651555490701	6.1696443937378	0.225795251810114	1.30701849466308	0.327069266787141	0.0583006113920077	2.53248933703445	3.44959128036414	1.15556655127633	1.9292388981957	0.474146417661793	7.45774005446502	2.75205311173763	0.0375430456021805	2.90999485465633	5.53283747128744	0.977601030817347	1.96045581940219	1.04178075424848	6.37186686318235	0.0413917115528086	20.9506833209815	4.57239982920346	2.18008240841671	7.54700674390298	8.37048464640977	2.55672939747256	13.7692817973355	1.13390592698296	7.4786711914686	4.10416258548715	7.58107795982351	0.0366944359991297	0.0566945902945005	1.92852785755379	1.07795403357831	2.44778776904826	0.821109848644746	0.451965488268378	10.2222703866413	1.07062425374585	0.2465938601531	0.457231505573649
C[T>C]G	0	0	0	0	0	1	0	0	1	1	0	1	0	0	3	0	0	0	0	1	2	10.9138375360246	0.482699544187481	0.438688664743121	1.25023574969667	3.88119062891504	0.947987874914505	0.0440519517468062	2.85011209582424	7.27341344920693	0.0306676803040478	0.737198440514445	0.286814038258082	0.142148637927654	0.0310316659925122	1.34931539016553	1.34774996987765	0.0273326291534463	0.0344241481296876	1.33160109384326	0.297653021427348	1.94928583083764	4.1078310269704	0.408267628546827	0.282013389486502	1.87751437599337	0.290949417986201	0.0329956123933708	0.0285495280091753	9.28175085310919	0.83704202212676	0.0338781389281048	0.0377756213809928	0.0342998119184809	0.321879256617974	0.830886474679261	0.750051275971042	5.53985881805699	0.0362549210904671	2.17968568257438	0.327166323518584	0.329834547037191	1.51238709868386	0.62152028913993	1.22824953303537	0.224817918193226	1.31591531549024	2.92751207804682	1.36955174813755	4.61434619067604	1.4074322390653	1.46772271971464	1.70826970120476	0.0527435220172016	0.0482338840977414	0.049032893444013	0.448206351135895	0.0329721821346148	3.60749616925439	1.19367442266668	1.0074658545238	0.0427632966194437	0.0417871927073035	0.0473784552165634	0.958826088905249	0.888737551876777	3.82938159699289	0.458949519945199	0.0477534400713324	3.03488158014704	3.51545393958707	6.69721294344567	6.0225187740096	0.0499311630629032	3.45276864199054	0.411309645109496	2.55591961318593	1.05865863364212	0.0518150856493389	1.22046241412818	0.0345979097628721	6.51551204611495	0.330884634431325	0.513163349246639	0.0488067614769184	0.594919282105428	2.81111636319321	4.87032299723843
C[T>C]T	0	0	0	0	0	0	0	0	0	1	1	2	0	0	1	4	1	1	0	2	0	5.63079180794914	3.34659040581936	5.2679549633286	10.7587854536156	6.42141847932433	1.25103673525239	7.89125291960293	9.43692338041089	5.00690970898224	0.675328414014148	1.31930691499709	0.317200275828761	0.36748587196883	0.0317024833023696	0.0318967603313474	0.694739780914338	0.310201897262175	0.798196968799587	0.306160512960676	1.39675352798631	3.76396358620815	11.4248269412041	0.281228238961611	2.74149100880642	0.592028160777817	0.291643922813606	0.302590861467767	0.0302567188719184	15.1621301583365	0.330206377692896	2.13397647998628	0.040882900431909	0.0316191926025565	0.315495996228459	1.48254649911798	0.304702189312107	3.79571851266501	0.0293569413278675	2.81495012603446	2.10337828785569	3.01733240234658	12.4943640331538	3.07771222541698	1.26714727118273	1.63715306320449	3.5747839677907	2.07439678607105	3.65379547816338	0.695658151177497	0.0563549000040965	0.0780109836977892	1.7479419356337	7.61424631591611	5.0133855194843	2.30015651053848	2.65386117856078	2.76714330110569	7.91192023040885	12.0684126204675	5.7047549219001	18.5362550149534	4.84889090294276	4.8562702675491	11.1672862676437	10.7499779390272	19.1244150238984	2.18424630440491	0.893204902185866	2.92562455681034	6.33372502882253	4.60598321220387	15.6520605412216	1.13171904158725	0.340686229420047	0.578749457662446	5.3100212451853	0.951010300226959	5.00776351551746	5.33534727434918	2.67062547336749	10.1904408317768	0.27630790669697	0.737730649206426	19.5872246208751	0.702753685106455	4.65801936999447	5.66658299012632
C[T>G]A	0	2	0	0	0	1	0	0	0	0	0	0	1	0	0	0	0	0	0	0	0	1.24043006910456	0.0635657121829516	0.134727249610395	0.0446086148210726	0.713007797074241	0.0470151413336078	1.00430276660015	1.02125104876117	0.0457775154903648	0.733473322010724	0.293319221745244	0.298359227868952	0.0385776076596268	0.0303335767469207	0.0361763532345492	0.0320127504618186	0.317909712402826	0.317905901149416	0.735239580876795	0.0360148385325972	0.302555960028692	0.712417539650469	0.740715958280355	0.0349260757976269	0.3151766119647	0.0269646739236022	0.317309624560243	0.743156044718615	0.034450120385363	0.033352516978939	0.0303527083647264	0.28564231308453	0.0357071872278095	0.297592504203847	0.0272931946965313	0.0303581556542284	0.684928740891126	0.0345042169649441	0.0317835300172138	0.31519078957611	0.809679392434942	1.56081369235845	1.59722547291047	0.0436555660073756	0.143937460548185	0.0581103076970085	0.0704614860601452	1.3818081635562	0.0513852452339411	3.7379614262755	0.546378047338675	0.980921302421226	0.0531224451932362	0.0528335719079386	0.542730288279792	0.424611139188166	1.89088124490443	0.397557884716087	2.84949258943432	0.0372119384563927	1.00419968849961	0.0413848956804255	1.06294169006245	0.984186465970874	0.039655211780798	3.85377731083068	0.0438084295479314	0.0359301803418713	0.424989718901355	2.36999920021876	0.0395074936785618	0.362759524764371	0.0420743662677038	0.98802960515707	0.446893775263587	2.38233604294458	0.0438171926128326	0.0379469917372805	0.809977455080742	0.390760536821674	2.04692459948581	0.524445989563704	0.503417455891738	0.0495653675076368	0.868519215949206	0.584134977037973	0.628588998566075
C[T>G]C	0	0	0	0	0	0	0	0	0	0	0	0	0	0	0	0	0	0	0	0	0	0.0547720584383858	0.0542540396943701	1.67832346583467	1.20206310597543	1.37144226725237	0.0370253722668961	0.0418171884747433	0.0433628954677844	0.0388643392404567	0.267167774515115	0.295592849823938	0.030566135566765	0.329538606372629	0.0326881497031948	0.036225232468183	0.28105154826376	0.0303018621035876	0.297486174052059	0.713203051574147	0.0371244539045317	0.484759417291649	4.44400641678516	0.294595371481068	0.0264337441198665	0.276081753695553	0.0360890665810883	0.0302945180930804	0.307944304848126	0.034147004499408	0.0310977331809122	0.0376782678160816	0.03550969418824	0.0377740315852503	0.279011595435971	0.325201510712073	0.0287544799541941	0.284183893161132	0.320474565086527	0.755663534350992	0.0327970031789168	0.855206803581656	1.6118606804338	0.104266739188833	0.168216390258477	0.300250810781786	0.0563056384780361	0.0602899530080628	1.29043984860075	0.0705477634446555	0.0494561614170476	0.570169333009288	0.388250721259234	0.0388347620486986	0.0466611449516685	0.0501761534707357	0.0410551185127336	1.13730934542839	0.339959610261573	2.82861985989593	1.01541924060278	0.047100383588933	0.0391121594279564	0.0384684712937998	0.0378897279657285	0.964497544005778	0.0305925595215701	0.0537004152250229	0.0384056440087085	1.09248347819334	0.971340195364457	0.0402945311452733	2.39696023411455	0.0457515980428764	0.342918963236557	0.0441565386388551	0.375386109800332	1.08043621608958	0.0489733146430345	1.40157642436291	0.0474631320254859	2.98694180046924	0.55513945205748	0.422439686297496	0.0521545970055199	0.174074086730447	0.666791407704358	0.294029140019774
C[T>G]G	0	0	0	0	0	0	0	0	0	1	0	0	1	0	0	1	0	0	2	0	1	3.16992997712075	0.509792101217624	12.6287668529742	0.05186953275297	9.08990089223272	0.981846644104858	0.992163433194504	0.0479632397260995	0.0491638103589382	0.033667754107992	0.29133076730478	0.7742349236432	1.47211344911103	0.02985473103021	0.0285939863751816	0.0315606052162557	0.345282432112448	0.0376820827944636	0.0278646585831031	0.31783062552505	1.98037145121135	4.72460317926364	0.827178235743017	1.32973372242097	0.268928654076971	0.291658369888513	0.0317684967551988	0.273740270400767	0.813210498450856	0.0388583190574811	0.815897384857198	0.0338970877606842	0.315413083389573	0.303157952333065	2.04004226129554	0.285589036337957	1.2455067067233	0.324061715228397	1.95005189433082	0.301793260180176	0.0362074078253301	1.58533507348585	3.08077424037139	3.34350967034813	0.948302485087499	0.0525557155994329	0.0678185280870451	3.68783423351258	4.69965119759647	1.38673038186731	1.41690000992639	1.70661591863916	0.473645484128395	0.427140478534092	0.0456358111425659	0.365650908054654	0.0437248662351093	0.429069041343333	0.0444848130463036	1.01803095729567	0.0432723523581754	0.041497230094543	0.0392639933469396	2.656846016131	4.46997922487523	6.97924671828906	0.543577225808442	1.84933908365734	1.98667866673941	0.0369487592259359	0.0444702475530043	3.13227655148343	1.06995194634446	1.70513745510686	0.443850836261568	2.65553556935873	1.04825717320562	3.57599937114931	0.296695337933931	0.046876307143536	1.83972068077944	0.84972749985016	0.21738946977733	0.0618713900716079	0.374663319126475	1.19943501413177	0.148762676495309
C[T>G]T	0	1	1	0	2	0	1	0	0	2	0	1	1	1	3	2	0	2	1	1	1	0.0538126394995896	0.498533350830872	2.38698428415482	1.26059729501646	0.701448919422088	0.0436327938007185	0.0439731436487364	1.05497163957498	1.40019147502084	0.264367250050411	0.0305979497818864	0.0307921887463834	0.029494621760028	0.0346623201975461	0.321891596957428	1.30091750348679	1.46009413334315	0.0275462589866825	0.0361406459052964	0.272881035581212	1.32666858549477	13.7437173945656	0.30172444068601	0.0337788214737113	1.26465816008128	0.0319369557435295	1.38311384530907	0.035917784292634	0.0319602901992497	0.0351526269477051	0.320655559145968	0.80517113857421	0.0375115190781557	0.0340821923722229	0.843014317284436	0.286156187128419	1.77079942615599	0.0290209155411884	0.740393495573627	0.805416968757522	3.03634150137194	2.90384727897691	2.92662666427655	0.0484902150947291	0.272942337509391	1.42060085868097	1.15634422267513	1.34770302069936	0.0727763323616058	3.43590792843535	1.45156678025208	0.896880412040786	0.431686123169357	0.0381736729471724	0.511460445056248	2.61386677584807	0.0505084582381952	0.392825088836621	0.0355063072337655	0.0413578789204055	4.71039674898564	0.136803933258838	0.0427186875994641	0.98602378752973	6.41245708302242	0.265184134685205	0.452078573338809	4.6638880613323	1.09268270592128	2.46826672790774	4.68522743321901	6.20430376486002	1.13779749168614	6.36735951871766	4.16443921977916	5.46071858733226	0.040955319516363	0.0546176847255652	3.66043640860248	0.392373868879828	3.01142608707529	0.430683529550137	0.388410520135583	0.0484400519991835	0.433336662974047	0.331933268970297	1.1013817887155
G[C>A]A	0	0	0	0	1	0	0	0	0	0	0	2	2	0	1	0	0	0	0	0	0	11.0077124514786	0.155068857400411	0.355940959453014	0.76900908588825	2.01689202402564	3.50287216763235	2.60410088342562	4.88782735645995	11.9302453373349	1.35311532415846	0.293371078168787	0.0309803123197062	0.0321140447178479	0.300434147889126	1.36828635479575	0.301754792450715	0.723548791311727	0.0281652721802505	2.65724516629381	0.0318102839999028	0.0767183727963272	5.23594325698838	0.782802898567156	1.21689128089388	1.95009955088705	0.0645742814562879	0.813485393586432	0.549902881111141	0.0384409879200452	0.823581139539239	0.0350800573514117	0.0330717741538357	0.214850443815559	2.80761288255692	0.0392329215104756	0.0313441397535091	1.1045056371341	0.312276241215043	0.335599260713698	1.64131128360524	1.46352781114759	2.13499347870411	4.44178959204669	4.83395196616366	0.411153050451659	6.35478341828101	4.17439353514057	0.194405443551995	14.2496028210549	5.84365024689574	9.67304197901329	0.366296182523764	1.11706962782556	0.426494626414932	2.19585158993551	1.77557088972193	0.156305385748389	5.02152328336615	0.0461951983147063	0.613743753890806	0.963522408409958	4.68228598569443	0.0450432593866286	0.0441082800408831	0.187156253900512	0.646453980769647	0.0528691251023769	0.0445983580302146	2.83607330276349	7.42642859213298	1.38272792137991	0.227974073416473	0.0425524158037508	1.70345373903915	1.197318854837	1.50771662839658	0.0445033056884112	0.0581371446312955	0.814179427936604	0.414171775567176	2.55978859329109	0.7906322562623	0.634294624945152	1.21182080009421	0.577631351540122	0.419856774060429	0.245974630998781
G[C>A]C	0	0	0	0	0	0	0	0	0	0	0	0	0	0	0	0	0	0	0	0	0	0.0558463038648168	0.530951768110566	9.51820667161057	0.0485455983478007	0.274534375704778	0.0407553598225958	0.0447289339744607	1.10089685181234	0.0568283694093229	0.308123698309904	0.292009538995477	0.294842297124196	0.0338995825933686	0.30356054397955	0.0327006855842838	0.282946998270441	0.0318848854628384	0.307704574451485	0.268074513872318	0.0336763687017561	0.285085896944505	1.0616352715638	0.0328850713927976	0.296094840103589	0.280988440420441	0.288122895695983	0.0329929043149503	0.0362300562157348	0.32770026384737	0.310870050314773	0.0323715200589589	0.0381254089412635	0.0363042267687351	0.313014799494668	0.0343084843496923	0.32855823262626	0.0280409725775517	0.328008863728276	0.0365702938663156	1.45285388702371	0.0284268926001098	2.79176203141483	2.9338465815085	1.24416852243581	6.10949833855551	0.0485080254089673	1.55969140022055	3.45810890084803	1.32348435895685	7.58265400595081	6.45516258051355	1.7562305221888	0.0408590496249855	0.0428246148345506	0.0608980015719376	1.05431494427345	0.0423454049554228	0.0476054284867291	0.045038211153081	0.0456536274069648	2.60322053717732	1.04168351312192	1.0262972633805	0.0375426051679663	0.941856883498319	0.255190792173569	0.489627315811645	0.0382250688180367	0.0468746780743729	0.0469802874862818	0.995591527479147	0.127867555164143	1.10914513945779	0.385136043352221	0.139870269976946	1.01223917578345	0.0525709413835449	0.0694682760094396	0.0391742175893006	0.0380475846880217	1.16506519991462	0.215784124199547	0.324705981361093	20.7852009517903	0.475066826579628	0.130350209769335	0.2484598041195
G[C>A]G	0	1	0	1	0	0	0	0	0	0	0	0	0	0	0	0	0	0	0	0	0	2.15142715807723	1.30850035457153	0.148998035667945	0.0453537669881364	0.026737304516187	2.62677839403911	0.0362133379345324	0.0425401559322562	0.0536560310067623	0.0373981148129926	0.31926834704283	0.0335353837310873	0.0346637676511273	0.766780098943459	0.0321647079539795	0.0333440442637595	0.0319044371182222	0.0311451636912152	0.032201774873586	0.290385912687097	0.315294986540442	1.48790961461162	0.0301760162377202	0.0302699411643917	0.0330890107726488	0.0338206503434019	0.0375079750493732	0.0314777608862339	0.0325976241120675	0.0313898602871815	0.0389631464965831	0.0346110056835395	0.0387516257220566	0.290040315834804	0.0418513958060746	0.033205465338562	1.80387630814375	0.321834450378456	0.778253626332787	0.0273397561528207	0.0346842980513167	0.156989362884171	4.19065158634321	3.29357874059242	0.156261223173062	1.32892068545037	0.613794083739066	1.37859805686055	2.27846611783359	0.05958984838078	1.5453374215168	0.040926964728044	1.14764337632233	0.0434098416349804	0.0447183793868349	0.0402139172717068	1.02947513749258	0.420489251006116	0.0439485854159443	0.038612578533818	0.0398890368130707	0.0472299245895414	1.02325209714639	0.0421043499601486	0.0453951429692777	0.0332922615442135	0.0502215084619913	0.0442006636118868	1.09026811742817	0.0421581906264988	0.0388016403551736	0.214251380578551	0.0492451965698289	0.0806227896537917	1.08605474946257	2.47910784804409	0.0423268630937762	0.0598720414900974	0.768974667782176	0.0463812680406809	2.02450566940589	0.353025007954138	0.27244632934298	0.0501500395589539	1.44221639972268	0.300035174794664	2.24382492036847
G[C>A]T	1	0	0	1	1	0	0	0	0	0	0	0	0	0	0	1	0	0	1	1	1	1.321415366474	0.0477555140425922	0.494614819888994	0.050498457979227	0.0304363687227551	2.65106744660722	0.0495808584596601	2.83029599011728	0.381236989596902	0.304878045511646	0.0340123615021133	0.109709818932973	0.303219849290308	0.314036477756206	0.035005625478643	0.813157277204365	0.0332778429766663	0.0366809464118832	1.98943007434321	0.315536371609957	0.130610272934806	0.323560597736076	0.286579561824967	0.0377184927565248	1.36195802745193	0.299616417481693	0.0347175876835542	0.2968388024444	0.778483371151724	0.312133936816547	0.0996565875575952	0.32118662701431	0.0437733769395344	0.289956302037633	0.0359426347283554	1.31049277414839	0.549017632929192	0.31237541745362	0.885105091786723	0.29896889818812	0.880664381138287	2.82513714114456	0.307537096159759	8.66547755800368	0.185015444454686	1.33790861048137	0.485722921276609	6.24307458326394	5.9735696813739	6.44326245796768	2.61177690396925	2.6053522498626	0.0447420118534922	0.0418500490669091	0.0487731258742056	1.05329470212191	1.06372647347828	2.63267205168572	0.0520553856419175	0.0333735079556154	0.958792572556089	0.0370017451055032	2.80186004878505	0.335354772948817	0.040882211972959	0.690005241723498	0.0558230339433944	0.0423306243088705	0.432609123131797	0.0401602264512902	0.0476677684955862	1.61363996609908	1.16814069963654	0.0297282946529874	0.40045100896586	0.37278574605049	1.06736705287275	0.0499029128298029	0.299607869175041	1.05050402107964	1.41881109978809	0.626266796939499	0.280018550296692	10.7034690980786	0.595263244197627	0.808320449557368	0.386181212439685
G[C>G]A	0	0	0	0	0	0	0	0	1	2	0	0	0	0	1	0	0	1	0	1	0	0.0436781798895801	0.50269334112792	0.0720641401894763	0.0437923010088849	0.72685532023117	0.038556041793945	0.0437162437671023	1.06036264854806	1.07282135539676	0.295712467594296	0.0346679236509318	0.319523971901554	0.349981553918119	0.800783355051958	0.293267574967471	0.0378522622051953	0.327237493376622	0.33286682848645	0.289822143956915	0.0298852614454665	0.788766422374546	0.826112835823987	0.759468555357677	0.309633340920552	2.58712810688674	0.0303241225233133	0.774369525599086	0.0301037189600852	1.45899503501681	0.309383570715462	0.0297638829678373	0.0307153335351862	0.0313636069793989	0.313715690857314	0.800424130360618	0.29640776910659	2.42535983220804	0.303501927065977	0.313548349249825	0.80246831296616	0.0351858794560552	2.87856165982281	0.600476040726355	1.32381017381443	0.885477837260548	3.45378587203773	3.00877789504885	0.889853751637902	4.55263453268013	9.24788367538041	1.4132841576874	0.036427702276783	0.0538750019595823	0.459527803345472	0.0882514381492102	1.03105154921361	0.039592653390398	0.0461346451539145	0.0542219599430889	0.943404679138306	0.0432886107450512	1.06987828571457	0.0461415221455746	0.0426835931501409	0.938461587947958	3.33043246079491	0.053444282563451	0.041744461208173	0.439339706560108	0.0384491487354532	1.46652268098238	2.39643737576206	0.0526742595240768	0.993383499306276	0.474547275485977	0.39267547684213	0.041425450618029	0.0558194787970059	0.3595981438929	0.0391253191627029	1.10293119770356	0.462860669284168	0.588343220779334	0.0435313698413225	1.87594292125558	0.190667091082317	0.32147819809414
G[C>G]C	0	0	0	0	0	0	1	0	0	0	0	1	0	0	0	0	0	0	1	0	0	0.0545503419942092	0.543250159915428	0.73463445963676	0.0489600164197846	0.0359871687690907	0.0462043571508382	2.63175829190312	0.0430021530667949	2.8042674254857	0.320563328662431	0.312354776933049	0.748607066789608	0.334880155283265	0.0323646929756994	0.0349402744435236	0.771853333829127	0.0309512424797156	0.0364253497099849	0.773670017468876	0.0326576785714294	0.282942593096496	0.317285926297087	0.0272213587998623	0.328447576335451	0.763840714664196	0.295160612917055	0.0296292017577197	0.0324353781905786	0.0293680957001884	0.0300750983912415	0.0387851894665977	0.0341041085957907	0.367297410951115	0.0341506416698531	0.795807222442453	0.280832109037251	2.47990749144944	0.0367175439400368	0.287079578312609	0.0361833172649983	0.342073513095608	1.61491294376738	0.0803868925705885	0.0543450399309937	0.523715267275239	1.39832253770026	0.436575821437597	1.36930679448132	0.109745304400985	3.66051393930017	2.40256663325348	0.364887494214662	0.0529103775509776	0.0426213175241874	0.515086436615317	0.0479405151880694	0.0441444818638794	0.0378918481993328	0.0417300920070348	0.0492470731931546	0.0437865407462637	0.0481460545588727	1.02682034002956	0.0442207001655673	0.0470402286740367	0.288252749054264	0.051511099622658	0.0402672783625423	0.135605872329569	4.33317092203616	0.0357876311826745	0.358845465171954	1.05779007813669	0.376848516962662	2.00165321325467	0.422256211617612	0.0495794921348694	0.0527500782249706	1.32293258110443	0.423866000206496	3.73052807142757	0.52079717713746	9.12619510932666	1.21721944913201	1.17039845475973	2.09168275146022	0.392262163900732
G[C>G]G	0	0	0	0	0	0	0	0	1	0	0	0	0	0	0	0	0	0	0	0	0	0.0498747877353012	0.0574767866592469	0.0907151784431626	0.87005249068875	0.030979917915871	0.0416201128198365	2.6225272571451	0.0478402849130922	0.434985190490756	0.035330491458223	0.315044535585214	0.0292332951046083	0.3216056849968	0.0316734053956412	0.311175123634266	0.286413641934669	0.029278217157327	0.031596389015573	0.0315288108074221	0.0329928054194971	0.300176470659756	0.0294540621117942	0.0355242525805375	0.0271631858529544	0.0297178276102667	0.294382095616902	0.0322824977606153	0.297353592389143	0.32889178552726	0.0348693090565807	0.0339051756345372	0.0299248694014263	0.0366201659275632	0.77164128545206	0.0292353624972766	0.810230646324699	0.571548556977724	0.0355699968203524	0.108300027544292	0.033531556689319	0.0344784360207018	4.19425724897442	0.569105007277514	0.0477139732296485	2.34174623980228	1.33800067534085	0.0679129886069186	3.67112043552225	0.0494211536290458	0.0626428104040385	1.41686290969738	0.0417714954416836	0.449045129607713	0.0488048878895387	0.0470031911442651	0.039792318570356	2.71360581476647	0.0443073607404721	0.048131959114014	0.997454837186493	2.59127915755787	1.06314826843615	2.74084062728672	0.0386082387366207	0.0374527387561425	0.289363409745215	0.480408775311778	1.00325217940271	0.398862933464228	3.36696219801722	0.0458712817462184	0.125709833720022	0.0480992620791094	0.0392301915771266	0.0421983301398492	0.0420808044773057	0.046855151354495	0.0567875913313194	0.295644917926783	0.040070710198322	2.61976621601942	0.387437611530502	0.190961221179968	5.51136273909017	0.15632157084884	0.347805474349314	0.134051860705475
G[C>G]T	0	0	0	0	0	0	0	0	0	0	1	1	1	0	0	1	0	0	0	1	0	0.0504895469558388	0.496690163825939	0.857936203248017	0.0452169775977372	0.0289298138932958	0.0385513424046707	0.0430207173486391	0.0501260219640328	0.0396906320223928	0.306765820986928	0.031175483007861	0.290157030306504	0.0400354736503983	0.310867889967235	0.786414982677832	0.027229658897716	0.314826601441012	0.0331330121347234	0.285861053973162	0.0350664354930523	0.0307002911044324	0.802073618802315	0.111787319217391	0.722281433316964	0.729527994123647	0.30443158751163	1.39452498208313	0.0295375355582255	0.794593019215956	0.355661304953429	0.0354155486569107	0.0295570192235204	0.0379363927456311	0.727252421593962	0.768306568834046	0.0351138305435553	1.23814778524323	0.024139915054581	0.0298699148184302	0.0303642416496483	0.845201485511605	2.7623478233991	1.66887235275624	3.40409330921423	2.22088413480557	0.0629941614994572	1.54927577090441	0.0507464746844914	4.6424330112725	1.36939234344714	1.38955925804639	0.371823951265688	0.0433179082994018	0.0468401881403072	0.049938936224897	1.01302869299303	2.79614598217481	4.6756744446926	0.0398171560318346	2.62315323095745	0.0312836886982297	1.05982178981965	1.08805158257818	0.0292425764048323	0.0428663246415227	0.270692243152635	0.454140883780889	0.0508636637710546	0.0858054222322782	0.0404874768489913	0.043212255248139	0.918606197301618	1.14026130230188	0.396277632156211	0.432363812966851	0.36736245399981	0.0377823699131029	1.35312463236425	0.0308233736571359	0.0460750790016212	3.11938459856875	0.602450894549255	0.713311412891597	3.24093321529052	1.06977364765608	0.466908383593133	0.382996334777795
G[C>T]A	0	0	0	0	1	0	0	0	1	1	0	0	1	0	0	0	0	0	0	1	1	1.24633352787166	2.2612770114074	1.5526456962234	0.519786454404831	0.0285214623336649	8.78225523727149	0.0374276640565066	4.775722445594	0.0452701436751052	113.610690727687	98.6596754343063	87.9388604915484	47.6324218973829	81.5953835067193	81.8638403299167	83.7416787416033	75.1211840050051	59.3689435007894	122.873118240856	69.0981828336861	137.148278268434	106.523060943531	92.5266817324875	90.9667187988126	145.198340844089	123.543629702041	76.258792572418	101.479904919569	77.0999892591289	67.4677535220352	56.8802475019322	50.6704098848096	26.7790911947338	129.186323536679	39.2773826378523	94.1711528671582	460.117454114075	49.3073534081188	109.629606872344	51.915212747601	59.2307812344914	0.819336890151974	6.11439478173109	3.27451842485027	19.2328940819578	0.32727989460076	14.1438521791926	14.575265752291	10.1857042616101	10.8075252194953	6.66027282203131	25.6748379657468	0.423818186926291	0.0489995849578032	1.27377713783492	1.1416990698291	0.0451217447684342	0.0404199326102583	2.80312773753459	0.0452527203406015	0.0363073680184371	1.06722333652962	0.040998499049831	0.980125169099241	0.976621809395964	0.0974367857534147	1.28672222094844	1.12113145199948	0.494855645657335	0.918857965193356	1.33786381873844	0.936518853507408	3.01317186791721	0.398189361457868	1.0925537224284	0.390408366186374	0.0462058681939805	2.31534075319444	3.72501706624661	0.0384430312942755	3.23966352502305	0.894894645480042	0.733153819334806	8.00251404083202	0.573036930937849	1.46143230201934	2.42052705630839
G[C>T]C	0	0	0	0	1	1	0	0	1	0	0	0	0	0	1	0	0	0	0	0	0	0.0500003716262979	0.4932215171184	28.7960980351284	3.21034704042446	0.743213185913598	1.0555843417625	1.02277498442202	0.0430528790211752	1.10762726864241	227.252428187922	99.2590435014712	110.733666195909	63.6212116977683	119.501632317218	121.780886246341	141.973674175296	116.038412226278	73.3432723333948	168.165232831401	74.6985942810338	183.946957754029	156.725223810086	101.456128097945	123.512584312588	194.534648946025	131.933802136327	96.690516281882	126.999816296423	54.81618876636	71.6309933256406	80.745752076898	67.70827637644	35.6281969877432	134.645844131474	100.027074121641	96.9558263106111	575.887716509043	65.8862668043262	153.588746760906	58.3631155942739	54.5383514311525	4.21166271352474	4.22385407351073	5.71645867803892	21.7660957842749	0.0576412974131875	10.5011082150341	0.767914050192024	7.17898810854212	6.20945144976151	0.069161499807112	32.277385905609	0.42800724477407	0.0356670298726353	0.0491883863865929	0.914752083932595	2.78851974886561	0.0332326837313373	0.0507131624014782	0.994115277687165	2.68811574291899	1.03930718976587	0.0452999816875492	0.0420758767817011	0.0387466336833956	0.27625917649632	1.26939553798694	0.133125273116844	0.0441864242609458	0.0425542151874719	0.0372173564646107	0.0353145623227988	0.0427831967526551	0.043073562872118	0.110102883926262	0.0728533069914805	4.9368813293383	0.0641242601847913	12.9231312241558	2.70105152872951	2.20517977170619	1.67404807204961	0.676605231551547	5.63550973624956	1.14260972537356	2.60662445288307	0.84342873034424
G[C>T]G	0	0	1	0	0	0	0	0	0	0	0	0	1	0	0	0	0	0	0	0	1	1.21516406418358	0.178182467236231	0.326132849775334	1.18670764998668	0.0252774053498177	0.0410881277066141	2.65401495250513	0.0365939337269678	0.0449606129741881	117.127958662978	85.7637667048656	89.4037200986881	39.6839217164112	74.5016308607899	73.3862852250519	53.0867260023419	64.0381117696369	62.2880761233131	109.749665918678	52.9682302044569	112.332409028153	65.2291505405092	89.4017036178603	94.6550674112175	103.202678497536	95.3167199509034	84.18567342404	47.628776985167	48.3167205382856	39.4091062349692	42.7808574647493	30.8582032029611	18.7085321999995	107.672823087988	72.6766285143303	78.9291278170349	342.642773827477	48.9103736107703	110.933551678296	70.2141505194524	56.7396054586176	7.23793447625864	7.59228123728499	8.44518565867238	1.06527330608157	0.0571390226401596	0.632781610018408	6.18042033686743	11.3167960641034	6.20847504143551	2.53291452562509	18.7327049348277	0.420984547069906	0.0457008659723692	0.0557908495757875	1.72344246228601	0.044638442692558	0.0383686870986154	0.296494429876884	0.0440975035883521	0.0335329817642321	1.10152626889014	0.0392505586991412	1.03600453363458	0.0376244026282208	0.228528540364352	0.0509315574653238	1.06877140332551	0.434356323338625	0.459003450960902	1.0255591485777	0.355746459329418	0.415642567252524	0.0411767647998543	0.458292719759368	0.941457194062917	0.0499045108056075	0.0603658210356013	0.855835591366726	0.377313555585819	2.76121680391659	1.42154581762704	0.495242828788221	0.0528446334843062	0.743073712386679	0.411846196217399	0.640287904983272
G[C>T]T	0	1	0	2	0	0	0	0	1	1	1	1	1	1	0	0	1	0	0	0	0	0.0569800246133903	0.177162923090126	6.64197838959948	1.2894270521037	0.274167032284212	0.976763846472747	0.0399308008020222	1.08001040248909	3.96384070845235	139.347778367392	102.610679352213	91.724531348984	45.0671800917002	101.834310815853	86.4852548363038	94.9899997629177	100.380086014574	61.1691683877716	142.633720626211	51.2542196036622	127.747631033915	148.458319034718	99.9446897946717	112.791946628739	186.588955376096	142.698575155371	88.1895334769988	122.96964307015	59.3714280720056	84.1827594826695	57.5969104455252	47.1706652904192	35.8052177656369	108.244162335967	84.3127019303968	80.1028449859093	526.093706490104	58.402551762315	134.835037967386	64.6468638476657	63.7228769686921	4.29482858782739	1.76689943825766	0.262306323085045	0.525633123350922	1.3168995670094	0.374188937876226	3.63348731698278	0.121572173577711	6.30381708616132	0.447337558342778	21.6785689261618	0.406531782771631	0.373488377640459	0.492166156523657	2.65399994219901	1.09098802039001	0.414894712556009	0.045921092877105	1.024854835465	2.64452876893762	0.397349621711494	0.0454920065413027	1.74752706310397	1.01645432081579	1.21578680836563	0.476600804637998	4.58808501536536	0.0445943959609649	2.78474470236007	0.0433427488250628	2.36339746581446	0.0420135931948977	1.00898609392471	2.06484540082261	0.967985856559644	2.85169096627489	2.41244143341793	16.8475275921713	1.02587854730514	3.38821794083117	3.77752583003213	0.483113192606017	4.70822257052949	1.43609817121178	8.83822064310648	1.59011036338813
G[T>A]A	0	1	1	0	0	0	0	0	0	0	1	3	0	0	0	0	1	3	0	0	0	12.5280590153996	22.699275226101	9.17509034098954	15.2787603281184	30.7239943845173	52.7216333976589	47.9553793290034	23.897174589829	20.0892237476775	4.2250192386103	0.288812639389749	5.94946289197891	2.14861798910621	5.93232772154242	0.787483059952317	0.788433654094091	6.22349839548547	2.79496378663485	7.50113092882218	1.46707675446663	10.1606841509563	3.0502355812565	4.2000170601972	6.90719311546289	10.1154353606841	5.08339617712239	5.19106981901438	2.05451025801404	14.0174018434619	4.39263367189983	2.14284198836179	2.17491937887297	0.709715357172214	3.39150091502383	2.00100656302046	6.16088831685068	23.6388344125349	5.53105166668441	12.3009072870453	6.24337414001965	8.62960466413504	12.4154825634245	2.925119639779	14.5434923050358	0.90276641563107	6.20363746850852	7.53958118515747	0.0513955825401217	8.47654215638081	0.0583562111807128	5.15783474856597	24.5682177483016	13.9080077035931	15.3521472620349	12.8764230165484	21.5897560110795	36.1284523791853	30.7141522226191	13.5386368461488	33.8034647497802	18.8542130957921	23.6849386607207	38.0232899563273	32.3149497971063	33.0433282134373	53.7305484124912	6.95383788920845	42.4955619493947	22.119255097882	45.9933593525681	18.8196537463933	59.3779986465861	23.3821955902759	24.2915401558907	15.2971899287477	41.9039413231903	4.9281359850555	1.36977464047271	10.8565059234676	6.93530265045633	1.71420943621923	2.07892342563264	1.118528049025	1.24205332323313	0.836000722705426	3.24053931968928	0.51585754458749
G[T>A]C	0	0	1	0	0	0	0	0	0	1	0	0	1	0	0	0	0	0	0	0	0	2.20686127701208	9.99892619428259	19.9416077018228	6.57875423283366	6.4681023872688	2.64538325239546	12.641478417547	9.41461686001933	7.03079818919476	0.0328091674940596	0.76048743273088	3.60105890436701	1.40351744831844	0.313724342262606	0.333236252649598	0.03769358750485	2.82354315601021	0.0296674390026921	2.7026149816599	0.313436495575192	1.34042181797394	0.688389177760413	1.37202321757227	0.797224839914631	2.66881436507663	1.31514435979441	0.0363120970873967	0.285705090552278	0.859731452697444	0.801767433196327	0.79015875109638	2.23194835417208	0.0330734752763635	1.37812246763677	2.80580317907177	2.13157337548277	9.16648945105281	0.0321632710281825	5.11976195802638	0.0332363448631812	0.343361974919283	2.83512495898793	1.64627797687977	3.28532490165526	0.103538221431815	1.42627535707884	4.26606313148838	1.34317243768938	2.30967749571867	1.3158802954155	2.51260283586262	2.57436101298071	7.48005705099049	3.96739489587425	2.56647910902541	7.91347167798531	2.87385966610619	1.82468535821157	0.574236562727702	6.57249145518295	2.53907368795998	4.81987229891108	9.15863813450835	11.1162852108556	4.38770551288718	6.35778421628706	4.29821318692236	10.428867224972	5.14246241035062	15.1870389830545	4.66377100786643	10.4228287207996	7.34823279575516	4.44284763506312	8.59175409325522	4.66221077954222	0.0411036516584815	0.0628917284925641	0.789443223549975	0.347946844483616	2.46876423576088	0.45288188404473	0.343754236941538	8.18742099312904	0.270015669985548	0.72856774409306	0.725002562755383
G[T>A]G	0	1	0	0	0	1	0	0	1	1	0	1	0	0	0	1	1	1	0	0	0	0.0563603621197388	4.58723160026497	13.6624815872681	1.18888224397578	23.8938885169606	21.272758275419	20.1250876804213	21.2653487199579	12.1038379459752	0.0295330657467267	2.04226321258857	1.35220740648452	0.0277658273223777	1.34775072799581	0.763215159792446	5.97879839744916	0.307995550756246	0.0344080603392719	1.32695140331249	1.40825811579765	4.14296765447561	0.353796241141798	2.04462224206374	3.46529622728774	4.15049080564591	2.03517073106943	1.33612736977225	0.02429418851499	12.0950938977061	0.836591612584362	0.0372048097843299	0.820350820980846	0.34428171168649	4.31052824225564	2.86605721967486	1.35817268183243	13.6953104782808	0.81851032618684	5.93394298322668	0.0321924554732693	3.82926872289788	0.554193360679575	2.97397154329797	0.0588906936032267	0.10334409432596	3.66514497721392	2.85974811636107	6.29675496129778	2.28351879997651	3.53786053723847	2.58416440730833	5.45565235277592	2.92062156824021	7.43705402462725	2.20771010515421	15.2383447465881	1.06241401649866	24.0532953780863	20.3481015203499	15.9738595678201	8.96489462375595	18.0652023731002	14.2820226953546	6.62863362465282	8.50780664971576	27.8591102245823	3.22243180980465	12.9831020597879	7.84701418616439	10.6542675517987	18.7678802007423	22.5847884136455	6.09663095519898	13.2739455598078	17.0933626307269	19.0854051340005	1.87176158832473	1.29513491874091	2.07605364325533	0.407553278119492	2.3543450764051	0.624066231875216	0.608171736418354	0.0465442196166568	0.29711380325069	1.12104359109718	0.325862151923246
G[T>A]T	0	1	0	0	0	0	0	0	0	0	0	1	4	1	0	0	0	1	0	0	1	0.0484653616854867	4.65362261108198	3.70804987330797	3.31043539529734	23.4523749021177	7.80057915157228	13.8793834332565	16.9941310465724	26.3829835263315	3.48635493405693	1.36867735880164	2.83087160865251	1.45582081465824	4.27717260307001	0.799554816228624	2.79094366637206	2.75847222696931	0.832582439717611	5.04280787161746	1.44092142705107	9.04828574084985	0.257415295354064	2.78516411480422	4.38265795810025	5.57299000474155	0.742534382072127	2.75417934892834	0.306911085854294	8.20503791828626	0.277265612737333	0.731267329785287	0.307872561405156	0.349801907157441	3.42598674119637	0.790129416323246	0.777314337953443	12.0299229273365	1.38947685244703	11.9924517920367	4.38348759488032	4.68117478005606	4.25337267056393	3.00489408263648	1.40234494857728	0.091477717035495	1.39323100494818	1.5702236855149	1.28139869443519	7.40351413693353	3.60535723798089	3.85079956006905	4.53135739205436	12.6968079375091	5.08639639446301	12.5704013496538	15.2106531644926	13.2077300407017	12.3888557770301	14.7855957121562	13.7918280365662	23.868678895219	11.7260402988637	5.92136185185991	18.1555893407227	8.73089350687872	49.7067284776907	6.92848917587537	27.5490680496796	20.2414249144069	12.9895079398779	19.1166471859014	49.9643668428842	21.5794287239087	25.3295078857883	26.4924910895253	13.5977485619531	0.0358069970489408	0.114489773114792	4.44592310398222	0.408002568121085	2.54393998745759	0.623350923168915	1.25126539949887	3.24351715262163	0.966806674741259	0.342740147441854	0.454280973872557
G[T>C]A	0	1	0	0	0	0	0	0	1	0	0	0	0	0	0	1	0	0	0	0	0	0.0499483519350012	2.21427731927884	8.23880023500006	11.0393457669018	6.49398780328374	10.0865169820545	6.79127173954876	14.3802387862102	22.5443756973442	2.66221661690296	1.39019740969799	0.795965401944325	0.0370367388138834	0.2926345131718	0.764447097308069	1.35150361213503	0.314192540204492	2.43104282697627	0.0270015584373174	1.41485601946902	2.71459758699509	11.7181722594441	0.897299676843931	0.308563347631581	3.3098727780057	0.310050912255773	0.304339048880904	0.288613216310571	2.16683524969401	0.0302612089371645	0.839886089359748	0.0253808217643854	0.0286131887407715	1.31575582913693	0.305293891582603	1.30932169796501	3.12887609963185	2.10061476781454	6.74855217110503	0.292658591071831	2.21696896945121	10.2911480951481	1.63823197452946	0.0581796036308572	0.839598736741914	1.33511540561547	7.3942958100503	6.26827537145081	16.0642002750199	1.3431975675608	1.43743532137547	6.63967820900333	5.17131385518955	8.83687100297186	4.66667787216275	9.25614451229398	16.9649960678722	7.7997779715044	14.687194567645	13.6208688891158	13.5886103533039	18.1100583381544	4.65157701585555	8.86191742093609	11.0586845539432	15.5622020251199	3.16348547779127	1.08098836973389	15.2203524499801	17.0997166780617	9.02648196085773	16.7934483967114	4.99514157895883	17.6700263008929	8.76957658725384	16.6532103472707	0.0480407254600888	1.36694983833222	0.302021926248415	0.410626857488673	2.44173021869652	0.374584851721965	0.423622659697304	1.21168846422255	0.276564794104998	0.202044168585909	0.710762083907056
G[T>C]C	2	0	0	0	1	0	0	0	0	0	1	2	0	0	0	0	0	0	0	0	0	0.0451812610290378	10.1735382889086	2.05117579838545	19.6276727710432	15.0847127661179	27.8721411868882	45.7840393494863	27.6727981743169	21.3048751266332	1.31396268260338	1.42437449042273	3.3166222509262	1.49084027724555	1.30932769833432	1.41000374036612	2.79062774076642	6.34015235319446	2.83210551529307	3.4901260658138	2.19910212124422	3.44304098945125	3.64206496302414	0.783991537513088	1.29560062592254	4.96327445889926	2.01004386293516	0.274671540277842	0.0312339162027089	2.93768282702711	0.327934022043653	0.0376847937243084	2.2427207968294	0.304403884213895	3.55132116228344	0.0298470637582422	3.58151699000642	11.9384470631578	0.930012223151721	5.08749775375488	0.0293370629890861	1.4491036659473	1.58616204564925	2.80790647225052	8.33558774576453	0.78866375606852	3.67336115869427	7.25361794837488	3.69973482424747	15.873624777423	6.29955638122133	0.115302152209919	0.442790490980394	16.9594303206031	7.34088515025446	1.42511254774899	17.7459359933944	11.6397976300789	9.01057857712614	23.0235182918882	22.2298663388899	17.1548155223827	4.73152455080489	7.95737785517122	8.63597576671021	13.0808570923263	21.2012609945723	6.90958922681195	9.11807931770725	15.1354331299629	48.0714537130087	29.069579416923	37.383174964023	21.6372787545982	29.124103718321	3.04197495261324	31.700798239096	0.0460859392163452	0.047422825841164	0.0295897995461838	0.434538163384627	3.47526197318727	1.20466445465083	1.47699725471896	3.2612806133036	0.634863256118489	0.983529774735092	1.12838370959369
G[T>C]G	0	1	0	0	1	0	0	0	1	1	0	1	1	1	1	1	1	0	1	0	1	0.0416741698771328	1.27826894705565	0.503173203351756	0.0576922990981585	11.6922876929107	0.959713643541255	2.50447946055527	7.09565088951281	11.6385341588367	2.66956999603569	1.35747180712646	3.54831532871377	0.0372401351311659	1.37679440450795	0.803217576237571	1.37110378830426	0.108462570118475	0.766809451709836	0.293137093771919	2.15340313539679	1.66836619589667	0.716189749692136	1.9559418207988	2.76643534547766	0.695035291261686	1.38535614071771	0.0332438984796406	0.763802363166701	7.27299109584593	0.801844775314676	0.800053603579627	0.847393769128696	0.0341561603320338	2.74824057171402	0.322927618107398	0.801987788385728	8.56209956845943	0.811720269413299	7.54278760106182	0.796308367334415	1.28865887875199	4.07321815002226	1.54503607491265	1.18957687889333	0.39366388138891	1.40125118183659	5.74278490955834	8.89715058682421	10.1346998728266	3.74271998479633	2.56668401575099	3.462190775707	1.9832602318272	4.02449652065927	5.99648449362405	4.5833951669206	1.15012468687203	4.58969281264885	1.13995512708798	5.56358486786791	7.89760646577383	0.0396069526496991	3.80342447414991	6.53154405592345	6.50373565577719	7.33650551595345	9.55288251076082	1.80670629629	4.98726585594769	12.6655901820516	1.0098028247416	9.42702538675677	0.0499107279142546	27.8841210752032	6.3038839659928	12.3084170674919	0.0467505028155061	0.0569967018642247	0.817660216255025	0.0387995691088793	3.98545431552435	0.285991436646363	0.570176561340486	0.048920905170894	1.37226264795983	0.309228494881129	2.58590651681962
G[T>C]T	1	1	1	0	0	0	1	0	1	0	0	1	0	1	1	0	0	0	0	0	0	0.0530956262134549	5.67764042508878	0.308063828398467	11.0293074034536	24.4777216487036	11.3848265396535	15.1949697408198	22.2511299431317	12.1708371929177	4.22342796355638	2.0286584028824	0.782553053522022	0.826811690942711	0.752395795137843	0.0342535493246081	0.32617512954401	0.332706538084939	0.773043769450768	5.03538299216427	0.823644766747213	1.33723453341689	12.1916711710273	1.69640679648574	0.538194570234924	6.51557351994764	0.284676584330793	0.76796833574232	0.0325080485261373	8.06428689694822	0.800424457741916	2.2156510949356	0.30311261579079	0.0356282211453405	2.87787449579093	0.0335667992875804	1.97864483859751	10.6825359268846	0.871981050453593	8.5050677891433	1.43443754589027	3.8247345747954	14.0191118550573	4.49769049265302	11.3498097841464	0.2980767304105	9.62841881200419	4.20295939402094	14.8773023154068	19.3167410965907	10.8069711558737	0.134573837446888	12.21272391786	7.63510818896821	15.260630806445	4.43096204792294	18.8651943289066	9.44067711304136	8.90102477381742	5.01113466603327	18.6350954707901	15.7622765095272	14.2856430916756	30.9716526268908	16.8068781339544	17.8933887998544	42.1321756849809	5.71848914581162	7.99910473179423	15.5062458649882	17.4954118417011	13.3604453557241	44.6197775810747	27.4056477749487	34.2712468389625	8.59889670691578	36.5396768422245	0.044048241642489	6.23020009826214	0.0290932525396013	0.0489964406491587	1.85188618178765	0.475751856719677	0.403427364232806	4.15697719455117	0.823453518701525	0.807737744376231	0.484995726300422
G[T>G]A	0	2	0	0	0	1	0	0	0	0	0	2	2	0	0	1	1	1	0	0	0	2.24366085159506	2.37547159830293	0.197044676237843	2.20311330159488	1.34399108448014	0.973376634620951	0.994891559124989	2.67906963205986	1.0056607078199	0.298744103245583	0.0299378940043278	0.0306299768307488	0.0339554184953677	0.282900540802419	0.322082009555046	0.303547222776092	0.32792375615801	0.0336640192132982	0.0244430771666186	0.036210873372426	0.721055473151395	0.327057350697577	0.317294896400249	0.281491777743236	0.696835703793424	0.0880097284096258	0.035770632075404	0.283016053600325	1.48490935359393	0.772281680954096	0.300945002120051	0.0382955281366246	0.0354682036711921	0.0269869300640391	0.030696779412207	0.277117563848624	0.681732376448257	0.0309982596344385	0.269644785407781	0.30446113217696	0.854497958831102	0.0595296423854592	0.0520854867968213	5.86134599950892	0.0983672139387861	3.47629072445923	0.586543828746694	1.41695448302831	1.33525989277074	2.33939762215688	1.427776171381	0.351714469083547	0.0465167613897288	1.1464371900345	0.0494098607629436	1.79179097563632	1.09269888102752	0.103995742911694	2.90058189084796	0.0388220549377661	0.0387451544078837	0.0429218327122728	0.972015333564423	0.0390001789951626	0.0339739053662573	2.33359878256409	0.056616609927345	1.0350381678701	2.94046465491212	2.50793168267229	0.967696006331116	3.2775553236821	2.90587026796336	0.250263179264045	0.214457768260434	0.980711479484251	0.0502599264603286	1.39630167168517	1.42011717110601	0.0457882313768117	5.51042173280273	0.676784045301372	0.230602790653265	0.0537151755638056	0.299056996335454	0.122731568470231	0.174050616609763
G[T>G]C	0	1	0	0	0	0	0	0	1	2	0	1	0	0	0	0	0	1	0	0	0	1.24183016731866	0.522166881723776	3.45068827008472	0.0404584883387605	0.0318876409523751	1.74974122019854	1.04218344610457	1.05171917156786	0.0458564826718375	0.320145263379835	0.741666462807946	0.0300092471554191	0.0304349677105187	0.0316404518172839	0.0376389763122099	0.290629795053465	0.30096415999641	0.308443385151064	1.32875277603397	0.312879151952433	0.256015884771902	1.50631418494801	0.0354213962890471	0.301536426712038	0.0833201366177219	0.0305863735789318	0.767867588907459	0.0321334857537728	0.34220883386163	0.333290318622778	0.0360747186019928	0.309771901359173	0.0294739727170518	0.0303799264018415	0.326626418323351	0.0312437517936016	1.86427972464599	0.0414598245634869	0.0273932840583567	0.294440385366177	0.854003989860187	0.113512758222335	0.126814625796319	5.85831891764334	0.339165487359077	0.0582249768651376	0.10023628214016	3.76910337203052	0.209076077289774	0.0584384751726882	0.589948352519487	0.0408205336139995	0.421421949845433	0.043150759172049	0.0452482520576797	0.473607815424141	0.0460563388801664	0.998579833442123	0.0435010149148176	0.0409978153957821	2.6462696751493	0.0439432692198311	0.0457018340007631	0.0445134337524514	0.0413685731441485	0.289322751666482	0.114326560725056	1.86978414324579	0.0470122946989468	0.0423046367419438	1.03283139346143	1.59533294593352	0.143100336994015	0.385756700946679	0.0519614302410669	0.0320473877188505	0.0410439991032985	1.41750044441337	2.16929840246332	1.8716445563352	4.64897130487806	0.445039460624733	0.387062688695352	1.2220078023844	1.08229046682301	0.284563419980449	0.289867276274648
G[T>G]G	0	0	0	0	0	0	0	0	0	2	2	0	0	0	0	2	0	0	2	0	0	2.16969362572761	9.9178894851109	23.9275960071165	8.09811331138388	12.4923748318601	30.7671602094885	28.6789258432119	7.09354865973618	17.2878625842002	1.29800584646444	0.32827649485687	2.01526236429035	0.867278399578064	2.29233488205179	1.89004205204989	1.35190006243352	0.857916600872951	2.85676455954084	5.86272769832574	0.313847628904206	3.89850741838972	1.3282932444992	2.75504045460206	1.97442677211719	6.52513495966095	5.95494731444094	1.43766803196975	0.310609193214688	0.813835505010418	0.809580856241018	2.81567541717028	0.806921031023544	0.0310634881522247	5.06651794519239	2.92919606763197	2.74288577764668	16.6595148864123	0.845708240278615	7.45661895879288	0.0322625769339685	3.8862857934023	0.670436402103085	0.629194386416407	0.171266472829139	0.308720177754941	3.47402148760143	0.569534874196999	2.34789886840845	11.4248706873134	1.3688910667254	1.44097760285584	7.69597734950422	10.1760783736178	6.27903371139744	7.00154202545424	9.1663187224558	0.0430176146429338	26.5048230816891	5.19362846611824	23.3496895685979	13.7091130381603	12.895900483225	17.8464907004353	15.8478213014558	15.5696153840516	3.21080098347151	3.18985342356956	24.4384952012622	6.28967454153969	16.5045261751529	21.5655135619243	22.6566810588502	8.38077447900161	16.7167589587522	5.23845794400262	7.4192912758655	0.0448467777700656	3.47825283513668	0.0312528382955797	0.0409611097435862	1.5811800263946	0.775181632151581	0.276421866040366	1.14652940859685	0.156253302536607	0.279256688707898	0.142121505669549
G[T>G]T	1	1	1	0	0	0	0	1	0	2	0	2	0	1	0	0	0	0	0	1	0	5.56461740083974	0.0626377628127934	29.1450895348937	0.0604688999233309	1.87183255192987	0.0424346907876626	0.0498450395650793	5.08526814014698	3.81673573414676	0.0286570573332683	0.73533673049036	0.746939543147079	0.565219857793212	0.469132492146249	0.291947780357423	0.319434299816458	0.764217126321518	1.41631278479289	0.717409498859718	0.332465053349221	0.288250370951828	0.700489123958331	0.295737653319084	0.733208574009627	0.752899157974899	0.0391066098014119	0.337984826662139	0.0207221748434294	0.761235914000788	0.0332253090177692	0.0309340668094529	0.0353166209530952	0.0291570912435779	0.163233962585664	0.0357257220062338	0.316325569457612	3.28155443324132	0.031240800619605	1.27242363888358	0.305996179062219	3.09805642911809	5.58516057247435	0.638058980229455	1.34568326478411	0.453557067117042	1.36131930612695	0.107396857983912	0.770629093759697	0.287460889467004	0.0638319964634661	2.53504142283245	1.597788121542	1.08526782689423	0.430390785706144	3.24701647156545	0.0403380510105918	0.0404172897862316	0.423030030326024	2.96501920551643	6.5420125139752	0.0365878224123262	2.72255596839733	1.06670853739387	0.0416430576303101	2.51420433255268	0.75189799741996	0.0554359318296724	0.0401530176942237	0.0511465049067166	2.4675910160509	0.0367866040837799	0.859966899543522	2.94354208266321	3.56841995081577	0.190874843015585	3.49262851218393	1.07419870854392	0.0551860731086277	2.78364906626107	0.0492735865397191	27.1869281414401	0.585054924311525	0.477342921427037	0.046432431682477	0.944899577852247	0.252123372361377	0.947162588280095
T[C>A]A	0	3	0	0	0	1	1	0	6	2	1	7	3	1	4	1	0	1	16	1	0	2.20307346301643	7.28273923490367	1.61635414784239	0.719613616745575	4.62363827752402	33.6806851820339	0.907345586724585	6.53636153648228	9.77854595569405	2.64536418570046	4.34653252451555	0.297793036371037	1.37495736096934	2.66883097761738	0.830138589102653	4.27348172108393	0.77600285936462	0.535368153967413	2.80894713718727	0.623164132577868	9.49215555292578	4.33916694691447	5.50944882698888	1.81538012394652	3.28635949099223	2.52005552429506	0.410273217771556	4.22679047713362	1.07944063530425	2.14482693190533	2.88195490086671	0.323418840103227	0.0348629807791843	5.05991677128665	2.34774911055681	5.52182836835668	8.90034572492806	2.25655385453478	2.67782829147324	1.42702437565545	0.764591934636926	0.826305930066566	7.06692776446806	8.08783825593078	4.55670488413969	18.5265677576535	0.881901378825081	20.9778194366192	16.8940415924822	7.75275945578839	21.3922178996993	0.136838735637105	0.148921318113186	0.146327265039114	0.889174948078812	11.0753399890068	0.618534418919791	2.58939672242007	0.349822669244444	3.11209776427324	1.5330239971286	6.68452194451279	19.4062353265333	5.96778619008667	0.126105742753047	6.96512997684466	1.06452283339657	22.7957895682831	10.2031162639452	19.9671393856162	7.33136173500095	0.883179441091774	7.25240203979453	4.41276617490348	4.60140732198471	0.218660295338521	6.12243388912792	6.11786385465757	21.9218673951008	3.67509253914896	3.43665614864967	16.0663038994441	1.21538927714535	3.17773722719758	7.4122191211874	42.6643172703892	7.65757834817772
T[C>A]C	0	1	0	0	0	0	0	0	1	0	0	0	0	0	0	0	0	0	1	0	1	0.0547613652351664	0.175830558628526	0.147779957723479	1.20546045092113	0.736569065441743	1.72410793861595	0.0432073749558679	0.0316265074728065	4.93842804452059	0.0263403637847286	0.0295784565457197	0.280629737298041	1.50057701962907	1.38800932318526	0.0302119515963442	0.0311754499538683	0.805612696771955	0.756100177239468	2.00420167072981	0.279538353968544	0.987306327044194	6.92229712023625	0.140848415453217	0.789734673359647	3.35858099851886	2.06040247781501	0.0323596407553024	0.730958972187004	0.314990061639163	0.0319458431903446	0.0333530686204698	0.0348735263959656	0.0325680188774127	2.66396140011728	0.30764687535438	0.524594552076396	3.15502176214739	0.334764648621393	0.37615985478534	1.43652797984112	0.37689421630632	5.04768826038606	16.9761458753088	4.83567150846194	27.8309574374831	6.06457155161603	1.60431594121464	1.37374256134949	5.87753516406589	1.3105791632626	26.0428676219142	0.0350015447617856	0.488493405179206	0.0455287350511835	0.0515235742222754	1.0622060210542	0.427887535568337	0.38418567421164	2.84054098933795	0.0418852031699291	0.989188377476674	0.044929650848614	0.049440809857973	0.966536350986692	0.953831560215684	0.669156276675366	0.492706542884358	5.73466951768402	1.05129579495131	2.46952129167567	0.976754237063985	1.56892700036443	1.08172060897287	1.69955384639059	1.14384932788582	2.63245646147267	7.1764207249462	0.53417989383043	15.6505217478011	1.85530688133914	1.5962484414708	0.417776206238798	0.207285923323362	5.63116756982082	0.722881747718729	0.252485545882821	0.229669587192123
T[C>A]G	0	0	0	0	0	0	1	0	0	0	0	2	1	0	0	1	0	0	4	0	0	0.0481155972653761	1.30414979403178	0.206682944988155	0.0458678399017273	0.0281138780334488	2.66868326711087	1.04677048183202	3.80813252721403	1.13414393841755	1.27539621788868	0.0267359879165475	1.36635347904861	0.337662101673095	0.201570500215589	0.0321419669339591	0.336216933460718	0.799229567921077	0.290925955083948	4.14174185868367	1.48993960044909	1.98295708348119	0.748728402196776	0.0290555911891796	0.0629343325313031	0.669595441057692	0.273634324059524	0.03471293120292	0.0320977069979319	0.136323235291111	0.352896669578017	0.0369793973535493	0.0277575751463286	0.0307841272891742	0.780927532863691	0.792420715510516	0.772360406302631	2.42126948698724	0.818923665134271	1.31610567534178	0.278899121169805	0.337501010009851	10.7424691520394	4.80648709832986	17.239607341501	18.6189658570536	6.14085802664099	1.08099132341904	0.803769472287973	4.70851667741066	6.312363897443	5.02872167916276	0.0357366492343126	0.469580440522398	0.393220414963926	0.051600723680108	1.07341181847015	0.0482966922748684	3.51411226109235	0.0452295337874749	1.03909026669722	0.0450227930898818	7.07759099507379	1.02595450780157	0.363788256997854	0.913590646791667	0.552343683261524	0.0895642779239406	1.02638460572016	1.18400918923291	0.946723096383545	0.0397529135907746	0.960454549486315	0.41640633634213	0.432282211676521	0.0420892001941697	0.0381810416647476	0.420213324557338	0.513581792933162	2.91253944619422	0.389238574708499	3.72806295833378	0.395431389839954	0.427374190664827	1.23659638890109	3.80988109944946	0.961303719656685	0.763693130637227
T[C>A]T	0	0	0	0	0	2	0	0	0	1	0	1	0	0	0	1	0	0	3	1	0	2.2012485942898	2.30080006960147	8.78114158794646	0.0538568187534404	0.48766284554976	14.6063335915952	2.68156955885545	1.35216326878221	8.41751212408052	0.48710893765565	0.304652799617331	3.48063335383058	1.51851471281405	1.38964838818342	0.0339681409470066	0.30180571345384	6.20720920959283	0.76725913802686	3.36593773974674	0.833463420337178	7.61431751782537	0.926565502595748	2.66552965214194	0.235972757647031	3.74054905965462	0.233412022708071	0.100984744858316	1.48142056334712	0.0316882183041227	0.0334624938421972	0.31003430905695	0.310005909604589	0.0284704531310032	2.7872885394239	0.79353676080622	2.8414845403923	3.78240594027554	1.44003789607184	1.42906893273523	0.338746881727922	0.814204242011932	3.06408324175788	0.851354748818599	8.60951474462117	32.0023103869649	3.51605513038984	1.93755266168018	8.98702812959129	11.2164829524814	15.6353781812753	16.3288196307874	0.118999808443907	1.15302458836929	4.02989711628448	0.48680332988499	6.56691395918863	1.8395021246251	3.60797585411569	0.426505326925597	0.595148539452631	0.951307110789301	0.242676238845165	0.0455215550188715	0.308860509408007	0.913550477126341	2.4080433369333	1.22944084254676	27.1548423123286	1.94573021583354	0.484375047569642	2.68207163518591	2.47117021721778	0.0454439033357996	0.227547080335154	0.443469630383547	3.5204980930084	1.94287551717133	1.45219326726982	11.0137536780896	5.9155786305099	4.01730691410657	1.31765682139101	0.864494739550986	8.18283017704525	0.436750199761409	0.694969924811752	0.635783299725878
T[C>G]A	1	0	0	0	0	1	0	0	0	0	0	2	0	1	0	0	0	0	1	0	0	1.23356480087709	0.542027484929872	0.0811936149971297	0.0414497556921064	4.04920157888428	0.151730436208295	0.0459951415448984	2.69054878990189	0.350819831654673	0.0322390643818321	0.0264862365187417	0.76053788024623	0.0330140972273397	0.309586682648076	0.30289063435262	1.36811064504141	0.833862661668633	1.34204975387413	0.0367823378747017	0.170460067779326	0.725711875650507	0.0372874483246642	0.174927930171676	1.36041381749984	1.30897135352822	0.311199637186042	0.312387670330101	0.035906394782375	0.159362588853542	0.0355632808912841	0.78950351016496	0.0319408804375868	0.0323815735335985	0.295176808998468	0.0361540143285787	0.305220704101651	0.530877921959624	0.297128821211344	0.739157579385233	0.115468905392807	0.0860230395184851	15.916941381564	4.78721541677164	8.57054591156564	6.15361326265958	12.2361772614713	8.47739854474348	2.56629779618672	0.712326899726314	7.75333807193409	0.102953665306917	0.372158332391211	0.0531089978736999	0.0487409707886709	0.544505135014627	0.047018006031306	0.0396328393421719	0.334015212586494	1.12314567631647	1.06005151933958	0.996857880836963	3.64328688361487	0.0486592269030732	2.55768702090617	0.0364115238857869	1.61018517646908	0.051282190199407	1.02419135577511	1.07403600413866	0.0438252669137429	1.04137150201488	0.178414973488055	1.0440480353377	0.164680807759862	1.10424856037239	0.4184257359496	0.0546975974089731	3.51122922908983	7.92872413085834	0.0379853962754082	2.273739999211	0.978898752138707	0.349070677501692	4.26832438662447	0.317686932639609	0.254315808993518	0.199074158956223
T[C>G]C	0	1	0	0	0	1	1	0	1	0	0	0	1	0	0	2	0	1	0	0	0	0.0542859889335917	0.0541475531750303	0.0811536613767473	0.0494381222303055	0.694703852757356	0.0461107301249285	2.64178940545145	0.0420752757641723	0.753919847987881	0.0238662412859867	0.0202885006121741	0.0293193244172713	0.0339978106298039	0.0303983324079997	0.0315538253602994	0.0315045528632314	0.0347458819646401	1.41315310843663	0.284203667837621	0.0310162340404378	0.789037334962374	0.0339353910313841	0.0345218598061017	0.308163681326902	0.0259727237178249	0.0364316200436786	0.0299224077543283	0.0317447840674594	0.315201046675076	0.338057807292921	0.032635818243301	0.0301971235744893	0.0352018597631268	0.310828433817995	0.0317737780220695	0.779764580381177	0.0285475525185347	0.307564123749575	0.313085790867989	0.300763989635891	2.21513742201096	1.57120821773168	0.660860320070653	1.33075817663824	1.00957760016337	3.49192495091553	7.27863679572665	3.48479953543723	8.81292525363484	1.06319537663291	1.37634942533579	0.42048466074026	0.0402257013310102	0.451875431362769	0.0601120418876198	0.0423661954461152	1.08107773066288	0.455991896663147	1.07205165414269	0.0453757920563488	1.03921575575172	1.03134343192037	0.042747795033462	0.0446450973340438	0.0407550224073526	0.667293722263483	0.049288480287347	0.0435756377487124	0.463321533406636	0.0401255345966945	0.0433807933159043	0.346985943946838	0.0476997423041755	0.401296787689795	0.0461941272399342	1.06321030227294	2.77218548519875	1.36279263676357	5.26304417057064	1.86499477800755	2.21274356793824	0.788241146139662	0.252433648563585	0.0523481915160536	0.211189193893759	0.281850435485716	0.30326081476352
T[C>G]G	0	0	0	0	0	0	1	0	0	0	0	0	0	0	0	0	0	0	1	0	0	0.0434267581087902	0.515664643815422	0.0983101760722938	0.0432365570811872	1.91942638858271	0.0375895357293492	0.036326350681253	2.72411071169658	1.06040014377747	0.274133785379988	0.320251517686725	0.295597361164412	0.0389772093492616	0.777270479390145	0.320407023078754	0.0330667634882028	0.037122638121475	0.0339473428796314	0.293970513559339	0.7682364429032	0.0323041925761247	0.328375325239832	0.0380783565319434	0.031659799477117	0.728008187547104	0.0320925726074512	0.0359455838973356	0.0267785009532344	1.50007785330704	0.0329486255453155	0.0359846878790728	0.0345584604059267	0.0320673917647747	0.813705260743942	0.309403048249659	0.0316263210470549	0.244490065976779	0.0330061114597653	0.0302930867572672	0.300572907848882	0.0349349437191662	4.03427916034919	0.614144929520532	3.44405591979781	0.910351694593654	6.08414148699153	0.0798583630588712	0.0472292170753556	5.78226108884568	0.0624547418941921	0.534447924982181	0.0398678998722592	2.86774012692289	0.0520502384549956	0.493266646645914	0.116589356879008	0.048880282861571	0.0398958699344323	0.0430524928811284	0.934911928595751	0.0336400258448261	0.0465999915678561	0.042833598512335	0.964329293730975	2.52656071812405	0.744776028130757	0.0553242304563682	6.91491926334815	0.442078799879489	0.037132149930368	0.0468094808439154	0.355817788651412	0.0422531591671027	0.369652164993676	2.04292708889306	0.0371336971964942	0.0463165898977299	0.0614149061444221	1.48661048000523	0.0402783453237588	2.75307776298998	0.881388840669136	0.206590666032243	6.43775048738189	0.277140010434454	0.132613958483454	0.220371788919088
T[C>G]T	0	0	0	0	1	0	0	0	0	0	0	0	0	0	0	0	0	2	0	0	2	0.0521428704283859	0.502025079465836	0.189302236150885	1.21066909471033	0.0320014706001776	0.0479722480884025	2.53632444505268	1.201614291653	2.79815886047268	0.0310577602011495	0.305408595093614	0.0291288202184849	0.352916197398668	0.314734272077616	0.0302540610667052	0.304105290673089	0.0270173946502593	0.347456996105069	0.295815423477072	0.313786647495905	0.769552475791652	0.0333783932355287	0.298946640327191	0.0285706022782043	0.277647643829013	0.288145079317222	0.771094673675374	0.0308436906679123	0.869267014197937	0.0287088667292677	0.027309650518746	0.0342920768507062	0.0337578606779039	0.032943000042754	0.958797178198447	0.0375470473531394	1.7758219831137	0.0293955622143239	1.35005853031085	0.874599835559523	0.311896272341116	0.094189752109858	1.72218654428281	3.39199508326859	2.34914904355596	0.760830894730322	2.88120983385674	0.0577455665825192	11.5214235177857	1.39152844157198	0.582753731961301	0.0368910319358904	1.20083748755281	0.470539969750119	1.24471642855071	0.18084548336465	1.02136364464403	0.0419067328346587	0.0449528456757413	0.045592022623402	0.0455474254456239	0.0472213220709368	0.0472400164672113	0.975574810833295	1.0085472737311	1.84824993123307	0.0515083472118066	0.044418007111315	0.0460762641229452	0.942420849590186	0.317713073700775	1.6496067707539	0.0462252401032353	0.0345929845764791	0.0380488021212129	0.0413138754948221	1.0272702640227	0.123492185532553	4.43842244360553	1.78229646911472	2.18935663008992	1.44813187937542	0.332481996341402	1.2114074781244	0.417659722593177	0.478435982606845	0.267065157979066
T[C>T]A	0	1	0	0	1	0	0	0	1	2	1	0	1	1	1	1	0	2	1	2	1	1.31097413436897	4.40222338984314	0.223980265106714	7.16840085574994	6.68719554777352	11.4411052802453	7.11494890299855	5.57055979772498	7.4511637258158	214.610844548902	172.537032054904	188.141292352184	107.384848007019	195.763277692579	103.055755877013	150.447380693921	112.767145163257	96.8413390998176	277.784547289601	128.834273367965	303.668614471733	137.473564626053	161.573569560256	199.230980573852	291.120253508061	188.355226182574	178.747349622208	145.62747703365	126.950874659659	134.505652054451	92.0913620716365	99.4396168257786	68.730295357188	226.551668193253	122.26247001616	162.999816262375	805.476030744805	111.415616093821	305.737867868456	120.009993803023	122.994185335662	15.8144653474662	13.1737555800867	27.3160253539612	0.639180085306697	8.38343882581474	5.92689889802661	20.6562313798615	34.5751714799593	6.52805949672371	10.9844692132999	45.1479902848146	3.34684554016662	0.344441028227296	0.478912817867873	5.06765269398755	7.2136574738507	13.8290331539521	5.31245638134997	3.48722914368222	8.81911441734075	6.4898582108014	11.8563966506132	0.945830078518592	15.6675882434429	2.59978448039837	9.7199648722084	30.7642111128268	2.04453286049224	15.1902273644244	23.7770540806981	17.0849926567924	0.285183077487157	1.2603624631234	5.52329961607536	4.68050481316064	42.3762827923093	3.60826113066349	223.37505551825	63.0216021513009	1.59179738963214	1.85415416299948	2.33635635666382	0.462158955824465	1.82828682454248	27.752919767376	3.96150487729092
T[C>T]C	2	0	0	0	0	0	0	0	0	0	1	0	1	0	1	0	0	0	0	0	1	1.19211758749173	0.470644198577624	3.83053601933909	1.24410670685239	0.274208487282086	1.80754088878148	6.62409820949179	0.462354284937632	2.7180577385423	384.697215231718	258.845983108739	290.867654323144	159.818971862451	293.902316395076	259.836949509576	266.980416962279	244.487814216547	203.100338066331	394.953732486928	204.157922271352	417.346556955618	284.048668314597	291.382291795279	313.94461151101	471.620162236772	292.781032551913	249.217754766162	292.372382301223	150.771841154867	200.424802366243	199.792436068595	123.752388698725	111.783030865691	351.134069125281	189.282477064532	228.421601410555	1242.56600550041	169.75394417356	317.37404657158	163.291353208361	163.713472075026	3.13205046894942	2.79648049715143	9.92020125041383	1.36489321922749	8.37662352956205	1.93695695802219	15.1005665219881	6.08406546176818	13.579263906152	8.55115132446599	49.0278151702306	0.113400758775294	2.79257673491217	0.466299697923546	0.167602729354861	2.82346042398403	0.243986549624412	7.75826384848856	2.62968423439476	2.66361380964136	2.85409952041484	1.87309394555822	1.05078972650587	3.93930802325474	1.00347091507719	0.263510227094175	6.79371592223252	0.467029385211244	1.22048776764526	11.4409351626977	3.29619019772105	0.0450590802161534	3.44093563832084	2.89893217264073	1.68026647900261	39.1189177032811	8.90843485879029	214.497876980899	52.1332713477627	2.64907410290511	9.14351162323712	2.14534482287935	5.43988805691645	0.931039978951778	13.2234289440088	51.5798273766465
T[C>T]G	2	0	0	1	3	2	0	0	0	0	0	2	2	0	1	2	0	0	1	1	1	3.19582948677454	3.18882112582136	0.302506408109566	0.766374778442901	1.30963050449511	6.70731193681022	0.141701365576074	5.77654301640365	0.411183282928465	148.642595897935	140.773034399837	123.136464786842	67.4915337353298	126.469672478328	77.1689848530822	124.032291119546	87.4364701692882	85.8802053161854	187.630068810319	68.4179987663517	178.066096488109	100.626404881553	125.246965573657	152.982812019737	168.900346598756	121.434602483819	114.095619148137	84.1468751050806	53.5927833800506	66.962755567032	66.3825330469421	71.1278965440298	40.2804066236911	129.460252347092	88.0882252489899	113.409190082346	561.489055611162	98.7254966369218	198.000965187471	88.2623686262527	85.9749738657383	6.30061428667361	3.294558267827	8.49049386341574	0.718577433667243	8.94131296868603	1.00178374969549	2.348387211998	10.4044177784399	12.0577660843046	1.50370264750593	38.9036758700798	0.142941757523363	0.0924268209753352	0.718355990067722	7.27177845397338	4.9000895763875	0.254375251456856	0.0466005503298226	1.0347745921463	0.04187727650554	1.06686559527106	1.72221189508435	0.29127633917146	8.59941808345459	0.0300162358592107	5.85220817552882	0.396480522734023	4.82728761796393	4.3094414961719	0.128475358362107	2.27784667441728	0.118510531678275	3.42238468844085	2.01705324452233	1.60187812324671	17.1172183328065	6.12624063727975	138.920480775585	27.312180032721	2.88426472908419	2.57573872949785	0.743804055823506	0.569929848439804	0.775579528944789	11.306181558084	0.796727815497664
T[C>T]T	1	1	1	0	1	1	1	1	0	1	0	4	2	1	0	1	3	0	1	0	0	1.295748497887	1.25034514427852	0.159496888479721	3.93943095145905	0.029133923708142	16.3282170437269	6.79871850288946	3.49086917810949	0.0393721751467004	308.168478618247	223.656219504344	277.635462703677	109.297188477936	266.458207444101	212.706153140059	239.446207374114	202.155729936417	222.042567036836	366.592339290235	204.879616926118	358.772066901165	281.652145334444	244.250926589019	295.948524118083	500.831694430326	282.653548571393	268.093369182299	260.238292972442	169.911131483757	161.085871478296	177.742834862166	138.246240389515	108.484931794823	298.1639498711	219.468184442804	289.164288984969	1316.54574278782	164.03074212791	436.011309725336	174.333164199469	191.288567953561	3.51920247361177	0.162855330323469	17.6442235171174	0.506082187795072	7.77990476919972	0.20878046083696	6.25190832836683	0.900503990042036	1.45509835605152	25.1137851159581	70.67351124506	4.00860364825632	1.1792227290552	7.96955413773964	9.67360431856649	7.31907529293854	5.26060726275888	1.03838065512526	23.0271487095289	2.6598893509686	15.3440037422227	0.634349044754865	21.0035919736114	15.777986100201	3.68405298066354	6.36163337529153	10.4807152347761	27.8865233002947	15.9113998962403	16.1691242824154	0.237094903340749	2.02419747743593	7.5293580754978	2.23667947688288	1.63044849132502	17.382746285006	21.0286651462393	197.301539318356	56.3821481053081	2.01390353289721	345.792420591022	284.38540692114	1.25046102834608	315.591329317872	336.453485462802	236.629421319469
T[T>A]A	3	12	3	1	8	2	5	2	12	7	2	15	12	7	6	6	3	10	5	6	0	37.7080899519321	12.648759529515	45.4095774106954	12.2328954498433	286.963280188189	35.4476237834678	35.3804881515447	37.7770977750451	20.8374831175542	3.40882902926254	4.18051209433082	11.7897174076194	2.98503898303466	4.84496577535849	6.91962906637465	3.37436700743921	6.90339203165507	0.789189171045396	6.25809181681274	5.7920331053907	9.86683644913513	6.22613456496505	5.17619261148062	5.08416766190017	3.56506654305381	2.31119369772765	8.64004919121282	7.36235499641184	56.3544147464694	2.08448975136746	7.40780775719164	0.0319491017692911	0.48390341828107	0.693817194966079	2.27269785368272	7.70917808702317	18.6440208531334	2.64296296896525	11.2781402987506	2.89613484256451	6.59791781039622	0.494489518223245	0.213632009083753	10.6892632579606	0.621600501924249	0.0571106155952001	3.77689324191196	4.37889130175823	1.52376562876265	3.09522521587938	12.5633431675808	10.6324110548738	26.3600621843262	19.7382910953121	22.2991303059826	42.0359639423734	30.7026708868162	17.2200322332138	26.9342218344009	36.5317883871894	30.650079261274	36.8884560788619	13.1401485371767	27.06351466962	43.9053587574931	506.644517738044	11.8441991248959	36.3539150933347	33.2889228244318	43.4177685658403	43.2205285052876	40.2699093277068	20.487742233315	27.7371294648101	21.0057987858916	24.7785654690282	27.4944598032504	13.7094631184953	81.3723456661174	12.6316290070505	2.55566180234917	69.0524908111244	2.910813936616	2.31170284634307	89.0145546207255	165.025133225309	298.611731878534
T[T>A]C	1	3	3	1	2	0	1	1	2	0	1	5	9	1	4	2	2	5	3	2	2	15.2851115715392	5.83165804711483	13.6137496233022	0.0497974027808998	125.253555277142	2.59740197530033	12.6973072164565	4.82794427200197	11.9838052463963	0.405398765537345	0.302835423146976	1.44084491925275	0.84916901996119	1.38144626974004	0.814078380342624	0.290285957393006	0.0330562131749588	1.38277345731853	0.890189538365646	0.0320634558545389	2.63985957533546	0.0766602166940182	0.741971241704346	1.3940583941844	0.234180929785667	1.90660883387971	0.75193167058274	0.0269253263305478	16.3044975363214	1.4587381366225	0.0302864605292377	0.335735479659961	0.319401733505669	0.785552966051922	1.40661285023566	2.05750683612958	2.39506446859859	0.923529578086644	5.04202649279597	0.786323537840671	5.63024246543822	12.5601835797709	9.73926626340372	33.7899421472526	4.14367303250815	11.6097243064077	0.170197656591515	1.41818726636658	17.1756204741942	3.11798665507557	9.54123229031773	6.52457357360157	5.21293974373769	5.06518131919497	5.95087294538402	15.8391027624495	11.7964847639066	9.14171994283591	4.96339782304921	6.65149085186779	8.65439185990974	5.06411670018805	0.418507272944791	8.54659014934995	2.13551956168312	203.386856920803	12.2122841889135	7.01399072864208	5.1416995590711	14.0574683265231	2.71252381932694	22.6352619166583	12.3323170556964	21.6931361192802	4.02140580484312	30.8937183108186	3.83112467371502	3.41857066676903	27.0438936886218	2.71991995520219	1.95570024052541	0.246333876924296	0.324445592404406	0.0430848727180583	0.29898581229271	0.229444238925935	0.360598624226058
T[T>A]G	2	10	1	0	4	2	2	0	15	4	1	3	5	4	1	4	2	4	4	2	3	8.01235775140497	2.17729868669026	14.6202152979849	5.61783588588164	420.290102506537	26.0041439744497	17.2607867911142	6.97100431654126	17.0670923453817	1.90002866548766	3.39292489724466	4.26213137736432	2.18065705126292	4.31622570318561	4.40354211229584	6.98136567174583	0.0950048519352647	3.24108968830348	2.63668313959885	2.18159042403493	4.94627862711612	0.219164079999077	2.0000475488538	0.283024652111028	9.24835665983413	4.23094744074637	1.34569714884759	0.299643105912043	81.9031897274595	2.01939475564797	2.09904556530031	0.295489259188578	0.0326387564500372	0.353046033487169	1.51020577679717	0.788965763514529	14.0663090747523	1.43542928863138	8.41714396633614	0.82704370463613	6.59807549154002	13.8158944941109	1.69977091857032	17.2403559557896	4.24394490075366	1.33289440883826	2.84085057906121	0.175202715137489	11.477859930904	18.8919014817042	0.899594250642201	13.2780604533519	10.0245699517075	7.59302227552691	7.14950555358076	7.8711516539561	17.3601694247183	41.082160058051	9.77545813681557	10.0736187305756	18.7354132450416	2.73841236585442	14.2193967093293	11.9061540663693	27.8895269240016	518.379931185462	5.49002812557496	17.7669314283339	7.79359170180335	18.6233472086307	8.93570649890756	30.9048817952829	7.42501665850933	9.14528859981179	7.51433697526819	18.1259593373957	2.73322095830207	3.52602438857212	7.81949034729862	0.0429146592318068	1.86362431990828	0.699912310183185	0.682670059074582	3.28930280929838	0.594930624315428	2.07637860933047	1.24081662825956
T[T>A]T	0	7	1	0	1	1	1	1	11	10	5	10	16	1	3	3	3	6	2	3	5	18.2259601929853	33.3454806205308	3.14760595163452	32.5137616507437	1098.81815460572	52.7166563419281	65.5815743115519	33.4580144506895	28.4722341357548	4.11443678209661	3.53505656461429	7.74523826793687	5.4166321311873	2.63704125144246	3.0483017329415	5.96849177630217	2.04502249190698	2.07906005063821	5.67430333539436	0.823875435664063	10.3262247944185	3.38115437196248	4.59363536183861	1.36264171265116	13.6083709065664	1.02280803346561	7.06289323021805	2.77958684204609	88.8525977649046	0.847416369702491	1.45206862224213	3.69660788736992	0.708438978655308	5.70644212811004	1.6279412023594	5.65412225105572	24.6051570261965	3.12752794285771	19.6831368942076	0.12227073159313	10.6774216017113	21.9578838495465	13.3903998476752	23.5201720280122	17.5896893810037	18.6294162061144	40.2991073966026	11.5687164859908	35.4940776597233	9.11419055591847	23.2139226841286	35.7579937224938	51.6201777015002	47.3326524509403	47.5538495176763	75.9243768163972	61.8915066929012	74.9897998813467	65.8027336870087	70.3553094694423	54.4779421721284	52.7643145650488	42.6247394731788	82.8666160711275	89.57725667196	2213.64258753457	52.1726726577587	46.4454101687193	60.8263338689252	93.0297297916459	95.2884278763679	153.725451509329	67.8853501248514	65.5160672693671	54.3787313869367	116.448491027818	0.836379415806156	6.10267721279054	46.8766314711045	2.02814984500153	3.41255673667707	0.576870079906559	1.11706526141621	1.14035218808321	0.642626982945098	1.08792666959532	7.54044398568141
T[T>C]A	0	5	1	0	0	0	2	0	5	3	3	5	6	2	1	1	0	1	3	1	2	0.362487446202105	0.516939956553998	3.20210438867731	0.053599095093483	58.1100250587126	0.0354930451168276	0.384959055022942	4.77993960201084	6.02988674329672	0.456683997200633	1.3550010923437	1.43908552273952	0.858895347231236	0.271297732944159	1.40632806226971	0.784037047682078	1.38803203797897	1.41028997081442	4.5558185416474	0.328449829230563	3.10342001124958	3.88449063522118	2.77657900529757	1.97461277742794	1.95096257060446	1.35917112741608	0.8058852427017	1.33387590713165	7.24497339853254	1.41800961951699	2.08561914017725	1.39677512163022	0.0291068953381812	7.76428686195396	0.336509696538238	0.486456071875396	13.7052516391842	0.989989184319777	10.3981164032821	2.14727627032124	8.39538726330728	4.0350393050792	4.33141911138967	5.79811559925849	2.87038185224251	5.40084093435894	4.07296778886936	7.47680822087109	11.3602069852214	6.19246383136614	3.71847375835776	4.52122528348136	5.15624302743677	0.0421167085962605	5.94572555647074	21.4475625900825	6.90527392143803	18.9225166588088	9.89784691493393	8.91904344374726	8.96184492687787	1.06444764486769	8.08154530015001	14.6467434564718	8.31076795183948	84.162902000321	3.23167916857125	4.70185732638247	8.71613724407262	8.53493690222547	4.63601241038173	15.9753406008773	1.13874155905648	3.52922615348042	3.04351218104097	5.4002436300541	37.0993866473137	24.7431222910862	395.342108346905	50.9105981186578	3.20324522982803	14.6650768711431	0.447608332747467	0.0528159686236021	2.37551410446652	0.579210483975755	0.539675937789546
T[T>C]C	1	0	0	0	1	0	2	0	3	3	0	2	5	1	1	0	0	0	2	2	2	1.6539212640309	4.59726034195576	2.64024009876269	13.9225989648984	99.348662319639	21.1309653024465	12.2524653656595	6.97368984040556	22.7545553757	2.57324496491746	0.574205612547524	4.35103822918265	2.14231868990116	0.772921737532938	3.09138927882732	2.0413606989092	1.97648207387248	1.41096197636255	1.27962254383929	0.0325768776932809	7.45491059044306	3.63461274488414	1.97662246226973	4.23420776049528	6.47922558528296	5.09430987288489	0.757053166228415	0.301937146041317	14.9885838588194	0.524444136272646	0.317323905572437	0.819399957228816	0.0315734891944257	2.78038550363478	0.78085627009318	0.07372964988811	6.15001234465057	0.0308460234763474	6.76711816703904	0.296755432532247	3.820677694314	0.691960088864454	1.52745428642605	3.42460144788811	0.615788877719927	12.171232272082	2.22584503960058	4.87308719994581	3.50005909050929	6.26756642944917	0.323590856812318	9.87574393297344	2.83105046179805	10.0806381066524	9.764658564262	17.7217097116048	11.9564295158453	14.7556052212611	1.10440722415215	14.7322099501695	29.0975341499742	3.77129623445162	4.87493260325725	11.1322130079963	17.6479702606046	157.997056931455	8.36553577674185	5.44456801272427	7.33454799936659	8.87643960746422	10.2555852259949	29.5761466814039	14.8357480425996	19.1391463111344	6.9288713357758	26.4949382372417	10.6991364339417	4.76969180248431	66.1028954270462	7.9452223647425	10.6167871938736	0.313944770696803	0.6762081362801	1.25122125193841	0.913206655582163	1.920337611572	0.798073358116001
T[T>C]G	2	6	0	1	2	2	3	3	7	3	0	5	10	2	2	4	1	0	2	1	1	3.26408960863905	4.59095256438832	9.35866538147065	4.26178312577941	69.7209831714757	0.0390331238169695	4.55186453025134	7.15602120381537	3.76231416892287	1.99827573006729	0.215037165017445	3.47202274753521	0.0376538190480082	0.78539125989128	0.304535165865379	2.07985778222718	0.3104185748372	0.0284776956143825	2.17509411625326	0.321472324967995	2.60786701268371	8.96334458566905	0.726789707438145	1.22086472079117	1.07276446398406	0.736676658910079	0.670076667303296	1.05905465373108	20.2110080856971	0.29052313341753	0.79495778344553	0.153557000282101	0.290754276638108	1.95530516298436	0.852786363464289	0.772058768922275	2.3662231584028	0.329472484511261	1.52154466162583	2.05940668859563	6.45158570386064	0.559359447786119	4.76379531794393	1.27360802864066	0.217725418566971	3.34906545897461	1.64937459222072	1.32480378102693	18.7126883754721	12.3609920165214	3.76822888946795	0.685206793918978	1.91435163257023	2.88633499761044	0.480220300253651	6.82087850668919	2.75923548896856	5.52995988013798	2.8587612631646	4.47558196435789	0.0444501485568776	4.63576786417083	1.07304141131577	0.972755515155168	8.65167841421812	63.8391685079938	2.13102359323731	2.7247012205436	5.14186534793402	2.46107602261374	1.0423220148571	9.19254338471787	2.94080131087689	15.3861469013102	1.11935048586417	7.09424308733644	11.7886004661163	5.53517943895091	164.183600844048	15.6746341138568	3.6150200946786	1.14810699788395	0.560052369362034	5.39964846398327	0.558602435770188	0.629187205173132	0.494622833926579
T[T>C]T	0	4	1	0	1	1	0	1	4	3	0	6	1	3	2	0	2	1	1	2	1	7.84985691441082	16.0717615893565	21.5008595040917	22.6553256020803	257.455061243901	20.4167556891723	44.2695693990322	41.6741171167899	28.3124244373273	2.76661480244618	1.32553802897119	3.26742527266083	5.22991279458741	1.97941234542359	1.37535982983671	1.35493544466309	2.76318562653575	1.42825673089952	4.5575441420074	0.845838763248079	13.1027631324614	5.22384169510891	0.780736153093512	1.87273553933144	5.64198332825146	4.27908500677091	2.05403643296223	0.284910708789765	35.4346218407589	0.330056116632807	2.85544311937178	0.81947049002805	2.05148370145934	5.92138068079854	2.80145562126946	0.321081564839881	13.5558927009983	2.15299590137391	15.5577194245054	0.791899927794927	3.77147344156004	14.2106798781196	18.6799746072097	4.94173399672864	1.22177086915131	6.04123222672621	12.6970403996094	3.5298041741556	28.6784259478661	0.0511082262128632	2.75671013495627	29.4093611788309	33.8117035462241	36.4478247013427	24.9318057944451	49.1150492290161	17.3142005498264	30.641998397007	51.0666423912438	56.9670566634192	52.8117980620418	38.554926558529	57.9379639451273	58.0484468640018	35.3224592873494	509.268289998881	28.6386209778861	21.6709768728504	44.8424809871323	33.9796166439595	29.3777752979647	95.9578706628923	33.2350963170472	47.0441004044577	35.6675737444686	48.9088107156645	4.83420925664908	0.0580226831453514	111.116873099929	5.06986766676677	3.35661340269574	0.671518996622421	1.11276487026423	1.19105268310735	0.658561140904885	1.62991698630949	0.892419513550532
T[T>G]A	2	1	0	0	2	2	1	1	5	3	2	3	3	7	1	1	1	3	1	1	1	9.59378297773237	0.124004695561303	0.813776589307457	1.20308187518462	2.63937652521371	0.0450199897673333	2.66014595825301	1.4220620006833	0.0455527454682665	0.296298415550048	0.297503699374793	0.030294461151394	0.310598893158281	1.32415953065	0.13255656174062	1.35882749239696	1.43295435650535	0.0391534738345833	0.743366512392298	0.034159099623215	1.30409418370587	0.0368233570578581	0.305240618259415	0.308577389956845	0.770286166783853	0.0279021039639244	0.0352106445611746	0.304363352271918	0.298303865013466	0.309843760718387	0.0378976897165553	0.0317948460484664	0.36800608922079	0.0338270509086518	1.39876848133973	0.485356818992668	1.17864075676804	0.742214148156013	2.68296562230288	0.304994267291229	0.316159672402745	0.203131266828993	1.70282037104666	0.164728870749322	0.214777462662808	0.0521487207851356	5.71724338799373	8.51320114843145	5.97320563559483	4.99612601299432	7.8280339442679	1.01874738722841	0.426520393602923	1.11545616860243	2.20859652003733	0.0348444291358635	0.0454525674904107	1.83685145867739	1.89219701363883	0.977852663159803	0.0389355538523259	1.05837386811906	0.0526713340355145	1.00627851030091	0.0455088988448962	3.21730421415544	0.0560282296021193	1.81997249313418	1.1577315562904	3.44994648730339	0.0477964405627465	7.12413498799067	1.03485685959412	3.38264694748913	2.90442302792029	8.57350952049611	9.63776486249616	3.57003554448491	9.1269903417052	0.98128348047067	2.56488942653947	1.29424502638015	1.04248889816956	0.0593788032264568	0.331264671507263	0.363584863495242	0.407577538224233
T[T>G]C	0	0	0	0	1	0	0	0	1	0	0	2	2	0	3	0	2	0	1	0	1	1.23403550514963	3.3546414750874	0.342548638259571	3.22825134115605	0.0243685473609194	0.0500631604696328	0.0408363011745457	2.75075700906768	2.90042262066219	0.0380419568118728	0.7384247647125	0.782351163028477	0.0344000287168007	0.311904368332861	0.320273802494153	0.0304618024630771	1.46826425162187	0.327092355132429	0.306572789504087	0.333322575950837	0.963390933333323	0.881033654060826	0.0328052917340761	0.033565261726799	0.0841058485896612	0.307696339213264	0.787262133484555	0.035573456140853	1.4121377142686	0.0316186568490727	0.0315457753461353	0.0403362542291176	0.0350434138553207	0.0330201402421343	1.45642792153234	0.289822912253106	1.76879658494239	0.0304677044613483	2.79749109743187	0.0356653134535215	0.85473874406665	1.90243554413242	0.0701971327852208	1.2283960905499	0.122800582751006	3.59013643558939	2.66236594291817	0.208975545355689	3.39097959691216	6.22344162877937	0.214399468603504	1.77016962373134	0.0501736201081069	0.0440409157034815	0.519217334438374	0.378362787351371	4.9328436354009	0.353070614472686	1.06783756486571	0.0437991448902724	0.0436237163610921	2.73105941791554	0.0484246555949375	0.0458796513087365	0.035589536719558	0.0344086846551419	0.0451584532379761	0.973671643079863	0.403936283506156	0.0362537925436547	0.0418176898679447	0.789417073771294	0.0440476647853341	6.57731690750035	0.467016120975877	3.44549584211324	4.69274037373998	3.56166166726256	2.09863445242431	0.42513437035257	9.5016433521682	2.14223861496539	0.863435360980785	3.14211089977511	0.957922574845768	1.10956094886061	0.329426874230016
T[T>G]G	0	4	0	0	2	1	2	1	6	2	1	5	8	3	2	1	2	4	5	4	3	3.23376955812381	1.24870734850392	12.5057025345713	1.21233644820492	27.3625381461118	2.73779014105277	2.66979897118249	1.03154097827964	0.457431039579068	1.33011361479028	0.31536749339166	0.296416200391214	2.19841849370855	1.33713034704959	1.35935762299425	0.738545364230149	0.83402756156652	0.808221526914148	0.0308282738024403	0.318943670629177	2.29389297587496	4.05441681758826	0.753759737478199	1.43179744115352	0.295846456252885	1.34948757721628	0.776944906774469	1.3067695153566	8.11559012443357	0.839272916912942	0.283554383318188	0.81763250467668	0.0341965966874343	0.328026087389705	2.12542360572853	0.332993471464301	5.42592322073766	0.322550573569165	5.09498398497686	0.833904668970689	1.56065695457528	5.56410597478605	1.73168840290123	0.849468633447654	6.07879047373741	6.17054058882646	1.54286060419676	0.850096338921633	8.44583638099639	3.5663668651665	0.861907067639244	1.67601425625939	5.02276934344525	5.1223330471485	1.2998238626684	6.08839192464169	2.80009566499464	7.95856896290357	0.0455063100894832	3.58475971937527	6.7044389949202	2.78542125970523	2.76721775352626	9.8053649322766	0.975189176878053	30.8567052524702	3.35799076061914	5.74718021466891	2.89049629282044	10.016427639443	1.05813620294906	11.9061123059828	0.432912236346549	16.5710447200269	3.24529867807392	9.86653600321909	1.90634995968518	0.0514593743632808	2.84037218784889	1.76949911706015	28.9861749299966	0.372965632326437	0.294026928616545	2.30341352845139	0.245700327911153	0.427695107105458	0.320222992353658
T[T>G]T	2	5	0	1	1	1	7	2	14	2	1	5	7	3	3	4	1	9	0	1	4	0.0572628161739285	4.60867024284044	17.4409870202285	2.75073376315075	2.60034729185098	4.564194200321	11.2469098132747	38.7148253294971	22.450729220592	0.712280812742084	0.318165758229544	0.292282869989784	2.5823333449882	3.48267110535474	0.29365602298101	0.0991525699229311	2.79178996737595	2.86289097398083	0.299533276786019	1.3736595641587	6.23714635808938	2.58134586243199	0.753045118138055	0.299548265778601	3.00889340967386	1.32276079327278	1.33464569043174	0.129322929983805	0.349941122651292	0.296555920143049	0.795916235379057	0.30878092421835	0.355057149386931	3.49626850081663	3.63063392622957	0.785917299925268	6.86633245611218	0.134794359509326	8.38256171538379	0.476789289845435	3.92961142094591	10.4486240561616	7.57798206163511	14.5926605876663	0.470157630698696	15.1219902418677	4.04370209893402	14.9787885795634	25.2688384352071	0.598783169579091	2.49911026966788	1.9114675173981	7.32415500958106	5.16335985626252	1.5528786311776	7.21773428587817	13.6331337276904	4.52694810025209	2.94325208845054	6.675644638242	4.50305124681836	5.13818393861144	1.07262458697397	10.8963677517534	4.34310590010526	8.62921600790837	5.53096218311627	4.53554784187785	4.15671864922695	16.2913153079505	2.6755513690464	15.6081513730033	9.74058801798786	33.3192721055698	18.1018540876677	20.3443158141157	17.2438372899523	6.04350269186476	8.79287574185675	0.392412089680005	1.51047941230526	0.37596121002549	0.666464699340547	2.13075496580844	0.458197636825244	0.20427815016589	1.34952405535563
