MutationType	BEAS-2B_3-aminobiphenyl__Genome_3	BEAS-2B_4-(methylnitrosamino)-1-(3-pyridyl)-1-butanone__Genome_1	BEAS-2B_4-(methylnitrosamino)-1-(3-pyridyl)-1-butanone__Genome_2	BEAS-2B_4-(methylnitrosamino)-1-(3-pyridyl)-1-butanone__Genome_3	BEAS-2B_4-(methylnitrosamino)-1-(3-pyridyl)-1-butanone__Genome_4	BEAS-2B_4-(methylnitrosamino)-1-(3-pyridyl)-1-butanone__Genome_5	BEAS-2B_Benzo[a]pyrene__Genome_1	BEAS-2B_Benzo[a]pyrene__Genome_10	BEAS-2B_Benzo[a]pyrene__Genome_2	BEAS-2B_Benzo[a]pyrene__Genome_3	BEAS-2B_Benzo[a]pyrene__Genome_4	BEAS-2B_Benzo[a]pyrene__Genome_5	BEAS-2B_Benzo[a]pyrene__Genome_6	BEAS-2B_Benzo[a]pyrene__Genome_7	BEAS-2B_Benzo[a]pyrene__Genome_8	BEAS-2B_Benzo[a]pyrene__Genome_9	BEAS-2B_Methylnitronitrosoguanidine__Genome_1	BEAS-2B_Methylnitronitrosoguanidine__Genome_2	BEAS-2B_Methylnitronitrosoguanidine__Genome_3	BEAS-2B_Methylnitronitrosoguanidine__Genome_4	BEAS-2B_Methylnitronitrosoguanidine__Genome_5	BEAS-2B_Norharmane__Genome_1	BEAS-2B_Norharmane__Genome_2	BEAS-2B_Norharmane__Genome_3	BEAS-2B_Norharmane__Genome_5	CEM_5-Aza-40-thio-20-deoxycytidine__Exome_1	CEM_5-Aza-40-thio-20-deoxycytidine__Exome_2	CEM_5-Aza-40-thio-20-deoxycytidine__Exome_3	CEM_5-Aza-40-thio-20-deoxycytidine__Exome_4	CEM_5-Aza-40-thio-20-deoxycytidine__Exome_5	Colon_organoids_GammaRay__Genome_1	Colon_organoids_GammaRay__Genome_2	Colon_organoids_GammaRay__Genome_3	HEK293T_Styrene_Oxide__Genome_4	HFF_4-Nitroquinoline_N-oxide__Genome_1	HFF_4-Nitroquinoline_N-oxide__Genome_2	HFF_UVA__Genome_10	HFF_UVA__Genome_3	HFF_UVA__Genome_5	HFF_UVA__Genome_7	HFF_UVA__Genome_8	Intestinal_organoids_5-Fluorouracil__Genome_1	Intestinal_organoids_5-Fluorouracil__Genome_2	Intestinal_organoids_Colibactin__Genome_1	Intestinal_organoids_Colibactin__Genome_2	Intestinal_organoids_Colibactin__Genome_3	Intestinal_organoids_Colibactin__Genome_4	Intestinal_organoids_Colibactin__Genome_5	Intestinal_organoids_Colibactin__Genome_6	Intestinal_organoids_Colibactin__Genome_7	Intestinal_organoids_Colibactin__Genome_8	Intestinal_organoids_Colibactin__Genome_9	MCF10A_Cisplatin__Genome_1	MCF10A_Cisplatin__Genome_2	MCF10A_Cisplatin__Genome_3	MCF10A_Cisplatin__Genome_4	MCF10A_Cisplatin__Genome_5	NTERT1_Simulated_solar_radiation__Genome_1	NTERT1_Simulated_solar_radiation__Genome_2	NTERT1_Simulated_solar_radiation__Genome_3	NTERT1_Sodium_arsenite_Simulated_solar_radiation__Genome_1	NTERT1_Sodium_arsenite_Simulated_solar_radiation__Genome_2	NTERT1_Sodium_arsenite_Simulated_solar_radiation__Genome_3	TK6_Captafol__Genome_1	TK6_Captafol__Genome_2	TK6_Captafol__Genome_3	U937_5-Aza-40-thio-20-deoxycytidine__Exome_1	U937_5-Aza-40-thio-20-deoxycytidine__Exome_2	U937_5-Aza-40-thio-20-deoxycytidine__Exome_3	hTERT-RPE1_CX-5461__Genome_1	hTERT-RPE1_CX-5461__Genome_2	hTERT-RPE1_CX-5461__Genome_3	hTERT-RPE1_CX-5461__Genome_4	hTERT-RPE1_CX-5461_TP53-/-; BRCA1-/-_Genome_1	hTERT-RPE1_CX-5461_TP53-/-; BRCA1-/-_Genome_2	hTERT-RPE1_CX-5461_TP53-/-; BRCA1-/-_Genome_3	hTERT-RPE1_CX-5461_TP53-/-; BRCA1-/-_Genome_4	hTERT-RPE1_CX-5461_TP53-/-; BRCA2-/-_Genome_1	hTERT-RPE1_CX-5461_TP53-/-; BRCA2-/-_Genome_2	hTERT-RPE1_CX-5461_TP53-/-; BRCA2-/-_Genome_3	hTERT-RPE1_CX-5461_TP53-/-; BRCA2-/-_Genome_4	hTERT-RPE1_Etoposide_TP53-/-; BRCA1-/-_Genome_1	hTERT-RPE1_Etoposide_TP53-/-; BRCA1-/-_Genome_3	hTERT-RPE1_Pyridostatin_TP53-/-; BRCA1-/-_Genome_1	hTERT-RPE1_Pyridostatin_TP53-/-; BRCA1-/-_Genome_2	hTERT-RPE1_Pyridostatin_TP53-/-; BRCA1-/-_Genome_3	hTERT-RPE1_Pyridostatin_TP53-/-; BRCA1-/-_Genome_4	hTERT-RPE1_Pyridostatin_TP53-/-; BRCA2-/-_Genome_1	hTERT-RPE1_Pyridostatin_TP53-/-; BRCA2-/-_Genome_3	hTERT-RPE1_Pyridostatin_TP53-/-; BRCA2-/-_Genome_4	iPSC_1,2-Dimethylhydrazine_S9_Genome_1	iPSC_1,2-Dimethylhydrazine_S9_Genome_2	iPSC_1,2-Dimethylhydrazine_S9_Genome_3	iPSC_1,8-Dinitropyrene__Genome_4	iPSC_1,8-Dinitropyrene__Genome_5	iPSC_1,8-Dinitropyrene__Genome_6	iPSC_2-amino-1-methyl-6-phenylimidazo[4,5-b]pyridine_S9_Genome_2	iPSC_2-amino-1-methyl-6-phenylimidazo[4,5-b]pyridine_S9_Genome_4	iPSC_2-amino-1-methyl-6-phenylimidazo[4,5-b]pyridine_S9_Genome_5	iPSC_2-amino-1-methyl-6-phenylimidazo[4,5-b]pyridine_S9_Genome_6	iPSC_2-amino-1-methyl-6-phenylimidazo[4,5-b]pyridine_S9_Genome_7	iPSC_3-Chloro-4-(dichloromethyl)-5-hydroxy-2(5H)-furanone_S9_Genome_2	iPSC_3-Nitrobenzanthrone__Genome_4	iPSC_3-Nitrobenzanthrone__Genome_5	iPSC_3-Nitrobenzanthrone__Genome_6	iPSC_5-Methylchrysene_S9_Genome_1	iPSC_5-Methylchrysene_S9_Genome_2	iPSC_5-Methylchrysene_S9_Genome_3	iPSC_6-Nitrochrysene__Genome_1	iPSC_6-Nitrochrysene__Genome_2	iPSC_6-Nitrochrysene__Genome_3	iPSC_6-Nitrochrysene__Genome_4	iPSC_6-Nitrochrysene__Genome_5	iPSC_6-Nitrochrysene_S9_Genome_1	iPSC_6-Nitrochrysene_S9_Genome_3	iPSC_6-Nitrochrysene_S9_Genome_4	iPSC_6-Nitrochrysene_S9_Genome_5	iPSC_Aristolochic_acid_I__Genome_1	iPSC_Aristolochic_acid_I__Genome_2	iPSC_Aristolochic_acid_I__Genome_3	iPSC_Benzo[a]pyrene-7,8-diol-9,10-epoxide__Genome_1	iPSC_Benzo[a]pyrene-7,8-diol-9,10-epoxide__Genome_2	iPSC_Benzo[a]pyrene-7,8-diol-9,10-epoxide__Genome_3	iPSC_Benzo[a]pyrene_S9_Genome_2	iPSC_Benzo[a]pyrene_S9_Genome_3	iPSC_Benzo[a]pyrene_S9_Genome_4	iPSC_Benzo[a]pyrene_S9_Genome_5	iPSC_Benzo[a]pyrene_S9_Genome_6	iPSC_Cisplatin__Genome_4	iPSC_Cisplatin__Genome_5	iPSC_Cisplatin__Genome_6	iPSC_Dibenz[a,h]anthracene-diol_epoxide__Genome_1	iPSC_Dibenz[a,h]anthracene-diol_epoxide__Genome_2	iPSC_Dibenz[a,h]anthracene-diol_epoxide__Genome_3	iPSC_Dibenz[a,h]anthracene-diol_epoxide__Genome_4	iPSC_Dibenz[a,h]anthracene-diol_epoxide__Genome_5	iPSC_Dibenz[a,h]anthracene-diol_epoxide__Genome_6	iPSC_Dibenz[a,h]anthracene_S9_Genome_1	iPSC_Dibenz[a,h]anthracene_S9_Genome_2	iPSC_Dibenz[a,h]anthracene_S9_Genome_3	iPSC_Dibenzo[a,l]pyrene-diol_epoxide__Genome_1	iPSC_Dibenzo[a,l]pyrene-diol_epoxide__Genome_4	iPSC_Dibenzo[a,l]pyrene-diol_epoxide__Genome_5	iPSC_Dibenzo[a,l]pyrene-diol_epoxide__Genome_6	iPSC_Dibenzo[a,l]pyrene_S9_Genome_1	iPSC_Diethyl_sulfate__Genome_2	iPSC_Diethyl_sulfate__Genome_3	iPSC_Glycidamide__Genome_1	iPSC_N-Ethyl-N-nitrosourea__Genome_1	iPSC_N-Ethyl-N-nitrosourea__Genome_2	iPSC_N-Ethyl-N-nitrosourea__Genome_3	iPSC_N-Methyl-N-nitrosourea__Genome_1	iPSC_N-Methyl-N-nitrosourea__Genome_3	iPSC_Potassium_bromate__Genome_2	iPSC_Potassium_bromate__Genome_3	iPSC_Potassium_bromate__Genome_5	iPSC_Propylene_oxide__Genome_1	iPSC_Propylene_oxide__Genome_2	iPSC_Propylene_oxide__Genome_3	iPSC_Simulated_solar_radiation__Genome_1	iPSC_Simulated_solar_radiation__Genome_2	iPSC_Simulated_solar_radiation__Genome_3	iPSC_Temozolomide__Genome_1	iPSC_Temozolomide__Genome_2	iPSC_Temozolomide__Genome_3	iPSC_Temozolomide__Genome_4	iPSC_Temozolomide__Genome_5	Breast_organoids_GammaRay__Genome_1	Breast_organoids_GammaRay__Genome_2	Breast_organoids_GammaRay__Genome_3	Breast_organoids_GammaRay__Genome_4	HAP1_CX-5461__Genome_1	HAP1_CX-5461__Genome_2	HepaRG_Aflatoxin_B1__Genome_1	HepaRG_Aflatoxin_B1__Genome_2	HepaRG_Aflatoxin_B1__Genome_3	HepaRG_Pyrrolizidine_Alkaloid__Genome_1	HepaRG_Pyrrolizidine_Alkaloid__Genome_2	HepaRG_Pyrrolizidine_Alkaloid__Genome_3	HepG2_Aflatoxin_B1__Genome_1	HepG2_Aflatoxin_B1__Genome_2	HepG2_Aflatoxin_B1__Genome_3	HepG2_Cisplatin__Genome_1	HepG2_Cisplatin__Genome_2	HepG2_Cisplatin__Genome_3	HepG2_Duocarmycin__Genome_1	HepG2_Duocarmycin__Genome_2	HepG2_Duocarmycin__Genome_3	HepG2_Duocarmycin__Genome_4	HK2_Aristolochic_acid_I__Exome_1	NHU_Benzo[a]pyrene__Genome_1	NHU_Benzo[a]pyrene__Genome_2	NHU_Benzo[a]pyrene__Genome_3	NHU_Benzo[a]pyrene__Genome_4
A[C>A]A	0.284522277	111.9807915	82.96170131	113.0983782	78.86499272	120.9627086	152.8571191	825.0070849	162.0559342	136.4527167	109.673764	138.524623	602.0297531	386.3483509	751.3654205	739.2264822	3.472413996	0.496164243	1.443400886	11.90000307	0.526692157	0.416235703	0.269080975	13.1193413	4.645514991	0.545742114	0.359839112	2.061640132	6.152797724	1.211843273	61.42464204	86.70249801	60.98674917	0.349957878	63.74625831	124.4783043	19.62198259	0.960316367	0.730533442	6.767894636	19.3371425	0.580662556	0.694340016	35.28455697	3.688293185	31.29597672	27.52854212	21.01043846	15.22351371	1.671164277	1.911474152	3.477477588	23.06301829	0.436308981	5.911709507	0.563951757	45.51300197	8.559694909	26.75074739	2.561238932	14.15686438	15.34419725	22.93556618	36.05568035	76.93388931	122.1271225	0.039798097	0.034628076	0.610488224	495.0034194	405.8118796	449.9979511	481.490361	477.1513401	482.1171701	509.1754794	474.1500439	686.6036587	740.480974	751.2255503	732.3783315	3.955088491	3.023043579	0.712348672	0.734847817	1.560635559	1.704032854	1.182696699	0.593837489	0.755911306	11.44228529	0.771074043	5.65790777	1.863600842	1.083659654	0.386321211	22.71314241	6.140301681	1.361985256	19.79479539	2.653248535	25.53461039	2.812090101	1.85406205	0.706071876	32.40057605	16.31434861	39.22206367	1.73973637	12.1285688	7.6838439	12.34622214	3.007532318	0.626893982	3.026882115	12.9991625	14.08635819	4.872786108	15.39581391	4.215259097	118.1429017	38.60362635	62.01500138	0.510474843	8.050557799	11.53323871	1.681553119	0.411018657	0.26514792	0.433101506	0.241777382	72.01442105	101.4200633	91.68704084	24.30387936	58.24523727	30.75685239	58.1296159	12.39354708	29.67785274	0.239684256	3.962020971	1.147161118	8.763712534	1.557634614	1.153947075	0.644980221	1.051178562	19.06380133	16.68519046	9.013580376	2.985435416	0.286441333	34.44235683	48.5751538	43.71687691	6.235424389	0.945909989	0.949510872	7.02412159	3.226303813	2.008055663	0.365655351	0.667047589	0.654315847	0.470439501	0.211509285	25	34	1265	379	137	130	929	849	178	177	119	113	324	479	307	371	348	221	552	253	145	185	0	38.43884698	37.05477916	26.36332045	37.175062
A[C>A]C	0.172417255	23.3367521	15.71634951	22.16845442	12.17563184	32.72059847	183.2916678	1132.537385	183.0841378	179.2818724	118.0860756	182.2514363	752.3451754	436.1928735	986.271891	1098.522218	0.189538028	0.334036281	0.401820015	1.927455549	0.20737674	6.652892815	10.73507947	3.58825154	13.224297	0.311627325	0.125642478	1.093871318	0.096644263	1.894325307	37.75654827	47.04636321	41.20116755	2.100989729	28.09967826	40.26643066	1.701969414	1.729757494	1.372271422	4.675823307	4.466177815	2.722043421	0.263185627	2.382450061	10.65969953	0.19468542	0.459506413	1.297192299	0.042328549	0.168218918	0.483992746	0.445636317	171.1188692	3.650252735	3.013672439	2.086070634	74.22876308	0.067284258	3.172368144	1.594966827	0.22891735	1.00498813	1.588275483	6.206053618	0.504809616	0.280220597	0.328005701	0.035374445	0.031259919	6.014499188	20.86491752	10.74795864	9.336533519	22.26285545	18.68776438	19.37618957	22.2657111	23.31085205	32.09950489	31.15259902	33.77295974	0.698744146	0.610210311	0.353907358	0.948960751	0.909299755	0.923883922	0.721001244	1.693869536	2.922556296	7.164505073	0.291560436	2.361043912	31.97115997	25.05115081	11.90433941	37.67861462	21.80278087	17.04242732	72.95872597	54.07555473	27.948646	9.869990644	0.295318798	6.325604591	36.221111	20.04404699	29.49451618	1.787311147	6.203013704	0.219336235	1.726991478	3.299477647	1.729116916	0.566443404	8.211856461	5.854415271	2.831506722	2.06331816	2.413645618	207.3331242	71.66172603	138.82026	15.01353697	9.285404782	18.60202056	23.4976728	13.34425877	90.74832069	39.12097242	113.0904006	59.49338033	65.76234987	39.0766392	19.82584274	25.2322211	32.51346959	25.71009819	10.71578995	14.9335666	0.339753241	0.568413538	3.324699254	1.907488244	0.077718538	0.417214257	0.179884228	0.513541839	2.25257323	4.09876506	3.059478084	0.120011042	0.131242236	0.265212458	0.155337384	0.678828346	1.273823972	0.15691427	0.089851322	0.75598881	0.032306958	0.132652368	0.244757604	0.154800667	0.048130749	0.43156449	0.78061182	18	41	1292	476	24	24	502	477	83	102	64	55	185	186	116	860	867	583	121	61	47	55	1	27.20188577	29.01158967	27.41484788	26.09327448
A[C>A]G	0.40290576	4.778151664	1.523249667	9.222192895	5.643479354	2.472630599	88.02287845	450.9654861	74.73979359	67.41587221	35.20537985	69.03935837	345.4611716	153.8587394	479.0388837	449.6374025	2.785841908	0.11976252	0.201502238	0.127275845	1.694521181	13.5152091	0.304671482	8.01414016	3.53650783	9.811871811	0.266493486	7.019161086	12.55731607	21.46370877	6.483014798	3.996319018	0.159539344	0.693925882	26.72932553	41.24101225	5.498447617	0.307197121	1.978455704	7.117727548	11.01501956	0.110870894	0.062650751	0.274405026	0.699840284	0.036988812	1.231101393	1.476938206	0.100559772	5.377498709	4.267536768	0.059305599	5.416571601	4.656119905	0.672878611	1.137355405	3.468404739	0.359903399	0.037960907	0.036718586	0.030984959	0.035532557	0.031411799	2.417039144	1.126606069	9.591129416	0.909480769	0.782856142	0.336996204	5.603071698	4.533224061	2.679285165	4.600685479	9.95228407	10.61042496	11.47493625	12.33654049	8.16302342	8.943906	7.348474391	5.448775053	3.629382446	1.536501836	0.697151119	1.901274674	1.177516783	0.621888314	0.662698806	0.76269261	0.507228771	1.461723816	1.48866639	0.097774339	4.397603411	0.501093719	1.209025208	1.626454076	1.153590493	2.875817414	2.621004615	0.633238571	1.93524988	1.698175915	6.28875484	1.150090547	18.59364585	17.85546984	23.14420408	1.906913481	4.938989022	0.115118429	4.587921587	1.547492751	2.150297043	0.324096372	6.981438281	6.741965492	0.040929286	0.109990226	0.24688873	71.10977123	12.7448138	39.09185221	4.14601305	5.620461403	3.422475705	12.01086692	1.212155029	0.353285112	0.050252513	0.096010142	49.57966441	54.51447373	60.00725803	17.43914744	14.25080341	23.97188527	30.74197002	17.02391281	16.07906201	6.464668605	3.000292708	0.925454222	0.246322105	0.124411868	0.236605622	0.902218778	0.677247333	0.318505609	4.209319571	0.725439345	0.051979165	0.258405455	0.745701239	0.297501812	1.932993827	0.287030386	0.054526451	0.124273518	0.033870111	0.031930529	0.181458113	0.278141482	0.230162434	0.17959964	0.153144109	0.10668236	2	8	415	166	4	8	411	373	79	22	8	11	110	115	73	35	27	22	141	48	9	11	0	11.29684196	15.2288658	14.42182794	10.57761334
A[C>A]T	0.144132939	36.37997793	31.16289199	43.83720942	38.12295695	64.3569322	140.0339256	542.0710621	121.3821349	110.0052008	80.41239166	94.65439974	402.7440644	208.688086	565.1202782	592.3267945	0.267392173	0.403283587	3.166463311	4.264203489	0.415120117	0.583254125	2.032379582	5.691622411	16.52802851	0.103889447	0.151529564	0.368139566	0.090810796	0.711348285	25.99054339	40.79560444	20.92889144	0.233254129	126.277167	149.2893892	34.48774441	3.383465975	4.441058858	12.59837336	19.32608008	0.469469929	0.237231102	7.065255946	0.302722334	9.277156261	1.918919924	5.721388658	6.558941684	7.567482298	2.555730399	0.408263832	117.2667653	0.419535225	1.585727161	0.550970098	32.81009307	1.194136232	4.563794965	3.03652368	10.63481027	4.811282803	4.440048477	9.55528111	10.27733995	0.823109099	0.035785012	0.02989995	0.031394769	66.80751213	66.61382983	43.93149461	80.1959871	77.43726831	84.36697347	89.28345738	86.46004374	79.26297191	76.34622009	70.69855045	67.30027181	12.16545816	1.532582611	3.135641601	2.075699293	0.847916443	1.427299761	0.609236838	1.084536782	1.640538101	12.46296514	3.965951152	0.908226077	20.10577779	3.251751467	4.317614896	30.83242144	12.82243533	27.09682469	57.43938316	31.14418944	49.54779274	1.568009654	3.383299819	1.90547468	37.94913071	33.76330903	35.48923517	0.45395593	5.55511176	0.24697906	0.658374568	5.360637998	0.148111935	0.265574631	0.716873956	0.277047442	0.180593202	0.227171306	0.326921114	132.0877512	46.27614762	57.90063793	5.317297476	0.509718854	0.904787959	11.7454308	2.108523204	15.57005536	4.610269247	16.85961699	65.35875016	90.38629368	70.21209696	15.67371832	29.69454955	28.92596661	37.00413261	11.6015392	14.33411413	0.798705588	1.135692673	0.163104517	4.52643496	0.552866978	1.346289083	0.305571783	2.792370604	1.128888475	7.94986315	2.949546598	0.209414264	1.789028454	0.757339354	9.13682347	11.91189941	0.859945108	0.186132297	1.729264184	2.93466673	0.437137108	0.125962308	0.895143253	0.127682218	1.993678893	0.389594375	7.578930289	11	25	787	247	33	40	531	550	94	135	93	68	208	265	177	448	521	313	281	172	128	154	0	14.58105065	15.11715531	13.54483018	14.72094251
A[C>G]A	1.969285378	0.39813473	0.273805601	0.126160093	0.320063502	0.094322355	32.0894778	140.5078574	38.84498819	27.22518521	26.38348231	17.29018078	105.9742436	53.30171495	111.4129039	144.4766042	3.626299172	0.238425897	0.112645818	1.836332348	0.195842375	0.290509069	0.214867451	0.709414248	0.309671148	16.97540088	14.03413197	24.18238038	58.88187214	43.7316414	31.1276203	14.78860513	15.08286272	3.165353254	42.76956111	60.9502811	15.51466159	0.635168771	2.079725653	5.411433291	3.319800079	2.104750822	0.990333921	0.790488846	0.595020569	1.209233336	0.54455851	0.172041254	0.081462349	0.369673889	0.786636864	0.118461454	2.483658617	0.916232498	4.198892487	0.855900058	0.762509258	1.046781142	4.818366794	0.067366313	0.536618564	1.198873604	0.028967265	0.306899007	0.198792019	0.341333838	3.94496509	20.38392211	16.3865992	7.186195041	16.02999459	15.89476761	13.36859391	30.16073783	29.29835531	28.67241395	21.87139215	27.43252315	8.883581584	13.62041767	14.88299188	2.408373255	2.079749935	17.09472188	1.105612421	43.83006909	2.610966552	3.29564925	14.65336807	5.476348095	0.608213904	0.078657089	0.864203523	16.85938161	9.972601849	6.270030987	0.172623966	0.205682191	0.143607362	2.799244504	1.113858943	8.562701492	0.358684779	0.859407705	0.235408422	0.064920726	9.343890347	2.612884835	0.077797889	2.684352855	0.258458588	2.265269139	0.462161611	0.189626574	1.540032334	0.17105596	0.35900594	0.221822243	0.708475041	0.278770283	24.12906814	6.468171943	17.89147008	0.097027608	0.206235788	0.13887256	7.282126582	0.459191404	0.20099775	0.230281778	0.115960922	11.24158524	7.069044347	19.16810255	3.308330432	3.101266149	1.397415524	10.42580986	0.571768785	0.297500785	1.248110604	1.810099303	1.286873724	1.328771032	0.091141675	0.427513194	0.730329978	1.319394673	0.074012725	0.805775914	0.370503712	0.102719635	0.169207855	0.052903483	0.49153903	0.206760321	0.30200683	0.089962843	0.17887442	0.852294986	0.036547225	0.14367311	0.175503221	0.338945123	0.051062517	0.550378815	0.376297304	19	40	1126	380	12	25	426	351	54	11	6	7	118	143	102	123	129	87	378	182	30	24	1	10.91348011	8.714110328	6.855804958	8.402728194
A[C>G]C	0.255438489	4.77680447	3.388484663	0.549197277	1.608552188	9.194187772	29.39535671	117.2712997	20.92811761	25.23241365	10.43419725	31.03601152	82.97851182	48.00558585	98.06249867	81.55181324	0.581689112	0.325948765	0.09560274	0.121789277	0.151434585	1.874412298	0.238391041	0.502446144	0.340909501	45.24200076	35.21527586	36.68773121	74.63723512	80.43283739	16.59825791	12.36765287	3.960479624	0.155023904	17.18023381	27.94930129	0.58011121	0.338746385	0.718928795	2.787967736	1.217715229	3.363337109	0.830175019	1.188715677	0.543282426	1.574771334	0.093366495	0.19820629	0.102016638	0.441759263	4.329041119	0.071367781	12.90237071	0.674861976	0.276618009	3.087847132	1.339268852	0.415818029	0.037757641	0.703006766	0.517235679	0.200675289	0.364943475	2.230054269	0.11976016	0.292226153	5.063976051	26.5999173	18.2147874	13.19905095	13.01919626	5.959969052	5.88013694	5.407347022	1.190643487	2.997224477	6.369114348	7.918286967	7.676844086	3.832912197	2.936544584	3.815149643	9.096114451	4.03936557	2.306923135	2.209243067	1.36207542	1.404632321	0.73232523	5.475374063	0.296834932	0.114949824	0.120759468	8.387074381	2.404244649	6.608243861	0.124189802	1.381807655	2.112448431	1.059692861	0.124055767	1.274791807	0.085797987	0.781316104	1.55605307	0.293359575	0.083576072	2.637941677	0.475357734	0.033521668	3.099173069	0.281487827	1.790755792	1.318164891	3.808740351	0.033014804	0.090718262	0.170368414	0.040518922	1.510837087	12.63158497	7.81213197	11.37870401	0.061704647	0.140716335	0.822325636	1.85892532	0.697558504	0.118125709	0.457794222	1.775982588	4.824169679	0.189758085	2.395455703	0.11854102	1.638862819	2.334711898	1.010182248	0.403226352	2.584538012	0.066921295	0.063050633	0.056310642	1.066781253	0.059795269	0.393189555	0.434168684	2.495041536	0.043487386	0.034928616	0.980369216	0.20517668	0.328783893	0.134889705	0.365815621	0.06485085	1.080524858	0.458221513	0.168954391	0.171252883	0.185142355	0.196641391	0.117590051	1.596227547	0.053875478	0.572165667	0.476237186	19	21	687	269	15	17	174	172	30	7	8	5	51	66	48	87	82	58	229	76	18	15	0	4.146630261	3.327756753	4.129568832	3.195549109
A[C>G]G	0.281402893	0.083732886	0.08217895	0.026974898	0.313234856	0.544210588	15.64075707	79.43377872	20.66497186	19.59825044	4.652598182	23.55541819	83.20762584	35.45822812	85.86280215	90.07950453	0.049575232	0.187983735	0.047534132	0.204136469	0.057956188	0.980100384	0.771390003	0.20880086	0.280185351	162.7090542	67.14945052	103.7977738	166.7522698	128.5356193	2.569085837	0.637551115	0.325880562	6.836276622	5.417589975	8.529971453	0.158429709	0.618715994	0.28969243	2.024518596	0.731168457	0.061475723	0.060892448	0.339956841	0.938347163	0.394534902	0.088929527	0.068951205	0.167304901	0.060421308	0.472475702	0.060078027	3.513445505	0.198257156	11.753503	19.44957723	5.290327853	0.185312397	0.130699738	0.036049749	0.623938442	0.035390912	0.085245188	0.092815276	0.092652607	0.195914449	39.82614117	117.7492519	59.4997833	0.361282773	2.076518893	0.031691766	0.343199593	0.348304244	0.876775662	1.465289863	1.517435258	0.854792224	0.57136753	2.238655958	3.068625502	1.042730176	0.808748731	0.569309643	5.10907151	0.540329154	1.29662002	0.736433312	0.332654459	0.845732528	0.042109085	0.04452813	0.0395096	1.07119438	0.790138494	0.732927445	0.14320883	0.06649516	0.462919146	1.95790065	0.126235234	0.0498937	0.108666808	0.057841252	0.350012003	1.930079335	0.290966139	1.07560696	0.573582178	0.037381318	0.17718008	0.029649962	3.463599168	1.489321252	0.544700517	0.434749064	0.961860193	0.571543141	0.171087311	0.85459243	9.225002712	4.187492547	8.764750663	0.386480512	0.131930358	0.135274267	0.402122593	0.152418801	0.447596393	0.16228128	1.123380891	8.354790899	8.788339036	9.387778352	0.041395016	0.151331749	4.265918283	4.639634001	2.040897702	0.408344788	0.198705318	0.16320762	0.197709184	0.121048063	0.636659184	0.358837307	0.526721213	0.158527773	0.130351588	0.117398432	0.036604279	0.796340502	0.051339075	0.048281159	0.067338905	0.542368727	0.426769074	0.056953269	0.048333089	0.031791101	0.188972969	0.212566667	0.133208502	0.048403963	0.207949421	0.049589809	0.052193584	1	9	325	126	4	5	132	130	15	1	2	1	25	23	15	20	18	19	145	53	3	6	1	0.551659461	3.130600434	2.835722783	2.243897198
A[C>G]T	0.604348524	2.719925638	1.297220448	0.368381945	0.42110743	2.818008401	12.98675917	69.12698982	22.28870874	13.91891559	11.5554328	15.13140182	81.656221	39.85009548	79.19934412	94.41546934	0.075203712	0.130413827	0.128139637	0.113384271	0.312930188	0.413821432	0.234818513	0.14871848	0.160695294	32.27158404	12.46777356	27.1809275	63.38899314	60.57963467	30.74595499	17.51430712	23.64552366	1.157008641	39.44085556	68.92455203	2.588155665	0.782083583	0.581981456	2.671507636	1.281676477	4.114910017	0.524909916	2.472853379	1.952974168	1.311382443	0.145961737	0.172379381	4.782501799	0.088237186	0.340231324	0.417881848	7.294224325	0.163367072	0.872026343	0.387068595	0.407617396	0.293447908	5.905271202	0.127887207	4.87987953	2.064251036	5.095478095	0.398257296	0.386243205	0.564233795	3.214340437	21.81220646	13.10310292	20.93787106	20.60205956	8.660273941	11.80089336	19.4827862	25.98081297	26.16996998	31.03011163	24.19094102	28.04773623	23.63096721	26.66445753	4.351857847	1.532458641	0.991646413	1.28676799	0.749133333	5.619698588	3.629242596	4.640531735	19.1482579	0.18120582	1.080028419	0.090555407	2.234672959	4.535445135	2.293227601	0.209679492	1.801642335	0.514558774	1.355493051	3.112698939	0.133801055	0.041310906	0.299807546	0.064631033	0.069492657	0.850641712	0.674928785	0.776181027	0.090331018	0.349105116	1.677848511	1.417410694	0.118333168	0.236380932	0.263580117	0.086932905	0.296418989	0.131790082	0.87929693	12.53050922	0.747614581	19.17813913	0.430510024	0.071573949	0.377649506	7.294196482	0.083165452	0.234458013	0.643346988	0.094532605	2.576845395	8.201253634	3.672428678	1.093362443	3.870379088	4.516868651	1.957048934	1.142618008	1.017275152	0.137297728	0.052530989	0.055653302	0.10900096	0.598041497	0.409904683	0.630014221	0.238527977	0.248651129	0.198923707	0.231783937	0.15121604	0.236351763	0.114022944	0.173556593	0.105044012	0.220140638	0.238160825	0.821087332	0.148086183	0.552997122	0.152842258	0.096436016	0.35319012	0.428791391	0.059820665	1.479916977	14	45	1077	374	14	16	261	231	14	5	13	13	79	93	86	172	185	117	424	150	60	58	0	2.003897497	2.727280837	3.138433322	3.822264887
A[C>T]A	0.264914074	275.5443133	198.7590647	203.0561407	190.1348947	246.808028	44.91339602	324.3151168	66.91667623	52.19913934	34.59595856	59.51334529	212.5668972	126.5800843	267.0312179	207.6204557	13.72617946	0.713355159	1.860799257	12.72782183	12.24892678	0.367906583	6.377475275	0.620298403	0.392148416	5.901667332	1.281167819	11.26888145	4.303419943	6.179793568	87.23212461	89.53640566	57.08269618	3.802379329	37.49228108	86.4575103	1.598877053	1.157434795	1.009097593	1.047480429	2.100886513	1.877246034	0.7672977	14.22947718	0.278195245	19.06969482	0.1543488	0.119654459	24.44215645	0.365000541	0.407954708	2.069443022	0.383022605	0.69403375	27.89231963	0.367795183	0.807798695	4.211722761	12.60687722	1.182027066	4.402441596	9.850339682	4.464538481	12.61446318	24.62818369	40.15856683	0.387779372	0.033239194	0.038311736	41.82150568	59.90694867	44.71388871	62.91827947	66.43308244	70.95657643	62.53670175	72.70600754	67.33547519	56.05087997	60.60160858	56.30852844	3.697872027	1.758467908	0.640929638	2.896975508	1.051481256	2.246446586	6.316598959	1.084249929	3.273189572	34.28629892	21.73970613	47.30170915	11.41254207	30.77079264	17.36620879	0.175050149	0.332145352	11.70637823	0.547872548	0.222697184	0.905176082	1.226278045	0.642819479	3.398066324	1.861242219	0.729297272	3.7917233	0.821406016	3.820813512	0.264387749	6.070159553	9.729052134	0.872392962	0.270526442	6.617355142	8.699904067	0.653337702	3.694608873	3.536165649	26.71735678	3.85474389	21.34056336	0.920516953	0.496061919	0.36532084	0.08679447	1.269875759	0.378039747	0.123291234	0.480686186	17.03924387	32.15247353	21.48473421	5.642168554	8.092295494	8.319699149	12.46837965	2.188987629	15.23107709	1.774983452	1.39184236	0.889612148	6.634578336	0.147541453	74.91156378	51.29492902	0.749349415	97.39363266	79.43451674	82.69612765	0.86597858	0.558580339	0.270048984	0.242917697	0.227430064	40.92758997	42.123763	59.10306229	3.028068682	0.409975572	6.102677488	0.24617685	3.847847083	12.85053873	3.85986918	8.785791649	36	105	4389	1386	27	26	1060	938	97	107	90	93	173	240	167	224	199	127	964	390	48	61	2	17.29685917	18.14052796	22.67633832	23.12037306
A[C>T]C	2.793221096	216.0356556	166.5715466	178.1905378	138.1934215	195.9651439	87.91686087	394.6131553	82.60481197	65.75161194	35.85078606	70.09891128	209.5868206	131.0169944	331.3586744	305.0701185	4.220557731	0.496288751	5.758417071	0.223179074	0.59653857	0.459908838	0.79796019	0.624202602	0.340954368	0.18350692	0.21225279	0.237733227	1.662134023	0.298792259	38.78175388	36.60606191	28.79601295	0.147553637	30.82995274	53.29617037	2.569297454	0.833807781	1.462089459	3.068295932	1.821174147	0.549448936	3.932535789	0.202523408	0.676518587	2.920915807	0.389044079	0.482286065	0.354520242	0.904699168	0.680005195	0.143883513	5.70990949	6.00975431	21.05477783	10.68163802	9.898237139	5.727758369	25.81197944	31.84357237	89.03360909	63.99908814	84.11627724	1.314695929	0.375233172	0.434394451	0.03397102	1.361895171	0.039600894	11.40453186	9.955710998	6.935698432	6.860599298	7.467522395	7.970488713	9.936375416	9.870485531	8.374681903	11.5476221	9.630693447	8.673784571	2.046357897	0.813444745	0.432182657	2.209092512	0.756303851	0.686220166	0.780423474	36.69434286	10.33132514	31.73448604	83.32903982	128.7171179	10.1214933	13.0152299	8.879750311	1.486618015	0.811380753	2.832693624	4.530286623	0.395273354	0.154286847	0.219705004	0.878189714	0.524401802	3.937135424	0.175853064	2.272581087	2.14331199	2.776890732	2.545365745	0.164609171	2.706376642	1.686965376	0.076001383	4.161151213	1.376364593	0.768629616	1.727723163	7.03008686	40.67928952	6.244866363	24.14999802	0.331045356	0.295963644	1.69015063	0.837271142	2.067882768	0.434182057	0.247345317	0.542833067	13.52473453	8.515612132	10.25065667	1.155029548	0.132186447	0.120624657	0.515850964	2.604625041	0.096656815	0.127478083	1.059838583	0.233728024	0.192384316	0.145287903	12.30478377	2.160654156	6.340594238	35.68750827	46.67917855	47.22895045	8.839776327	0.281452333	0.16346075	0.726238488	0.151741968	12.18185743	15.90426769	15.61752357	38.22623093	33.87018138	19.45882937	0.631666639	0.802275384	0.462976197	1.407365544	0.570412319	30	67	3034	1056	15	7	502	450	26	60	48	48	100	133	90	112	114	89	559	175	20	22	2	8.738650662	9.601566022	9.312727182	9.960287409
A[C>T]G	1.115892302	39.75099151	19.18438918	31.39365832	27.71142745	29.69738212	28.30285532	180.2181103	20.34279249	13.54638087	1.032302704	29.13573188	123.3143524	57.25925623	170.8132629	115.9474235	0.566877322	0.843301095	0.811584405	2.607155618	2.187933555	0.839445577	0.569939242	0.161624215	2.911213109	33.00677609	33.03452253	43.95767783	52.83938468	51.53880729	295.7210736	309.2402474	319.1157192	1.93563182	0.104384517	0.639339225	0.772484201	0.292667676	1.271893333	0.543157725	1.179339983	1.276660023	0.325835583	3.436193209	12.27267613	12.51569949	0.35036612	0.386440768	11.66014257	11.49405977	0.397087199	2.477282017	0.730523929	28.48234135	115.1124207	40.11281269	61.81176991	0.109836919	0.096171912	0.365329128	1.800370802	2.896741616	2.325771157	5.582558493	0.429624294	0.278230935	1.177962965	3.217825429	4.372158252	8.361795948	8.580978613	2.624141837	10.88602616	4.298938847	2.753696812	5.362251962	7.00144344	4.419894943	3.028956998	3.506526732	2.56882141	0.791147132	0.504324753	0.830756905	0.715280431	1.305082997	0.803901562	0.480740856	0.756721222	0.42674996	0.246183702	0.514687874	1.179963155	5.614403802	4.640721253	0.738348817	0.138764847	0.055222347	0.437489557	0.218810955	0.094382952	0.123167539	0.093770726	0.170067632	0.504530677	0.338410675	0.267253286	0.078420527	0.333855551	0.151209073	0.110222475	1.261975295	0.271990614	0.501491059	0.200928023	0.1778358	0.114213683	1.297701639	5.118431187	0.625358852	5.842451787	0.125067094	6.852114935	0.134282153	0.835661085	0.297929346	0.254494786	0.148465937	0.125001885	0.127470403	0.068604445	0.195093609	1.523064993	1.651177033	0.656540516	0.492268275	0.46172271	0.864031787	0.153220316	0.065020185	0.808587212	0.119112555	0.263185649	0.11778906	0.146821741	0.247289447	0.084263416	0.110621392	6.229211254	17.89274044	4.502752349	0.076647583	0.18147473	0.287990203	0.121923023	0.121882384	0.06355364	0.304526009	0.161939098	0.760560433	0.465705487	0.21346075	0.601945767	0.18005767	0.988789643	0.081300348	1.575107176	51	166	7229	2591	3	5	1210	1097	34	28	25	26	59	77	37	48	50	37	960	354	6	9	4	0.002918027	11.13110969	17.21668668	0.002814006
A[C>T]T	2.188485969	146.969353	107.9484853	129.5721009	94.63113511	131.1511665	41.31955873	237.1238932	37.67357635	48.87874576	22.97981049	34.57728466	185.783638	70.24722473	204.7042772	213.4399201	9.390713765	1.600923862	15.07019699	0.455936915	0.761784926	0.729880621	1.693022107	0.439539393	1.268559875	1.466726729	1.429022609	6.869859452	2.041324876	1.86243367	49.30894536	61.20060849	53.26087043	0.518415831	22.45887414	51.38181817	2.665278929	0.56013453	0.395463696	0.625459058	1.145517397	0.127648578	0.158824122	0.42414267	0.159492162	0.301593746	0.488422859	1.920441781	0.660053492	0.307414763	2.811847713	1.021305651	30.27571067	39.20945675	93.07129187	80.85209861	78.12006175	3.323093364	11.46787964	18.71165001	17.08236317	22.23462671	27.91512787	0.366526484	1.27388947	5.564091844	0.039036541	0.033711163	0.031641093	11.8911871	22.43807792	25.91005219	27.09281715	10.4001659	20.20605636	28.96044208	36.71627381	16.65114283	35.32811886	42.23983614	44.53148226	1.969594606	1.577586589	10.44434881	11.97093033	47.33650193	9.875759764	2.336266657	56.39126814	27.86695707	31.14636877	108.7719321	171.4402621	1.204459414	16.58048603	1.432421453	0.532678778	2.350865437	3.923752282	12.83214111	10.20523954	0.758007656	0.123778178	0.403871084	0.355766528	1.010628687	0.084370814	0.14335611	0.565561901	0.094222869	0.155329586	0.239219763	0.473866459	0.419652879	0.199144407	3.885937092	1.150863551	0.178691371	2.143201216	7.365667753	26.00249456	2.662887437	20.58256905	1.12910372	0.320746282	0.366427708	0.161666618	0.29037183	0.345154834	0.055642811	0.257150708	1.478002567	13.88274396	10.84844655	1.509545203	2.133705627	0.096564776	0.750257057	1.21984113	1.055137411	0.090863623	0.299591125	0.241417132	0.108848623	0.131652623	39.66987179	38.95961209	26.5615439	42.529793	40.60542832	31.22897412	3.607715926	2.077822897	0.345899813	0.082197147	0.22040341	36.74645414	39.55529122	44.78878234	2.052099332	5.092219104	1.66826548	5.899601528	9.978374	0.839493387	0.950121226	8.287425449	21	78	3231	1019	22	21	705	655	23	51	46	50	109	132	115	151	154	93	1121	388	43	41	0	5.51829325	7.794775556	8.539362397	7.240014908
A[T>A]A	0.099647326	278.262375	234.4298443	210.3855509	243.360513	298.948637	30.22879366	164.5509408	37.55935844	38.97051135	18.03995066	22.20641424	135.1852396	49.7397465	154.7495184	136.6096693	1.074388446	0.115652252	0.214057624	0.219310163	2.110491028	0.701365526	1.402869791	0.103392855	2.743617442	0.530330719	0.085747851	0.539155676	0.254980584	0.592292848	34.49526862	26.9123798	20.46015536	0.3928806	0.41640387	3.306701342	1.036035982	0.354624349	0.402006525	1.001655452	0.707367946	0.666882711	0.971516276	94.35790667	34.91583525	65.81530358	10.23465959	34.29605411	20.20414541	0.63650973	4.735698588	16.21575807	12.3859209	1.366189939	0.97197455	0.343281898	0.778590232	6.752366745	10.76092996	8.124573694	29.55167886	28.46585352	43.70534886	0.167620123	1.1828273	0.271884986	0.033704658	0.029094076	0.035388563	2903.629276	2427.654007	1862.086758	2647.627837	3304.895363	3367.191987	3476.15338	3300.994626	3210.662568	3788.223306	3859.927339	3628.253791	1.673497254	1.002918762	6.703346499	3.763656141	1.064580039	2.719158273	0.460494345	1.140426124	1.381405458	5.750572093	0.19666202	0.18570129	2.279433199	1.329855999	0.143204391	0.228970266	0.060621828	0.543325845	0.253223304	0.085931482	0.076160368	15.50657522	20.11269753	0.677464055	2.778576218	0.668062615	6.29832108	9.856574087	25.01440233	9.489117146	29.61660096	18.37183553	5.466990925	0.060775233	26.73013262	31.54232751	50.78107545	41.45986417	108.7503246	17.19641957	5.251661845	17.84549853	4.790668615	0.176667288	0.374981879	3.066006059	0.364104267	0.040115235	0.281765043	0.080948402	11.38635255	18.87786115	16.48807167	0.227656658	1.814109865	2.70997868	4.740683018	0.439096056	0.178870116	10.99271777	16.66844496	4.633748949	38.71229735	9.621626483	11.31251186	2.490661662	1.221869821	27.51568186	42.7065426	38.30215475	0.451571631	1.162283007	0.214093194	0.226578878	0.13008312	19.15188773	6.789164568	11.9389524	3.20701126	3.206584449	0.518995356	0.211478432	0.353663859	2.038584733	0.127632227	0.206267524	12	31	734	220	174	163	210	182	22	13	11	13	83	96	57	138	133	83	1655	2402	4024	5959	12	10.2635498	7.104113431	8.974134228	10.48247294
A[T>A]C	1.111122225	158.5167683	125.1076335	109.788662	150.3204707	166.5615258	2.131460799	22.55051549	5.868033783	0.637786151	8.741436577	1.765304493	18.72112826	7.198512469	18.21981498	16.91501538	0.491815205	0.782599659	0.81052147	0.185870115	2.481112387	0.121849289	0.180286653	0.162145076	0.106552364	0.464365992	0.225443858	2.636189387	0.289941531	1.166051656	12.09116427	13.18496782	8.625192709	0.096245347	0.884109103	0.31549788	1.554199405	0.524077235	0.463827303	3.667172997	2.423546919	0.335734809	0.07024652	47.07715779	9.837232558	26.56045843	0.683520181	3.357285954	7.61570316	1.18065343	6.836092888	12.76657116	29.06023868	0.54499367	0.236627287	0.431081541	2.28061831	0.483474533	1.413415603	0.502090446	0.812852519	1.903876671	10.4349848	0.116111239	0.27373554	0.088811562	0.04018974	0.033018113	0.03820105	792.2111764	588.6509661	405.8470072	621.5079651	781.4288875	784.2803764	813.4650629	742.5466124	792.3430567	864.8622434	931.8444433	896.4239369	0.83661351	0.578236165	2.363924345	2.603640714	0.924690384	0.581985527	2.833291877	0.812242914	6.13314012	14.58760579	0.100622438	0.980755756	0.180471969	0.050801035	0.094868817	0.04709373	0.058736292	0.060271502	0.404312287	0.057889791	0.201063413	0.231237757	0.117223473	0.301138108	0.098257424	0.036182704	0.134659251	1.132741699	14.46490583	3.094363642	9.625191256	10.21861133	0.156108745	0.436563384	9.309430945	13.20660202	11.94312752	10.10861952	16.12498735	1.720541174	0.821729323	0.037777137	0.38386216	0.121594035	0.04547755	0.051237737	0.061284905	23.22674405	2.262286446	16.65302316	0.903740482	1.149892538	1.0404938	0.103071181	0.981668241	0.374908837	0.952627275	0.035994954	0.34709169	0.061257033	0.467081843	4.270799154	11.92423187	3.528670618	9.72812527	0.075726345	2.426300668	22.81545173	28.88969172	25.24728488	0.052324684	0.431388785	0.140857166	0.131621284	0.141205586	9.132363958	2.408482393	3.231958538	2.473383825	1.924433089	0.757886601	0.060816429	0.121114851	0.691886522	0.059746485	0.052531053	5	23	752	237	38	43	146	127	8	15	13	4	26	26	29	304	258	144	246	99	23	31	4	1.589339901	1.415973154	0.970665008	1.217072343
A[T>A]G	0.210103354	308.2912761	330.8715458	225.8770452	287.8669553	360.2178416	31.89677671	123.5216099	26.79924507	31.73658079	13.75332607	26.47942231	116.6874723	41.22892711	83.52275324	133.3563087	1.392033005	0.212764234	4.728476081	0.298132858	0.200837422	0.106736459	0.129129492	0.239684527	0.159799763	0.617319739	0.274951493	0.242903204	0.891696374	0.299668937	13.08144999	13.64711203	17.52628263	0.139924587	0.624303704	1.005197975	4.943119794	1.882232346	1.945163454	6.946838523	1.191706111	0.546474376	0.785669559	3.698166132	0.926023469	3.013048807	0.691693999	0.949036187	3.695093585	0.306598079	0.285480106	0.142594718	18.40901615	1.722336003	0.591024548	3.929112185	13.37265541	1.157856504	4.677140803	4.762611907	7.308190636	17.17298418	26.83115561	0.162565282	0.168724134	0.162045837	0.030110455	0.030095829	0.037913057	2154.964518	1697.242662	1235.444156	1696.405478	2363.721923	2402.955508	2512.647331	2355.979782	2277.69596	2759.602192	2764.34151	2593.607346	1.132367333	0.527538885	2.147022035	13.78391199	29.55425053	3.538462466	0.38174016	1.923517408	3.734738086	16.92450026	2.409353659	3.16145892	9.177943421	2.878813466	2.023931545	0.124837771	0.055053767	0.05999341	0.1059204	0.060421601	0.061613357	5.103132315	0.514058178	3.658231448	2.328709088	3.911553865	7.682433932	15.24656435	51.14606511	17.52008837	56.39539505	38.0172269	9.246609199	0.315814559	28.35783219	45.87723739	84.23534018	71.44408139	144.8417214	16.98140033	5.88192041	3.176205699	2.641264607	1.314518181	0.259664834	3.878259734	0.637408777	1.73055224	0.910271836	1.598825194	15.74530822	20.42866393	17.8764682	0.742408343	9.026158076	10.05090781	17.33659117	1.482063972	6.702238359	13.36259738	14.19118405	13.79567744	29.41106444	20.19852155	16.84262173	0.935028915	6.922351368	56.92062007	62.49499475	58.42664138	0.482313983	0.049156024	0.128064023	0.113687995	0.057130111	25.95142282	3.203093334	14.19795507	4.991394509	0.03444636	0.610644857	0.110194735	0.50574973	0.564619044	1.31774421	1.890471048	4	26	884	255	108	114	179	166	14	16	17	7	44	54	54	96	86	50	228	102	24	49	11	3.771127653	4.704785786	3.521449143	4.02445644
A[T>A]T	0.524193794	235.786998	186.1189602	140.9656302	192.1304505	233.1876353	12.08068137	68.47719836	12.60138396	18.16505882	12.09679147	8.285421719	27.2977907	20.874629	46.46515308	46.28011673	0.628258711	0.736487956	2.632030183	3.257047065	0.356402612	0.529278655	0.173171773	0.730744171	0.324779402	0.676267532	2.081350071	0.892571678	0.782999932	0.65346282	60.82746725	47.81011072	32.33300238	6.674219985	0.13246191	0.576769785	0.225929125	3.207452808	4.656730841	2.574531184	2.08208644	0.185201887	4.358764175	119.0925334	29.71016017	34.41240524	0.788373825	26.52960301	21.83441222	31.75484995	5.905534075	21.49329335	31.37112569	2.680636812	9.737056662	4.616425257	4.004107787	46.233185	67.42202891	35.1228135	106.1157987	193.2169638	175.2024872	0.393746529	0.32852592	0.24769145	0.030152172	0.029128732	0.038255426	1871.169686	1406.405018	1077.889211	1290.234327	1703.835999	1775.607705	1836.459751	1725.20565	1855.777647	2068.921036	2194.68704	2182.33256	9.392662475	5.816957137	1.463714213	2.029586788	4.183202018	1.760455829	0.995827659	0.680525254	1.863014319	25.52420708	3.098915851	7.438360214	0.770041301	1.544203485	3.598710823	0.340751627	0.096106929	0.331203886	2.621783427	0.453319882	0.130127539	9.649908399	0.18739121	0.10510849	0.054873916	2.247365944	1.003957464	0.681636973	15.48602139	8.05362132	20.6059775	22.94622086	0.275216549	2.531032543	15.28037107	13.57271807	11.0586615	0.808867546	32.67004904	8.283115189	0.371892207	4.053434758	0.122117179	0.309350013	0.735701507	0.595853569	3.485115764	2.74539999	4.176696266	3.242650467	18.59650932	11.62602376	1.824079671	0.81727562	2.120434882	2.018476829	2.01980257	0.632367651	0.577179842	2.227824107	7.069538466	0.488552461	16.31564839	4.517657926	47.04363791	5.437268571	6.367623191	31.98306097	24.17025044	17.05735263	0.84842428	3.495100513	5.042712993	4.376837098	0.09642387	45.81073676	8.255868259	16.05552065	8.929259528	23.50569	8.73397097	3.176388531	0.082806448	0.475330058	0.13761224	0.120449585	14	27	981	272	125	92	195	175	7	18	11	24	58	66	62	130	155	95	1057	1120	1523	2216	1	3.779589805	3.881838452	3.194102527	3.586548025
A[T>C]A	0.900364184	226.7222375	177.5307264	176.4756573	193.5701748	179.4452527	16.19877505	40.71500815	10.77041217	6.947661474	12.2527375	16.70535704	29.04318632	11.70175664	34.7646073	54.03166939	144.9001207	90.33883309	90.1943785	72.31192056	113.7064892	0.582987131	3.380392528	0.701856282	1.777077889	0.34864823	0.406940114	0.987393622	2.368159395	0.446264259	77.37400596	64.07327471	46.25199114	0.207772103	21.50764522	4.759994148	20.77421217	1.143089435	1.181528237	2.012502966	2.705014412	0.340881123	5.530453793	216.7939212	65.52636534	220.4753188	61.58687652	69.63332332	103.2700221	53.89031298	2.024076039	30.82531991	0.391198968	2.757222389	38.97555723	0.882182411	1.655793305	0.262005357	3.134092361	1.879047188	8.354872576	5.304777997	6.391345184	1.490527995	0.386474354	1.747008584	0.040072622	0.032665305	0.038439922	3882.270956	2902.175099	1924.228942	2887.354801	3661.998826	3794.451442	3941.026814	3574.824738	3496.325447	3336.800954	3437.743232	3149.306222	0.761767249	0.671076495	100.4257535	3.55131421	14.68436211	5.733812846	0.808452073	0.926750144	3.498402876	89.29256683	63.1492303	56.50341608	4.341071605	19.00464365	10.70811615	0.129586269	0.244221264	0.157650582	0.34294646	0.084038873	0.192685877	72.27065073	49.12870806	31.01119398	5.202412296	2.324300119	1.997614689	104.3248909	149.7764965	94.95268769	201.4281142	204.9343188	88.31090855	65.86637629	153.210599	205.4992354	7.189753943	13.99145082	25.26184538	3.752273027	0.746933059	3.460413503	0.086058494	0.144862338	0.16224618	3.036796819	0.121632986	0.275947761	0.288820438	2.673258155	0.50717424	1.715642038	0.453459156	4.602174516	0.16982195	0.244982591	1.320823871	0.067616798	0.406174625	24.8728323	6.802322453	5.172779151	11.55564612	4.606009873	6.032634638	0.122815682	9.175310938	89.65806313	96.06364142	101.3072696	31.71223511	56.46335419	1.132074567	0.120820712	1.498664498	8.911770033	5.318230507	4.976126372	1.738497483	0.628655417	0.240717607	88.56856452	84.27732912	56.12973429	35.36407682	55.06143778	42	90	4520	1424	291	286	936	853	48	54	46	59	123	111	66	109	107	76	1789	795	379	517	3	0.624391207	3.478379896	0.01419974	3.927777383
A[T>C]C	0.084691531	66.69718134	59.25300522	54.1196781	56.90072697	52.61102774	0.407677558	0.887730283	0.418014344	0.162831899	0.165217772	0.47056757	0.719881963	0.312514219	1.032020775	0.597612022	100.0003035	41.59796136	87.9044058	52.92791132	63.70369082	0.126171743	0.479604564	0.099010789	0.16615497	3.949715571	0.493971161	2.131052298	0.312946298	0.509590432	30.30206822	25.10143134	15.72772772	0.189243692	0.693458743	0.801640488	4.417576132	0.460557017	0.527316455	8.430671921	0.777717161	0.10941339	0.114004661	67.41717413	49.51898273	67.55098501	12.97946148	5.775574415	29.40648933	19.27504261	6.695152101	5.874683246	10.76431083	2.890273457	17.67611417	11.9368835	3.044778735	0.148771767	0.938426205	1.80803548	3.427043077	4.447175614	3.924952053	0.120902668	0.230673809	0.439445664	0.337772615	0.036953316	0.03302666	426.4155472	249.3595617	199.1349778	345.9695576	413.3712712	430.2848152	454.303206	394.2919765	391.9510936	421.1402566	401.4720909	434.7980869	1.132624745	5.17389272	1.662182448	1.199295491	0.991897163	2.671710706	39.36454558	35.88328653	45.43784339	52.81462154	33.24672621	37.27275259	0.064938916	0.212899869	0.161491328	0.054066034	0.376854394	0.352280994	0.115777975	0.584980071	0.04489145	0.044178536	0.224360373	2.589107664	0.045062071	0.08119238	0.035631102	0.125705545	2.416735026	0.157605581	4.427401317	4.860389241	0.428179746	0.278706761	3.313837988	8.622508209	0.436075475	1.156184301	1.150524221	1.063469716	0.037308803	0.124742423	0.106353052	0.106323148	0.12095494	0.10248568	0.056352786	0.900891059	0.976276849	2.585308848	0.309230793	0.789139217	0.118633907	0.07940499	0.331292308	0.032087524	0.10080021	0.245079235	0.039860005	0.370193592	0.899283818	0.085772191	0.292593881	0.04801903	7.808081823	0.984416173	4.986737036	59.65528975	63.34529587	67.86304426	31.22677937	35.0641029	0.33185301	0.313632376	0.054905486	1.648996045	0.328569282	0.115679712	0.026812947	0.623077074	0.028737851	64.17152578	63.49175728	42.12257203	35.55402704	50.35786406	12	38	1568	522	45	46	338	276	12	34	59	46	32	36	17	77	82	44	769	283	12	13	0	1.043262817	0.119974243	2.354853538	0.949113494
A[T>C]G	1.229162722	168.6742007	103.373571	172.0953383	146.6626407	123.0929043	5.694923513	17.19666539	5.721949791	7.339710204	1.149595732	0.481872049	6.618454731	2.723606767	13.05004104	31.39314926	36.26917287	29.33999111	27.94011702	37.52954342	29.52192952	0.804692607	0.40956724	0.410242742	3.127178361	1.498432907	0.278947553	0.4111579	0.463117559	1.599035745	29.47850036	32.59748978	21.32576718	0.156489633	1.026456121	9.652265821	10.55045936	0.679497663	0.916096653	6.260461039	2.749049599	1.725781491	1.115389138	13.26775468	9.155695336	13.66332692	1.174367981	0.879128698	3.158060851	15.54360983	27.67579706	0.269910085	6.219714936	34.49404613	91.24572569	32.62092017	46.81255777	0.349242919	0.941900772	1.837944081	1.280391131	0.746483738	10.72294985	4.026635587	0.999680897	1.841764945	0.036672695	0.028946423	0.041607302	2132.227185	1527.533896	1087.143833	1590.576151	2158.002585	2115.27492	2265.996634	2073.595604	1971.837742	1835.108018	1999.545701	1788.627845	0.991072934	0.812072687	20.22063344	8.162395685	3.809805625	3.036180036	1.684732049	0.848504505	0.934675572	24.61745471	11.02379475	16.74233342	0.130285485	0.629961488	0.649731267	0.085970697	0.056755448	0.084002586	0.3051321	0.06015132	0.091696844	1.004392671	0.378432038	4.214499577	1.237989166	0.143789008	0.279028067	45.48417787	66.01039461	30.41804154	97.71112416	114.1219912	21.72920241	17.56848965	84.80867768	94.97358287	4.4797873	0.521622224	4.628492253	0.239890778	0.571396728	0.221942934	0.28482302	0.097005958	0.051568954	0.058456667	0.175972006	0.515088264	0.141732776	0.398441553	0.230419209	1.131638898	0.031778856	0.040933024	2.708932708	0.059949809	0.325459402	0.186692288	0.067106364	1.374611418	1.650834679	1.341364255	15.79063098	4.75375675	6.919576361	4.092580934	21.51223665	39.45890119	23.01066624	36.78064724	21.14196965	10.96453773	0.129531364	0.086825243	0.073002065	5.038593326	0.06048422	0.344219931	0.09893477	2.237982509	0.105895773	21.04592883	34.55493976	23.73397533	14.92285924	15.81945207	24	72	4962	1710	166	180	998	869	18	54	79	52	74	59	52	70	57	53	504	164	6	13	0	0.003097458	0.002656419	11.69406872	5.468058997
A[T>C]T	0.322613994	155.5118135	129.54228	138.3652312	194.9762527	158.6237114	3.416551728	11.63368512	2.091817059	3.858404059	0.786722859	1.274408611	1.518101279	4.528723607	0.320805742	1.570723038	51.76280604	31.60533666	65.39114419	42.99959454	85.45148135	1.430572149	0.156423604	0.374084037	0.886789666	0.283127327	0.276227998	0.303160173	0.317824517	1.521403928	89.38977129	85.6177186	52.70100253	0.203441087	1.482041348	2.753872296	3.55047888	2.028602046	1.529097111	2.757587981	20.91771016	0.106470259	0.144833351	327.6230792	122.8854516	294.5009896	47.98731997	48.10452901	132.5912532	111.2124805	26.14180398	110.3264585	8.719213249	16.89253192	45.03173332	5.386415418	30.43576165	1.774159636	8.488199075	0.953213651	5.392805767	7.746187309	5.910505515	0.256435268	0.398373067	1.248743242	0.03765366	0.033551261	0.03227916	818.9843399	671.9034484	490.388383	698.8921465	850.7843287	839.4154301	840.3578215	814.2220186	838.0662046	832.3432084	827.8610843	770.4129541	1.030716833	0.786181611	1.243348655	6.417807506	5.151249544	36.81521926	1.332585577	0.890733697	2.590117225	47.79601591	41.51611962	36.93151319	0.543010512	0.17048035	0.148700762	0.111635977	0.123914624	0.131308662	0.051531439	0.109729764	0.129637084	2.263509685	2.240410863	0.447809817	0.450255892	0.127631652	0.220773405	14.8950882	37.05004417	15.65854729	47.74850839	56.90972152	17.25266825	16.45117057	33.36317094	35.4093215	0.126247065	0.076971269	3.36745676	0.077223477	0.12513696	0.75455566	0.571464158	0.10347063	0.16121949	0.092176629	0.150325555	0.201532521	0.045034107	0.207272601	0.199178932	0.145102992	1.039431257	0.103697582	0.092170507	0.147383638	0.182838085	0.163807729	0.199403615	0.515886565	0.404066456	0.153040896	1.869666077	0.101666825	25.17294995	6.231559218	5.892837795	37.78194203	73.08965533	63.72519273	20.84051267	33.89277342	0.078042339	0.154850324	0.116122838	0.765017823	0.185372121	0.596110881	3.519596845	0.596833395	2.18221708	41.21928879	66.13843973	41.92587255	22.2978116	47.0568725	32	88	4034	1207	106	111	780	678	24	52	81	61	64	80	54	92	72	60	1185	482	186	253	1	0.002677223	1.431397779	1.383119372	0.139059578
A[T>G]A	0.650392624	311.3978477	217.1575927	305.2951941	236.9358392	206.270954	2.641209795	7.445564222	5.9198086	0.449392965	0.219880615	0.55780537	6.376520059	3.100654734	4.381918062	5.818567921	0.80858263	0.236803284	0.444181475	0.149817211	0.066853573	0.241488379	0.303242042	0.279272673	0.175444067	0.104072278	0.131170583	0.03970489	0.09597811	0.039756098	12.6169999	9.364741099	6.233030783	0.14999305	11.54317257	1.174559301	10.94670532	0.656031455	2.297952651	16.54089015	1.117202126	0.340942776	0.783934008	19.0197808	4.581267473	7.412488216	0.125051064	0.107927717	1.420534023	3.212488935	0.893470744	10.22814274	2.593539788	12.81553142	1.54740499	1.671517246	5.720494613	3.573811959	6.519802467	0.38200736	5.431200254	10.84684007	8.237709979	0.136025669	0.223304164	0.178636065	0.039108738	0.03090684	0.044468113	238.6955216	200.5838934	137.4997343	216.045915	260.575395	278.4722	275.764189	252.6871927	292.893353	291.0445171	297.2189562	304.7920443	1.103630396	1.841425518	1.5287825	1.446213673	0.311146684	1.091525478	0.954011093	5.36026545	0.972528778	1.741639628	0.122327762	1.815487677	0.041814212	0.276083782	0.129211513	0.047554337	0.059285627	0.14823969	0.052141973	0.139475927	0.283418467	0.306077387	0.113494554	0.16154754	0.357153075	0.337106584	0.162722301	0.170444932	0.492985083	0.582593782	0.109234748	0.964476939	0.064075112	1.410365314	0.952396581	0.029781728	1.298552063	0.527184604	9.812758179	1.755605522	0.105776982	1.821782266	0.058608685	0.05783441	0.049755847	0.129183805	1.156961599	0.040017626	0.05519946	0.457217915	0.920567412	0.265303151	0.46435475	0.133434241	1.19081449	1.702820437	0.113188888	0.12285903	0.03367052	0.70214439	0.158001602	0.609637477	4.011059014	0.043825814	0.117668182	0.07173784	0.073773411	2.916870832	2.731186122	3.679554445	0.631217552	0.168096434	0.137657364	0.064986079	0.514759503	0.148296366	0.052741286	0.623877982	0.174230922	0.210367708	0.230897705	0.409016255	0.037673175	0.680712656	0.613649752	0.043389199	5	16	523	163	17	17	170	150	13	5	3	1	60	61	58	110	86	59	394	305	354	529	1	4.046773009	3.421681174	3.027352614	3.013397237
A[T>G]C	0.331567214	227.1950275	234.0216188	243.4710331	203.6196136	218.0175009	0.101178932	1.654836118	0.041717608	0.139853448	0.372915655	0.049794972	0.341103028	0.206439501	1.488468598	0.826820542	0.212048385	0.246423924	0.310763118	0.685068984	0.228049093	0.337327706	1.164919206	0.245697805	1.479735848	0.223142501	0.124421149	0.202474904	0.070618811	0.104543809	8.961145064	10.93372086	1.112032749	0.22271621	0.252075428	0.482822036	0.126234289	0.437378683	0.730403788	2.476074079	0.786995764	0.152269181	0.134429857	2.524331079	3.13258867	1.070386031	0.091971797	0.068711932	0.346902736	1.706961739	1.095106155	1.519358935	0.222047825	0.206334874	0.385190452	0.234856998	0.100652258	0.040060814	0.702128333	0.567583327	2.442419158	0.386644064	0.26392932	0.123585748	0.095763716	0.081894209	0.035753285	0.031824698	0.031069623	100.9973394	85.49109471	57.6309559	75.78336378	104.8581539	111.4987634	116.1541781	100.6971209	105.2148224	118.0487789	122.3685338	122.8318291	0.647890085	0.862725224	0.492629718	0.469322739	0.576025832	0.642360163	0.913728899	0.411379819	1.130849356	0.480105639	0.035737614	0.598097336	0.116811026	0.04482167	0.143276289	0.047312821	0.05524198	0.225674479	0.036152218	0.0613123	0.117977236	0.13738249	0.04331505	0.179671995	0.0369069	0.037626191	0.036363936	0.208886987	0.187196528	0.04830479	1.03626297	0.035357093	0.842845308	0.073370186	0.539336576	0.041874306	0.036578938	0.246956616	0.557420517	0.209181727	0.037257978	0.033562616	0.068566074	0.081154512	0.042717172	0.049760181	0.044674697	0.199329438	2.650156515	0.150970062	0.02487292	0.119371438	0.030932321	0.036648782	0.173991438	0.031203866	0.154752934	0.051847549	0.179154062	0.070921681	0.685674178	0.071870873	0.135340868	0.055626476	0.633442475	0.071372248	0.066273528	0.651283092	2.892784351	3.782574941	0.049639862	0.069910472	0.204734856	0.705141068	0.21765262	0.707220303	0.060097317	0.052807005	0.233276957	0.245078027	0.032883622	0.051527261	0.052135493	0.058368169	0.248859332	0.173682572	3	12	323	120	11	11	79	72	4	1	1	5	13	16	23	47	50	33	199	77	4	5	0	0.123135444	0.793489722	0.796564637	0.555774278
A[T>G]G	0.16501843	102.8644296	104.3993143	80.05630302	92.184162	120.884448	1.372920496	12.74503412	2.584462201	4.433968583	0.284334275	3.399232188	4.618722799	4.356015377	11.47433197	6.314483838	0.357265365	0.319351906	0.170092472	0.163148135	0.519216895	0.197485919	13.49460535	0.654864723	0.189263786	0.271793245	0.114410577	0.272849587	0.102812789	0.333842701	9.358737154	11.62934462	11.51653572	0.254118778	11.11076049	12.14664654	0.598703228	0.587308873	0.897071155	7.55713666	1.146828076	0.126171048	0.230058862	0.055159898	6.886746126	0.766700568	0.09312216	0.197703171	7.168837995	0.445703596	0.750652157	4.395337399	19.14272792	0.660083585	47.76801173	13.97051901	9.977427298	9.250091203	7.69521092	3.661555858	6.699891125	24.49359092	5.144840499	0.245839747	0.477927226	0.275474746	0.035141507	0.028919683	0.037397041	604.4237793	450.482976	330.832389	451.5304922	573.2950744	549.3478744	586.4069771	590.3801249	695.494076	737.6075087	737.259762	752.5130501	16.71793938	2.841716076	0.588167877	1.528202812	2.432790973	1.179874543	0.54660173	1.198007561	1.051960471	0.545358558	0.153269168	2.038336332	2.458675235	9.945709245	8.669057084	0.060933906	0.054707706	0.04892752	0.18677059	0.055321894	0.046159303	0.405351819	2.335415172	0.172195509	0.134403539	1.86623271	1.199970798	0.600886187	0.038765713	0.043744256	0.435937811	0.581408387	0.049480431	0.063938401	0.1542259	0.487864498	0.043537662	1.334595037	0.446643503	0.203397688	0.932079309	0.628176826	0.500947816	1.309042018	0.052812938	0.038050629	0.162069759	0.625678012	0.629142591	3.003424665	3.128718033	3.846902343	4.025753604	1.220174272	3.635166503	1.088774132	0.458262411	0.497287551	1.143066991	0.747066023	0.648512562	0.207314809	5.17215626	0.764900965	1.402484676	0.222420248	3.092212765	11.24317187	13.33396751	9.03201779	3.057652924	0.191515528	0.185930669	0.065406151	0.061882221	3.352195694	0.051445066	0.042513614	0.202106422	0.032786838	0.259704182	0.179417731	0.394102647	0.054873673	0.050620208	0.050619656	6	32	781	245	29	35	151	128	6	22	7	27	32	38	36	104	98	50	253	99	15	14	0	1.4162414	1.488457024	1.593457932	2.454000468
A[T>G]T	0.138014922	304.7663089	223.8919277	282.0890643	214.4477609	215.262361	0.139586227	3.007754698	0.727546427	0.303280187	0.535862344	0.522433862	0.139752015	0.165965106	0.447964373	0.553882831	0.25905356	2.185218865	0.218731074	3.366128194	0.449357312	0.177453176	1.870308632	0.133070636	0.199839779	0.037572443	0.053480016	0.045707246	0.03849773	0.045460668	24.8386148	33.97553528	29.44184891	0.105170938	1.926432913	1.722979495	3.310028907	1.460873091	1.925850037	2.151286122	9.142868167	8.198889366	10.55441582	17.08860292	17.94710807	11.39897776	1.683757159	2.335781756	4.403931986	3.378094199	0.884292503	2.234810909	7.548162404	20.62605381	25.75832631	15.63511169	2.500143953	0.40100654	5.605953209	3.388308735	0.346899524	9.871053041	2.193311653	0.125388926	0.229624835	0.482238069	0.039526759	0.039363991	0.031444847	253.276329	202.8198092	123.3829258	173.4031605	201.5854584	205.3678041	184.4588532	195.9452616	258.0669522	264.1831669	286.2141566	264.3360528	1.550130362	0.576974653	1.112561468	6.135962146	1.01950185	0.565125153	1.420290524	4.497758544	1.263863521	3.652857774	2.885454186	0.039054952	0.325441791	0.342368299	0.346500127	0.055392365	0.05852711	0.062449537	0.051320123	0.048382645	0.247755555	0.066044939	0.07842816	0.185232816	0.044158526	0.144671545	0.039075986	0.089603129	0.730997508	0.11222886	0.400835662	0.097553674	0.106435355	0.0730583	0.221148242	0.066713695	0.041672082	0.036345038	0.399791675	0.123009689	0.167447717	0.034171663	0.07165269	0.062019162	0.144689532	0.096647068	0.098799944	0.100978373	0.235945705	0.080491602	0.076198845	0.060608791	0.033944675	0.235748132	0.082362549	0.169366519	0.499324348	0.438281539	0.0866006	0.099775156	0.119584825	0.065034934	0.480294308	0.295732771	0.177704647	0.630820638	0.071560488	3.012750105	2.987214508	2.883272901	0.056100183	0.090199078	0.482587854	0.417982186	0.245117775	0.43784795	0.055712926	0.097761964	3.161655236	0.03561793	0.182691302	0.09730997	0.134322165	1.040055048	0.058249453	0.206787894	12	18	672	208	27	14	142	132	8	26	13	14	39	43	43	61	63	38	379	164	133	163	1	0.002684783	0.003047072	0.002933486	0.002467846
C[C>A]A	8.784657439	10.29644963	2.758967193	12.27760034	7.3749205	21.09836945	499.1198427	2250.914127	399.8710701	386.0030301	281.5086408	391.2313518	1395.094115	841.0328649	2081.399955	2124.16317	38.17934778	2.172924021	1.173365319	9.488061248	4.579159381	67.87406001	45.87248036	79.79079376	63.02439628	0.735816053	0.307013381	0.443046468	2.61299158	0.465570311	0.501960714	0.370598961	0.417834599	1.885730114	219.3472766	362.0724612	65.7845899	1.128559682	4.639717344	2.847833224	3.523891686	2.78801072	0.331502454	1.933663617	31.44753726	8.206442333	0.706232013	4.644051339	18.38133952	0.740346825	0.831386925	0.763203743	161.2280106	0.474286977	52.14967364	1.638229095	34.86535934	10.23837188	15.05083521	4.568185778	1.836979023	10.47111977	17.65225903	19.39436008	1.114388604	0.66599864	0.250112339	0.247990194	0.030751198	232.5129773	229.7052042	212.5923674	319.4682144	216.3948973	230.9854955	256.1405057	230.1127893	426.4913331	384.4165473	428.6948155	373.2029965	3.683396904	13.43803458	0.794648185	1.773582765	0.961861882	1.079418877	0.619991417	0.577731892	0.823526183	6.23725947	17.63226063	15.7410493	96.05254124	94.86687496	36.59966323	49.67069122	29.24730316	13.362881	26.77067339	39.4687375	82.32038735	129.3464301	30.92789087	55.21789725	69.66354899	111.73983	95.04052842	7.256757616	22.88192312	16.19447241	33.48815105	16.25543859	5.751398638	4.916140597	22.30383404	48.05760288	9.417317179	4.867849801	15.63641562	361.7170933	158.1697591	236.5891875	32.3131506	40.91742418	46.2269032	76.42835884	19.42974269	17.3571306	1.930246573	23.62409539	343.6010384	415.0705705	358.4828691	158.1850784	167.2917289	202.127286	167.7675772	70.99622858	136.5552677	7.176638406	34.61195142	18.17266034	27.84144367	5.735022903	0.571290048	20.67464263	0.289404185	4.831378159	1.764313801	24.56812419	0.866577682	0.567578723	119.7712939	143.5924817	99.48135478	0.198361004	3.829465853	0.632878892	7.617894938	7.932659246	0.448754399	1.195258403	0.80762101	11.1810165	0.218940342	0.214440035	19	53	1076	348	80	89	1196	1164	228	192	137	120	466	604	376	695	668	439	369	174	78	82	3	63.5628917	60.74246837	57.15131071	58.2969666
C[C>A]C	0.336817122	2.493447435	0.560389063	1.7680713	2.702919002	8.294486374	801.9317232	4115.38036	678.5210402	666.744499	468.7718354	727.3075249	2362.592556	1438.53119	3776.415694	4168.448287	7.652822099	0.257130255	2.065387924	0.209615452	1.626225042	62.50699361	64.9259424	75.06736073	54.3192186	0.935950625	0.71074524	0.203508501	1.1195968	2.858728213	2.544375918	14.99942287	0.352564178	0.211251929	164.9752038	240.2985682	2.953001613	0.453994043	0.38194678	2.745094415	1.075587662	1.45940545	0.170358041	0.170808124	3.135252836	0.407695651	10.70289183	18.55236623	8.590716187	0.305406111	0.310799071	0.305608433	76.80093251	0.778770853	18.09955908	3.238902767	25.04034309	2.950218988	6.942701596	0.129874138	4.035534466	4.816905878	9.869741185	0.722372491	2.703526641	0.970797149	0.040353184	0.031541066	0.035017346	11.65311335	11.73020201	9.185982021	11.10661646	5.997917717	8.74568533	9.372789854	13.0770636	10.58897114	12.77044225	20.03410311	11.66085433	1.271970832	1.827022879	0.485600387	0.999798053	1.881084825	0.995226296	0.499566405	0.389527853	0.528046446	8.248207913	2.866023893	2.314634435	176.6562474	96.95318308	102.878025	73.13961791	56.23858342	67.21566402	113.2449248	79.36603345	76.00189869	134.2956776	67.40230319	37.47839129	130.7956712	126.7989288	132.0032943	7.088160417	22.45893648	2.987983192	11.58050091	11.14109987	4.179169069	12.88851368	40.00739565	33.99307283	9.398522865	7.074974259	16.13949402	698.916403	334.256196	459.2430943	84.61389226	80.23571801	109.0979012	91.20496403	143.6926896	27.24751049	8.279632414	14.96172613	378.8407284	367.1623594	423.0793993	158.422554	171.2983167	198.0234413	156.0869713	116.4131882	116.8020838	9.44263725	20.36180131	6.597537476	24.75575843	4.356769125	3.946295984	1.32301413	3.221726682	0.157597741	0.069380232	1.2069629	0.059922465	0.302388333	4.605429308	3.169368873	1.302727976	0.130779548	0.099457408	0.403918453	3.704556868	2.342271836	4.211057967	0.047168686	0.199318312	0.049859895	0.052942915	1.402486669	18	38	1198	390	20	30	839	604	135	161	97	89	307	338	229	378	364	290	250	86	28	42	0	122.1605115	119.3696728	110.9084636	113.2858952
C[C>A]G	0.202796474	0.127119662	0.1316803	0.08648848	0.088008249	0.356332355	149.165539	781.4280851	97.93072915	106.6094434	57.71317936	121.7900989	474.8875753	275.5230994	818.3993248	793.4598722	2.998992976	2.682262747	0.326964593	1.852264752	1.45198887	4.366497741	22.88967478	18.97307857	35.2915852	25.74302593	11.41610641	42.08791349	48.43603119	39.41723322	0.08439048	0.256011991	0.140261947	1.942399563	43.32754148	72.07831231	0.623795125	0.596634004	0.97491686	17.04743385	3.93275487	0.244554117	0.261974721	0.099894441	4.169579628	0.260305768	0.121610026	0.118036004	0.088155147	0.056216281	0.141696448	0.050643174	18.41710211	0.393050812	9.088623446	0.315256055	0.345410288	0.064203457	0.100143587	0.57933005	0.190542896	0.391937158	0.225782619	0.281148351	0.553818264	0.071745836	0.335970054	2.77328142	2.882444057	0.138161721	1.804523309	3.079959271	4.881356837	3.304893978	4.082220419	1.318340086	0.310969904	0.159452424	0.097683726	0.106736737	1.114494001	13.94544967	4.671688875	0.486351343	12.78461557	7.656297452	0.976114664	0.929952992	3.746789752	1.103066561	3.102793707	0.234369427	1.603637187	47.33635933	33.71677362	17.59469329	2.568810219	3.399214048	5.805179319	4.806941605	4.940081174	6.560434728	40.98155262	26.19204698	13.65440528	33.50127924	50.28756399	22.922249	7.04496067	8.027740878	1.84649357	5.492543039	3.249566467	0.996644515	10.1160549	7.052029579	10.69201313	0.932049721	2.737711102	3.596484815	138.455302	45.00464835	95.41174667	14.471277	12.36260218	25.56972326	25.61083225	14.65171145	0.111688684	0.334116543	0.817253552	194.4606241	209.9675934	229.9740541	78.58719778	104.1058326	103.0620386	97.63951233	54.65742081	59.4821555	16.68048413	7.383320426	8.650666584	16.50420165	6.965630598	0.210968675	1.77915121	0.060721142	5.491748609	0.109653699	2.347120803	0.172055806	0.112002466	5.496969386	1.419275386	1.77267281	0.100286283	0.312667128	0.120352362	2.511109567	1.142497346	1.211489391	0.245360737	0.080708828	0.153640094	0.049781934	0.126659553	3	14	477	176	2	11	653	581	103	32	31	20	166	218	115	75	68	59	155	60	14	7	0	20.52421531	21.17036705	22.1165629	19.46058637
C[C>A]T	0.473628181	13.36758873	0.69303229	17.35550977	2.041289788	4.137473788	584.877537	2625.738119	417.2552543	405.4899313	270.3646642	475.2944738	1488.451735	910.5695479	2567.984915	2803.942643	2.438212351	0.149785582	0.124254817	0.162720048	1.1243343	40.76493783	46.8843792	121.0895834	83.43045325	9.09386254	0.828271118	10.550486	16.86930975	14.02893535	0.5902982	0.477824458	0.530362726	0.13672448	129.7863682	228.5334886	46.09829577	0.810297409	1.007473945	2.452572432	4.630804317	1.88173741	2.680441669	1.567764856	8.043054539	0.529994904	1.713801263	1.539585825	1.135763138	6.06806203	0.586039108	7.251631089	250.9680858	34.39347818	3.445758035	59.9153321	89.28956188	1.472147813	12.53413153	1.279860599	9.534803869	20.23839311	24.67436207	0.582421601	0.425555589	0.223892491	0.033015247	0.036356731	0.028360713	24.4661184	18.57246317	15.56114685	33.86335152	18.29157415	30.82516797	40.06208253	30.54811373	18.68692152	29.14157839	28.03847149	32.49516663	4.414991015	9.251391535	0.470139151	1.24155564	1.15664432	0.627949614	0.363530512	0.543464143	0.773633715	2.674241544	5.689667449	13.19198557	156.8515982	117.1156395	73.29805913	63.45584537	70.90245576	55.23957815	104.1286473	40.30897978	53.00577652	105.8163306	71.53969184	27.56996297	144.3924529	182.1411079	182.9155921	8.427287204	9.809922092	1.678659192	5.890637571	6.118813475	3.853367827	4.99701525	21.11621382	21.27151602	5.24451991	1.558102718	6.044087034	444.0891985	235.0137811	335.8149963	52.17314707	41.68322624	74.37331178	75.69820071	76.2007371	17.56758798	18.82925072	31.57219296	521.6350071	566.4660966	572.9476856	226.4211179	262.8405144	295.3385411	172.6868793	133.0189854	144.8870358	11.16045373	11.03082113	8.49584194	42.21459444	9.682577041	0.249305481	0.337524996	6.502001865	0.587095633	0.447684071	2.031930237	0.099381073	0.086133175	20.38694124	49.97822496	53.74683166	0.597751442	0.609649123	0.060676293	33.69356714	14.07317493	3.625626561	0.186261996	0.74847797	1.024819833	0.158242048	1.056316959	18	46	1570	473	51	41	928	914	201	211	140	112	365	449	272	714	680	485	304	143	68	79	1	74.43637001	72.56016685	68.8069191	70.77766757
C[C>G]A	0.19252738	0.411270431	1.710382074	1.047721044	0.523217525	1.385710955	35.35755069	169.991923	46.73464177	32.40881647	11.76672591	49.57981812	106.6539167	68.91432812	119.9216476	125.3075311	0.524900981	0.151094708	0.065242738	0.159058793	3.635949529	1.434793453	5.465317553	0.297346815	0.111697828	33.12585931	14.25491533	29.20729917	68.90886681	68.84137849	8.666532117	11.75583307	13.12338601	1.815931705	85.81924969	125.1220923	0.399356104	0.988891269	1.154885288	3.087447629	1.694053943	4.2809902	0.099284648	0.82854661	2.383040056	1.790313409	0.174627997	0.131877065	0.204512051	0.536549392	0.525114934	2.376907166	13.79875998	0.366221295	8.614111412	0.472643338	0.553406694	0.411755554	0.602830125	0.094540982	1.320269918	0.269307045	2.16790565	17.47742955	13.20749931	28.24595814	15.4365672	33.74483861	21.35155898	0.527254567	0.239708599	0.703729144	0.767190579	12.40314238	10.74542467	12.01451983	14.75915171	1.234604721	0.559610135	0.890225812	0.556419977	3.545628122	13.97445219	0.948807291	7.533145686	1.542054674	1.215536358	1.710570563	0.910444109	2.00599296	4.530296702	0.288901615	1.523345989	30.71610443	39.78940728	19.41856969	0.284901723	0.157093098	0.920883445	0.096317902	0.611256592	3.252941316	4.039067045	4.828277022	0.234238201	6.4272154	6.098162913	1.691584782	2.880655418	0.972235084	3.025561565	1.370041774	2.404621514	0.454029653	0.073596272	4.140507146	2.225093315	1.916141757	1.915656836	0.657099127	22.44482338	7.672700735	10.44832979	0.557318026	0.54087914	0.533089558	1.742273406	1.247069733	0.051362223	0.885526723	0.743123033	13.81422692	24.85414029	23.85198884	6.242080655	10.26521785	16.41601558	9.356707641	6.955586933	11.32454969	5.103952225	6.013251147	2.314771447	6.653177427	1.080313089	0.103546477	8.86363616	3.269293843	2.576986696	0.260415795	0.872247862	0.05842797	0.05944678	0.300230535	0.048936007	0.144293369	0.777878843	0.38863384	3.237675944	0.02984881	0.605239382	0.175871229	0.245499415	0.10239792	0.041292964	0.051463496	0.299597659	10	29	754	336	19	19	235	202	38	21	14	14	81	92	62	127	100	78	44	22	21	19	0	3.926464755	3.373875374	3.599291743	3.621187646
C[C>G]C	0.598738069	0.379843646	2.959541548	7.294723557	0.136940871	0.2392333	68.09542135	251.681007	64.03110754	69.8190734	27.71541409	75.08148014	191.2884191	93.86113354	244.8649903	236.6203054	5.424695858	0.099442649	0.130378319	0.42820699	0.048972065	0.392637717	0.271861425	0.186657282	0.357067063	32.10490643	9.424495929	30.1234168	106.3686252	80.99748788	4.427409848	17.4717575	13.7463201	1.947356573	48.31003101	103.8243904	0.725349425	1.800909526	6.138914666	3.178614903	0.793584318	0.106395757	5.578369302	0.202785344	0.077194689	1.151137652	0.232121472	0.368270479	0.048363257	0.275160567	0.273584389	0.056713679	5.388263917	0.28196582	0.257435495	0.34967941	2.671757578	0.092306819	0.065269373	0.055267351	0.32342187	0.053102182	0.059611177	1.513607274	1.735169127	0.144888662	13.1274623	43.95966289	31.37043753	0.314653387	3.063433307	8.014458561	0.90143331	1.086077087	0.650595972	0.525275903	0.632895917	15.65219398	2.820109409	6.532753677	2.064747854	1.854237727	0.740881383	1.105429432	4.06350495	3.04295743	8.097952229	1.27137972	2.590572604	1.65637071	1.368987658	0.09023123	0.753612444	6.651149191	6.797148155	3.248566251	0.756450129	3.364712394	0.133702632	1.700392299	1.443655915	0.178670773	1.745922684	0.113942515	1.229197852	4.215739188	3.75486061	3.478718258	0.385442147	5.210365347	1.136152864	2.125653418	0.900573369	0.431720008	0.065489449	0.728053696	3.003377956	0.457269719	2.788417622	1.970571585	43.59131421	20.50019181	35.45475084	4.334463875	0.122549531	1.244920389	0.731698211	3.676450888	0.0987816	3.221759296	0.312458681	8.106113573	16.38424457	15.51042157	0.103433914	5.019246475	4.022592801	6.111894162	8.225386579	7.774022703	1.169006238	3.182633495	0.064109611	1.556988218	0.123597176	0.118410959	0.080504196	6.787973808	0.75879444	0.751736892	0.310283687	0.507104607	0.107036341	0.060103261	0.124119497	0.055631698	1.761639256	0.309862733	0.04903935	1.095515942	0.175678899	0.182096979	0.121265407	0.490005614	0.15994023	0.059120328	0.857417384	9	25	979	424	10	14	371	307	47	7	11	17	162	138	107	96	93	71	24	9	5	6	1	7.817436822	7.796220231	7.540425138	7.284267007
C[C>G]G	1.812644903	0.086526358	0.043619056	0.047944268	0.058127394	0.053124891	30.37602881	114.9757216	17.24621549	27.38869217	9.158189465	34.08608119	84.92130213	55.81250825	123.1526703	132.9623414	0.052868695	0.121177838	0.081975281	0.106529353	0.043082495	0.195253507	0.117613829	0.063714646	0.146603785	355.1434269	137.878215	215.6058365	344.7463877	313.4297939	0.141623718	0.612008284	0.099519977	6.90103351	19.724712	29.43868311	0.541200719	0.578107338	0.516252116	2.02114193	0.799455318	0.069662003	0.449417642	0.038792995	0.057069244	0.035997555	1.18604697	1.164028381	0.852197768	0.203200801	1.3826228	0.06404313	0.125814453	0.104401829	0.117035263	0.170052968	0.060426791	0.039262066	0.033481394	0.03971162	0.563407603	0.031484627	0.189413619	0.296283671	0.087042335	0.266946403	118.9722302	257.9415804	173.2295632	0.684752308	0.028373029	0.166528131	0.810886106	0.224283714	0.707391678	0.173618477	0.059943476	0.049781419	0.0675634	0.078028957	0.091874973	1.037023114	0.565141	0.431279898	0.882656888	0.385469597	0.481218327	9.1702673	0.524272881	0.647392085	0.034953428	0.116206579	0.034495213	2.919480133	1.631414494	0.299797158	0.150072353	0.072149668	0.055134082	0.039502504	0.876069325	0.2398034	0.693483727	0.683695257	0.11343651	3.635145176	1.556070648	0.433020744	0.16652857	0.431913955	0.162951378	1.59276218	0.03428742	0.577591399	0.151575192	1.830455099	3.197314641	0.04294652	0.035154229	0.107140356	13.41762392	4.173037673	18.56616469	0.370307655	0.144041779	1.834580844	0.446124145	0.131150299	0.131725623	0.053399286	0.118689396	9.437247526	15.62051623	17.06926719	2.582711672	7.374504053	1.705878034	7.473964663	2.78134415	0.385249753	0.658579717	1.318745429	0.066359779	1.003123812	0.164938678	0.107270656	0.068452028	0.066383425	0.033259337	0.130997751	0.039459058	0.05694389	0.164976501	0.048366205	0.115973195	0.523079809	0.126698521	0.05024785	0.188606726	0.193082755	0.191856101	0.032151069	0.051228626	0.115244952	0.76999251	0.174639196	0.496684121	0	12	378	184	2	0	154	133	15	5	3	2	36	47	23	17	24	21	15	4	1	3	0	2.947781662	3.509697344	3.729512206	3.112070078
C[C>G]T	0.144628722	0.073026059	0.183340893	0.17964106	0.166280556	0.367630539	62.2184953	207.5632529	51.97795314	46.61811861	19.06326012	43.91000524	174.134094	81.83539423	204.4720685	179.4127827	2.697679773	0.466045455	0.265632505	1.529417283	0.517843451	0.374597413	0.590721773	0.825590581	0.335308201	56.68143891	17.6487897	41.68933731	109.7063177	82.04783593	16.88139839	19.68778297	11.09675737	12.68697141	54.25946564	120.0924654	13.55177865	1.182518055	1.140082947	4.047609287	0.863893878	4.57832864	0.741791689	0.547018036	0.835778924	6.68175721	0.417925014	0.160064985	0.087966381	0.425525509	0.369515085	0.804410042	63.80771106	5.499876599	29.00221272	24.51569709	57.62535127	0.247610869	5.300145706	2.392357775	0.730646939	3.456758201	5.573681127	0.255316758	0.544067832	0.345447249	9.865664263	46.13121679	26.99838358	10.44562951	11.50224932	0.48579102	16.33739742	2.854929355	18.48042393	12.94260964	7.493329503	7.821060791	4.473169525	5.53720036	5.344010339	0.890526627	1.990536758	2.199356495	1.312944087	1.964418655	1.955057528	23.6597333	41.40112271	4.358162091	0.391225776	0.088919057	0.193091893	5.149820481	9.457312961	3.179351382	1.815386128	0.292447266	0.05888931	0.212187201	0.308482794	0.117994597	2.773256039	4.663997446	0.126002138	8.051546086	8.500147223	2.965163283	0.241217199	0.696472652	0.24176582	0.787642294	2.003929983	0.215717679	3.827416376	0.499481261	1.174733435	4.395840198	2.414957042	5.08124501	48.22452799	15.68547644	24.03152087	1.261176891	0.54592109	1.276444301	4.107028741	0.089092295	2.131961098	0.111777228	0.513573086	20.58714301	32.4213406	15.52147749	5.739774542	8.340193375	6.383926555	6.491192748	1.101271465	5.812745391	0.676730612	4.977859635	0.268572654	1.828409959	0.10419634	0.074673237	0.392158431	0.874134513	0.218431586	0.03851303	0.081870225	0.119402589	0.205914443	0.061252823	0.178490521	0.236723429	0.186339794	0.101882771	0.278521669	3.113278305	1.746774219	0.035470719	0.162274448	0.078878721	0.333506044	0.060698269	0.215314456	21	34	1083	446	14	13	232	192	15	18	16	7	66	84	66	172	197	125	45	22	19	30	2	0.970572986	0.00263335	4.619634995	3.76778751
C[C>T]A	0.305060782	60.00736285	25.54605102	37.66099635	33.12445521	56.44333043	74.45250595	356.4385297	70.75700642	46.01020321	32.33611763	56.42333111	181.1523443	129.4935132	302.3673105	214.3885265	6.175125435	19.60827788	28.27501811	23.41188942	8.81963778	0.3816084	0.273312647	1.855302069	0.430093446	0.121808606	0.112104225	0.139409355	0.186676213	0.158788554	54.27369573	57.02345421	38.36366828	2.09639417	474.5258788	668.6033416	0.92019611	1.442844014	1.220746982	1.781344236	0.97467816	0.674314807	1.142387547	0.563551802	0.234397843	0.606479978	1.053873473	0.571847734	0.320482352	0.106983937	0.262366816	0.575847236	286.6150173	1.65599707	1.684423378	1.359847364	51.34090904	72.80322758	118.2476059	74.26113113	219.2925949	161.2152329	219.4667923	39.51185364	9.479152528	13.06849819	0.03901333	0.03340739	0.033754404	45.88746176	40.92399115	44.0424837	55.82380819	22.51827858	21.29365885	36.8183928	38.74715188	59.64093335	57.32250925	61.36019566	57.68055048	0.89909393	1.80898645	0.801694612	4.762092781	1.06944286	1.003057569	2.3772882	1.097944872	2.089674097	8.081647637	7.711076414	22.36508446	15.37505803	20.28229356	18.24202479	0.122193917	0.185173746	0.164259176	0.145797565	0.315946696	1.047839638	0.477801157	0.236480139	15.50118329	0.373201644	0.873148119	0.376700497	0.865563971	11.61408008	5.128220174	10.78189417	17.8356495	6.470431774	2.021118671	23.51267478	27.1042226	2.901112405	19.42617764	20.72561887	32.86548837	8.957250084	15.14936939	1.052719071	0.109810992	0.501281166	0.278627928	0.267395901	30.71049706	20.86366963	34.05750488	23.52528121	34.80536015	32.61500362	7.237639354	11.85029346	17.45318903	5.298202507	2.412076686	1.434622932	0.201243892	0.091912401	0.376166597	7.22495176	1.010261994	4.138765506	20.69411441	0.26367879	11.57691185	17.06681995	18.3292628	5.908763819	2.045515185	0.251615676	0.091112832	0.1007828	29.00499917	24.33812795	30.30420086	195.1829718	146.8914346	106.6690464	0.11641545	13.37739359	2.85028035	2.275859889	0.63375067	37	69	2896	1063	25	28	500	430	45	110	87	75	120	150	132	737	837	545	564	234	40	38	3	7.516336932	9.057685051	9.926608406	9.274339566
C[C>T]C	4.328527253	30.0939162	27.2517151	31.14435016	52.35540096	25.83211744	146.6716024	782.0529416	162.9591402	110.3035585	81.46884243	145.3329018	418.8938456	237.1839622	638.4397128	551.1169207	12.94437921	1.505030756	16.88066591	2.730632087	1.076571528	2.553077659	1.452563668	11.3824517	17.50424883	0.312961022	0.167462591	0.252539101	0.211476294	0.329315427	59.82804914	31.43216559	58.40917247	3.933549198	425.052531	635.6846163	11.37877488	0.475714467	0.565466166	1.778726364	3.008368452	0.38868466	0.573982137	0.536104094	6.174395565	2.135491815	4.897424862	14.49348109	3.592352423	1.639777082	1.213197228	0.695505305	1154.876365	497.3077556	120.1312224	106.3214867	532.4855735	86.97929881	249.019149	129.352607	419.052973	308.0148886	392.334499	0.944482496	0.344915556	4.492658517	0.045362533	0.024858156	0.029058897	7.704422197	15.05983409	3.594766125	9.225593654	2.967941134	2.721444668	2.83643193	7.271495277	4.138003711	3.304648291	7.555256622	8.573791255	0.786712466	0.722015486	1.248374597	1.944121476	1.833716022	1.969486437	1.629314404	0.827599162	1.548704249	39.71082409	68.51310948	59.85247371	17.29670066	12.68406031	17.85977126	0.758635603	0.415676433	17.92636747	8.299163863	0.190629431	0.201684722	10.15907469	3.877079652	0.565577798	6.177345451	2.104215487	5.883190419	5.500954825	19.66839392	25.53112762	28.37474627	20.07841035	0.182763295	0.188124625	23.14194351	41.23208911	7.037026204	9.505072849	12.21065318	38.17226701	10.48444596	44.45436133	4.270746516	0.236121693	0.704159573	1.243178542	0.234686394	171.0830379	97.49829693	142.4167168	18.70709235	12.8128686	23.62285644	4.863431263	1.100232849	14.35300744	4.320724421	4.515742344	7.592092033	0.64551567	0.104282191	1.803476424	0.594818128	0.939419274	0.34208289	6.140064808	0.461233639	0.273666307	4.283720512	0.854563291	1.072307005	0.559068569	0.452575476	0.211464335	0.291937269	25.78829527	22.7105189	30.31350724	360.6931568	206.7556342	173.5688929	0.748951407	0.242643546	0.078685447	0.391704993	7.291069306	23	88	3104	1228	18	16	469	411	40	81	54	40	112	129	80	2190	2887	2078	299	131	20	16	1	14.23127522	14.91005945	14.58132116	13.98645206
C[C>T]G	0.125473476	0.168866339	2.965293322	0.491390594	5.097750741	0.392962788	40.88328759	171.1212931	37.3945135	6.644832094	15.08238145	36.68252242	98.3427391	38.15237026	139.8198722	105.5121176	1.044119925	0.138497975	0.550060133	1.667538018	0.088612878	0.911916804	6.603760093	0.397695264	5.773188791	53.46028619	31.19594018	46.14466268	71.80643806	75.13031341	130.1438552	165.1724351	144.8695566	8.589805105	16.17499327	38.31555629	0.126773562	0.363435091	1.625617615	0.563398767	0.81229524	0.550398988	0.39257212	0.643192313	0.457313172	0.454724343	0.815252113	3.228396843	2.479766719	0.386955859	0.271538453	0.345660495	89.58371239	20.59632736	30.44108874	3.317930488	42.90312501	13.84880991	9.516791175	4.057131374	19.45883709	33.38049991	22.02273315	9.567110171	1.986066549	0.449128806	14.88016582	28.81142543	11.03171844	7.895741933	2.240383125	1.923183322	5.003406893	2.048154588	1.393111001	4.60528743	4.859634925	0.746707631	0.68404149	1.043544824	0.310217543	0.873578823	1.683171712	1.624157712	0.805884438	1.166408369	10.47029475	1.235000156	1.222980488	1.123976149	0.336873897	0.239380537	0.099279941	3.915325747	6.367710365	0.205277181	0.590955386	0.217593283	0.060945946	0.338392157	4.475138027	0.061710546	0.063732342	0.103256028	0.205590303	0.071053718	1.310034816	0.104765272	0.20864005	0.39395975	0.882526554	7.780216603	2.969264552	1.014461814	0.730073079	6.81415054	10.54251579	0.985406264	0.260511065	8.400835374	3.588715225	1.327277566	3.494874756	0.132803033	0.098658525	0.173954401	0.192832884	0.261733599	3.164421262	0.513381146	0.517120042	0.091574173	3.419550694	7.461109901	2.420806029	0.28496133	1.254804707	0.151210384	0.407930144	0.218128686	1.30584903	0.16182766	0.244183806	3.104037854	0.081101722	2.329705919	0.457709565	0.098736698	0.138195881	0.181464092	0.052174213	0.132086246	1.088823843	0.101035933	0.136788485	0.057982149	0.974866753	1.510447013	0.228071729	50.49215408	19.07150317	11.43647042	0.35262298	0.260932702	0.095100997	0.076629423	0.505385112	36	152	7115	2896	5	6	1060	932	28	42	37	27	42	67	34	177	214	144	584	168	13	6	2	1.391172331	7.174683079	11.22013041	4.595139751
C[C>T]T	0.162124683	37.77285504	2.28097569	24.82823925	31.10777852	21.52863213	224.9908984	1038.485164	238.0236336	169.664588	127.7887208	212.9149754	568.3159427	288.9281133	831.1421354	805.2242573	17.20152374	0.347475153	33.45626504	5.176876582	0.593884443	19.97156533	6.402201971	16.1149572	36.51372415	0.546881606	0.341759784	0.539621572	4.037340496	2.644326468	59.00050641	67.89255466	58.87107598	3.688876223	415.9437313	626.3162575	1.176305025	0.518812755	2.164790257	1.616592021	0.846292029	0.412221825	0.269905393	3.49921836	0.529849802	8.081527428	0.696223311	0.871089134	9.096570076	2.898182909	0.412849211	0.386357217	999.9739849	388.007175	198.1633654	325.4831349	547.7195201	33.15548568	106.1268283	106.9324128	268.7075956	247.0312411	384.920235	9.809880409	1.240404346	9.187570957	0.214155849	0.028419401	0.027120332	58.81183465	41.43826803	30.24201806	27.78223618	57.1882603	66.58767827	76.1442264	84.05123956	43.4429435	163.9973152	153.7849216	148.382303	1.223362366	1.451434101	0.585183803	1.495290106	1.14538887	0.847745773	1.86991939	2.153448606	1.506095286	37.16059641	57.38313891	57.31817628	33.05109754	30.91301755	32.57423568	0.391314503	3.177822515	7.775329432	13.22994094	10.08509873	14.16983805	29.19767836	11.51565558	2.665927959	23.88212377	23.32779238	20.99179476	3.891600078	7.656198852	1.895517589	15.29377621	4.980620845	2.10184004	1.786460098	15.77186652	29.64213367	6.267155164	1.248721102	11.73663361	54.30565516	27.10569366	51.18343514	12.42546774	0.76313189	0.483888709	6.588482381	1.792659906	135.6560916	110.1292419	154.9007455	38.35692857	75.88055461	66.46147851	19.53707208	14.93841105	19.41328384	8.416943017	6.479330023	8.338624433	0.254692521	0.761054669	6.7689953	6.858700587	0.215920476	38.16175081	18.67054287	43.35149461	0.20170525	2.666191391	0.647757232	0.840482939	0.394216265	0.128038497	0.22100316	0.118055273	32.60628978	25.11361339	42.5185331	369.5569819	222.9872023	125.2448905	0.620801849	8.559823838	0.909612605	0.18953807	4.887981368	33	103	3380	1281	27	22	576	519	55	72	65	51	127	147	84	1911	2439	1748	486	178	26	35	5	18.43873036	20.6186786	17.91561173	19.96528198
C[T>A]A	0.781618816	34.97474985	24.60088391	33.8788304	33.41330776	43.22979717	13.82525738	51.06759888	12.20944545	7.140743433	4.408769956	19.41280967	65.36499039	22.56510261	44.50046015	68.8402674	0.413199109	0.127092103	1.032636663	0.349916441	1.786783215	3.423118403	0.201173503	0.222864956	1.899589999	0.031803179	0.053851567	0.042764277	0.042023513	0.036213503	18.77060653	11.30752387	1.803515378	1.801733144	8.760287307	5.71915331	0.530067361	0.4907897	1.681232011	1.414077794	1.550587187	1.458887861	0.10931195	0.344323552	0.065576828	0.105049157	1.423364212	0.197793693	1.064847366	3.026185672	0.296218005	0.169957627	296.9510556	0.555940121	8.958029557	223.2274904	212.440262	1.919933237	2.55656804	2.032992651	0.257872287	0.192058661	3.511219351	0.297042951	0.216165171	0.294988824	0.036426341	0.027383687	0.03970333	130.3794998	123.5762313	81.35431943	140.5407749	160.6624287	158.1445539	180.7704976	175.5785901	170.4404756	233.7994608	235.0520317	194.4114999	1.939025086	0.638835324	1.00237708	2.179363661	1.641330368	0.981386562	1.049162368	0.439974603	0.589710745	16.9161529	2.348042926	6.015350726	7.881254248	5.324980363	5.767970053	0.044465157	0.137652747	0.754916748	0.135919802	0.094409536	0.321836626	13.57089655	9.450905976	1.089281646	1.301248126	3.918418663	2.600457231	49.08349409	79.75810661	29.32258713	86.97043747	92.49827727	9.271659547	13.99402269	58.43900825	90.21757152	134.4476107	142.9019023	207.6130907	3.774940943	3.736316751	1.778169123	0.249532511	1.172003671	0.225916857	1.522842239	0.101378086	11.65190548	12.31907407	6.76373415	14.83389722	9.374114752	17.79055726	3.217633251	5.917452153	8.9071342	14.65127735	3.619313065	11.4219636	33.15747928	50.75670496	21.48267654	90.6834293	46.52111381	0.616763375	0.772743752	1.780342907	5.524381192	7.237590507	0.624316059	1.380884914	0.268033566	0.05927405	0.243799151	1.116426407	21.08677705	8.648104238	16.72736466	3.25393962	3.438351693	1.173673042	1.419612698	2.995346393	3.61304729	0.128528668	0.889621065	5	10	307	95	10	13	106	139	19	11	6	8	52	55	50	480	465	303	2940	4265	6630	9625	18	2.626957941	2.349894366	2.749447476	2.157009857
C[T>A]C	2.31053397	37.92590203	50.46801894	41.30669657	44.76207409	55.25423648	18.28876238	55.02596028	16.68666458	14.40463982	7.841999263	9.181763797	41.12433886	12.61092205	41.95122114	57.05266102	5.147828798	0.097314295	3.699134783	4.238971384	0.662841329	1.879232965	0.150626128	0.199055128	0.257262284	2.033028086	0.288829843	0.246275863	0.317457661	0.683313325	23.83373617	25.92626242	12.88394033	1.945916243	1.164949883	2.723955941	0.275965708	0.53548826	0.383849525	1.53957974	0.66749711	11.29372992	14.59392374	6.566338853	0.254901209	5.314433845	0.200981452	0.182318878	1.010695502	0.456871046	0.477105866	0.254676722	206.2214683	3.831857939	1.526603968	4.349937906	63.91770887	3.560228446	6.018859049	0.894092864	4.300256155	7.588317126	5.859259823	0.190628743	0.190894036	0.107112507	0.039125995	0.035095455	0.03950487	5.153552951	5.933336587	2.4860405	6.057399013	7.957440065	10.26297657	11.3278988	11.81944599	2.214379879	8.874988084	7.684422714	10.89032939	0.779367114	1.33302648	0.496224406	2.03409113	0.593632514	1.561900289	0.558399858	0.777877233	1.194595747	23.98053672	3.422342111	5.270917285	1.526282848	0.228372132	2.525391834	0.951956098	0.15617842	0.125518917	0.104699078	0.111732003	0.096577846	0.505836481	0.277661659	0.126768834	0.251584662	0.604204404	5.616037206	43.75592486	94.94854044	30.33928722	105.2893626	49.50700515	9.506785842	1.046470657	60.86781673	86.10348732	51.89457123	74.0095104	104.0334178	3.949581228	0.744807398	2.484598402	1.810062204	4.396129137	0.054436315	1.788364206	0.12532506	19.25786113	18.69462791	37.66860115	13.99677345	15.46366254	13.9012192	0.299310876	5.249598498	4.941163872	11.87548816	4.732585849	7.760922878	20.45339562	12.39289423	27.75916676	67.76695619	41.48407178	25.3398166	9.678802833	8.989281064	5.619338257	10.66993584	4.400842869	0.17205263	0.144386709	0.122805328	0.119509617	0.139727022	31.84957213	21.91886524	11.12882328	7.576371393	7.127697302	3.604685082	1.766448974	0.094191377	0.187020772	0.052510447	0.095024414	4	17	499	181	9	10	153	200	34	35	46	46	55	76	48	479	472	295	341	124	24	14	16	3.410824954	5.606936724	4.505207511	5.12603238
C[T>A]G	0.310724524	118.0797066	94.16946993	78.51908314	100.9169637	93.59421342	28.3810533	133.7242995	48.60166464	27.66536196	29.65658674	24.54292069	122.6385348	64.82943396	109.116597	152.5496596	0.138393195	0.134122354	0.126747683	4.172014557	2.968872928	3.832559305	3.299798395	0.151479219	1.270077655	0.035410072	0.063306099	0.057321483	0.479673691	0.108384274	22.13218928	17.42164006	6.418794126	1.054803555	13.83427037	13.13508603	0.570227274	4.427693523	2.892831653	3.812438095	0.788149237	0.380839131	6.784009411	0.105248968	0.32258854	0.055454225	0.989499035	0.794003609	0.044797378	0.175064477	0.398420493	0.80702201	322.3717376	1.653572681	1.884010617	11.72715828	141.207248	1.845111328	6.824113441	4.514896463	1.257640621	1.464754402	4.58457698	0.121842157	0.189374735	1.254926714	0.037598897	0.029482201	0.034207112	2.490765621	8.831616216	3.595417704	9.886171726	13.9018059	12.27153064	9.913007756	12.14625147	13.33156642	9.21346835	13.33313893	8.660247763	1.35491746	3.427811123	3.550344588	0.870049863	3.211559572	2.396974464	1.419393211	4.265206333	23.33603667	48.17801939	2.016331117	14.23167563	0.641900804	1.966142178	8.524285311	0.170067677	0.059081638	0.175010935	0.174415471	0.191279405	0.334607297	1.694991424	4.854712129	2.678634382	14.01035974	17.21060213	11.24656311	109.0451383	195.3997151	54.42791812	211.4457149	188.2068991	35.37224093	16.94201779	153.2307745	182.8440417	193.2009574	251.19264	489.9934541	11.83093842	3.277500921	6.835620983	4.095616232	7.282723024	0.122485978	2.379291918	1.228483884	20.76835071	14.61262325	26.84759697	90.96440796	70.60073138	78.65837681	26.0694239	29.61065791	31.84675502	45.42603552	36.49544447	34.11311778	76.42368899	86.3845258	82.42993623	189.4024672	113.9430049	22.58132536	6.497134528	9.672977378	15.94425464	27.34798389	35.10125623	0.940739986	5.516030989	0.410436798	0.548290382	2.913223725	54.40644439	9.898701597	15.42427558	1.16132009	1.910366554	0.667404318	3.381071842	0.967656163	6.532885671	0.221744373	3.686216354	8	21	582	199	10	4	265	306	71	39	46	26	78	114	71	598	635	403	421	155	27	34	43	3.617194377	4.44248325	5.298294484	4.703823074
C[T>A]T	0.250575811	49.68344562	39.23635552	43.65512942	49.27335684	61.15270893	9.630063829	45.06676459	5.937933108	12.4449998	6.484837536	3.322033972	32.90217427	11.78242659	32.55566327	52.95440797	0.073067466	0.413511927	0.464546416	2.304860885	1.658911299	0.308527474	0.499451524	0.680187878	0.968813381	0.08818336	0.097797219	0.082445324	0.088067106	1.455922817	23.52206011	30.03376392	11.12281003	0.395341427	0.528135446	5.968761252	0.243040555	1.045988349	1.468184038	1.083500482	0.707370286	7.161713203	15.66646562	0.526306533	0.059207241	4.242684278	0.254763617	0.589999672	4.167730964	0.226959812	0.331517902	1.524325245	375.7746794	128.2100764	14.71420889	149.5004327	294.7634194	8.834034217	31.76895757	1.699896625	12.12401761	36.41072421	27.06351836	2.6094178	0.571253215	11.34973422	0.032993736	0.026935773	0.030671201	129.9887034	132.8955724	88.17900698	132.2590055	212.2619049	182.4634642	200.7156336	210.3501865	189.8306198	215.9827605	236.614767	215.0658015	1.605109414	1.048805243	0.483130271	4.427551485	0.763651199	6.850893651	19.60493496	3.518532872	11.8066548	27.35692339	2.064192348	6.946252492	6.020823899	8.508199581	0.675755854	0.09699041	2.958322364	0.099851814	0.047817962	0.095166987	0.525206142	10.62996255	4.075028693	0.724196506	1.900252887	1.608644535	2.399453515	65.83453135	160.5834523	75.7909719	179.5792077	126.399561	21.34780231	23.04848923	135.5570684	146.7750973	61.3799942	80.54944477	146.4993183	3.046333838	0.981423394	0.908689331	0.956796975	0.19916999	0.423727804	1.257060908	0.106643947	37.82872184	21.18166085	33.37108057	13.05753267	19.33510413	20.77329721	5.080248561	9.572118896	1.88289499	20.4848125	4.370010009	7.258131571	25.10488705	27.02056323	33.01544011	78.25352938	36.25238129	31.92263736	31.27309983	9.714349207	4.263081988	5.151877675	7.23861383	0.14204553	0.525880218	0.110078632	1.066544191	0.049981803	14.04288137	16.08193777	23.95293639	3.210392701	7.936767533	0.562334468	0.243307905	0.754803773	1.199225767	0.334621425	1.577184307	18	14	492	158	16	17	140	140	20	41	19	36	66	69	57	696	721	481	2394	3890	6525	9704	25	3.196431821	3.624758386	3.025138424	2.918621761
C[T>C]A	0.075239243	62.4610125	31.81815313	36.48858364	43.69975146	39.23730649	25.29203054	91.11287196	47.89424136	40.22411898	28.025433	36.51313436	115.8826332	55.08167261	94.5248159	149.6849849	14.71873221	4.55153104	15.46469512	13.50188656	14.26263375	1.71996452	4.243542413	0.273152735	0.271225769	0.701529964	1.053753909	0.277922948	0.160321527	0.509048037	18.81301525	17.39532095	16.83907336	12.26979115	3.508472612	18.86922499	16.52214646	2.196028527	0.501975287	1.315768588	1.153743182	1.696818567	1.297370169	1.702164639	9.056177542	3.180312272	0.278545137	1.267535547	2.201636474	6.98225993	1.262945363	0.154660431	19.22674198	5.994171014	17.85212606	7.674779074	45.47383957	0.222200934	6.415308386	1.168879677	6.319001976	3.091028449	5.060988108	7.724557901	0.169010291	14.01854821	0.036451443	0.030077986	0.028868098	312.993322	239.9295557	139.899746	272.3904801	416.7001873	420.500442	429.9260594	422.0343695	291.9294808	317.9119906	304.793352	299.9010736	1.079351014	1.444061121	16.07133097	1.880824029	4.900667791	2.20183064	1.982983409	0.942216809	1.717608008	21.61587788	9.722338464	13.0314162	0.465426127	3.869940209	0.229655804	0.199866031	0.091559355	0.226694035	1.096702421	0.086772447	0.051957878	3.477838921	2.86950319	2.506202721	0.834536872	0.49363141	0.22844152	44.49946822	59.40733261	35.93953105	75.94637313	86.29597781	20.74512662	36.06967026	92.40078495	89.50607257	2.167693819	5.109503156	0.621174327	9.733843975	2.585640206	11.89672876	0.536294686	0.131068781	2.095564243	0.324113147	0.243449455	1.764437966	0.464845791	2.595023742	0.816541691	0.186222542	2.692761793	0.362528397	0.420751659	0.140860651	0.327046176	0.038900023	0.751503122	3.746078333	9.446446297	2.425837146	10.67410659	4.510717777	4.768063381	0.751285519	10.09792958	23.34943982	23.09893869	29.14384729	0.712746119	2.999688446	0.053879663	0.061205379	0.055628511	1.690649603	0.436478645	0.093732155	2.299635756	2.390254802	0.122530507	7.743310234	20.76047251	4.288597286	15.8861087	9.827521835	9	35	1672	577	27	26	371	343	16	85	67	67	54	51	42	141	141	75	1994	840	312	417	0	5.297302903	6.442313662	5.404471962	6.050955577
C[T>C]C	0.474828907	50.22974456	63.01126851	40.14627286	52.93248912	46.59114367	0.085346288	16.04303256	1.545622277	0.194264134	1.261090784	0.458043501	1.296360095	0.907878354	19.5845652	8.688635311	44.95114336	22.8374358	30.43904098	38.90089998	27.09108078	0.176777373	0.159412518	0.252946762	1.153757417	3.948601096	0.279727341	0.232811758	1.581460622	0.497647221	18.90271105	26.72289699	15.02689493	1.730779535	3.038862682	17.14140712	0.865787356	0.874053975	0.820948967	2.445726231	1.502927314	13.15284504	33.19857192	0.159022298	1.31032782	0.171436241	0.115025387	0.150758118	1.501923126	0.148241265	0.222480822	0.061468168	91.9754258	19.60557204	57.699438	50.11793968	70.24364759	0.564066452	4.369047702	3.334636817	1.036522369	0.754712797	3.542276592	0.23995149	0.17623105	1.678372719	0.038991943	0.339768157	0.032865375	4.800946808	1.232098139	4.197887271	17.17876239	5.298350294	12.28464772	8.454822046	11.12359881	13.27403627	7.435521251	9.130534727	6.918591478	1.660982869	0.856152525	44.35138531	2.101596842	22.82771166	8.917474909	0.894078033	11.67373903	9.130356824	32.3534863	22.41170082	12.54963732	0.18752178	0.044325939	0.095910422	0.056037843	0.0530205	0.065507708	0.046088949	0.057435813	0.045454689	0.043802758	0.152475506	0.077085955	3.58822026	0.032587911	0.499295811	1.233341427	1.066651332	3.104863326	4.864841703	4.405914763	5.205256787	0.168154298	0.38615655	2.48770472	0.037607304	0.037333999	0.319150419	0.171941941	0.108246583	0.036213383	0.046904136	0.335959948	0.90022773	0.054184454	0.050969553	1.969109166	0.14295999	7.136542025	0.121566087	0.587719684	0.028873584	0.043025685	0.1329267	0.127675345	0.115847678	4.119820335	0.119823367	0.163794258	0.139756063	0.202470422	2.780400963	1.394020815	12.61041991	4.284455169	11.2638549	56.95873683	81.707805	56.08196876	25.22779495	13.53043842	0.144514232	0.052698002	0.183627387	5.486210909	2.328481706	3.427947664	1.216679877	2.721832769	0.039084064	25.63505517	43.92888826	13.59480386	8.071113128	9.833845605	9	30	1314	513	18	7	297	263	11	105	128	117	52	48	41	192	208	146	1614	482	14	11	1	4.407166551	4.719936648	5.71831828	5.599495663
C[T>C]G	0.111827123	54.14925044	24.77018364	33.87485807	53.69007344	29.64859735	4.091408366	38.99264852	10.95164083	11.28585728	7.005111504	14.88829626	24.4432419	8.328281408	35.43458723	27.00013436	2.027169367	7.312013403	18.29869433	10.91702219	10.3318829	0.754334837	0.204976627	0.861748793	0.326334505	2.930253613	1.572608165	0.569983664	14.32378598	3.919398975	14.07047647	16.34415569	13.1376675	1.689964289	11.96196883	3.52080999	0.99588585	0.86420807	0.9644379	0.948838343	2.16859166	4.435903254	5.424512021	0.055927289	0.481145613	0.092645562	3.421876521	4.002709418	0.262070999	0.129160851	0.408421057	0.220925737	63.84167878	3.534849969	3.19722321	1.16404231	60.79551685	1.557625077	6.619987589	4.311430263	0.792886821	0.48359121	8.809004373	0.416323328	0.198929187	1.23585793	0.246355185	0.251544841	0.033239639	13.70009459	7.958538299	5.88552298	16.42086327	15.04197219	12.52370916	25.24696313	13.55183173	19.43934381	14.30662707	11.5927954	14.47975142	0.661324034	3.459913615	2.845030849	3.121848509	0.767915141	1.831845691	2.797022354	3.112534329	1.659314391	14.5928595	2.744931599	3.784682042	0.601856083	1.475411266	0.131809003	0.098272939	0.103455847	0.053884957	0.23161254	0.057110426	0.449971971	0.124415757	0.136663129	0.601889286	0.177469084	0.743759031	0.241915022	26.36030509	20.88652185	22.45970887	29.35973659	46.89848169	13.10268464	5.539117344	39.78045181	46.04644962	0.101748338	0.101293603	3.349493483	2.228821854	0.263036669	3.82219659	0.341796717	0.095954281	0.166389951	1.0534692	0.687791342	6.503005078	0.685220577	0.455880981	1.104373008	1.40736035	0.029624197	0.04033712	0.181418421	0.196211861	0.174466303	0.52238265	0.888009069	1.616395364	0.606047987	0.242964879	9.66980621	0.259976723	1.626677054	0.125603898	7.061272387	9.208282744	31.55726263	17.17946408	4.750436029	1.169897128	0.129302045	0.152978023	0.064956195	0.101182007	0.20631395	0.115275666	3.187083681	0.160321483	0.536268455	4.108846208	11.76949086	1.016538866	2.822724462	2.265714346	18	49	3274	1256	9	8	746	660	24	180	192	163	56	58	40	161	168	112	315	105	13	16	4	10.95250721	9.920667991	11.58478738	12.44280831
C[T>C]T	1.574835112	83.59143957	66.44303186	58.1586439	78.21637473	67.5780933	4.143352108	45.77495303	18.08471129	22.87358176	12.33118232	21.14556737	36.7974901	23.83351944	49.97737213	63.8916872	0.347831279	5.051959852	4.636230903	15.09536823	9.350459102	0.211400651	0.443068235	0.144421772	1.409677456	1.361445863	0.220107006	0.378222739	0.484336089	1.095511858	51.5949122	32.31556662	30.10653219	0.642889167	3.458486215	1.147998875	0.30991805	0.521071542	0.556290764	2.993942005	3.393256727	7.831984652	71.91344455	0.609685803	0.300048375	0.351041459	3.095873728	19.11182894	4.60739356	7.507318555	6.995195852	0.138475092	114.9353788	37.88077225	1.893003714	19.66756484	50.64001486	8.376890136	25.74154455	24.97642799	52.53176309	68.08541235	70.03853447	1.37394788	0.217849761	1.083914757	0.374943755	0.030990342	0.039301523	183.5973772	116.0527201	65.43429243	136.7941946	219.43579	207.8425377	210.9460311	216.3328292	149.5255081	198.3676433	190.2145627	180.584671	1.272608267	0.642815271	1.564234718	1.867960693	1.665822701	4.165648342	51.56100213	3.675000448	7.490745664	11.12429999	4.595598093	7.59244327	1.798252961	1.237943435	1.60793852	0.097007147	0.052923721	0.105010345	1.920191027	0.058134526	0.072632061	0.406025725	0.282726716	0.45775143	1.519419966	1.26546153	0.54609807	9.984463122	16.0464476	14.35391389	17.3067194	30.6223165	13.14745514	6.769205739	19.76553769	38.00402005	0.267481916	0.290781264	0.74336345	0.361114628	0.128889193	3.605664636	0.334540254	1.260716193	0.085722204	0.047447078	0.135141585	2.017241219	1.193168141	2.554881299	1.014759175	2.06054264	2.569404591	0.171544062	0.079269706	0.385470658	0.155524545	0.146430739	0.92791929	0.095976067	2.02791683	0.108774144	0.343661492	1.328897748	2.412796479	12.9056654	16.40830198	11.58733494	26.72848761	22.10420377	5.797579532	0.182787439	0.060617842	0.099349778	0.489266664	0.92111224	0.412267294	0.599513557	11.72293006	15.39492376	0.510887573	12.50856487	11.79972968	6.965402365	6.58972094	7.249276595	19	41	2017	676	26	26	454	384	26	119	125	109	83	51	52	262	291	163	1248	599	412	618	1	9.095584574	7.93598711	9.673518655	11.72870826
C[T>G]A	0.533291067	19.39226322	11.02452338	19.7973344	6.99909898	18.91901754	1.590029921	2.69025809	0.590560891	0.141407722	0.052521276	0.041612631	0.38257386	0.156907066	3.696154504	4.200110219	0.064205371	0.094163338	0.483304148	0.072684611	0.190981292	0.138624082	0.148645377	0.110534551	0.114456033	0.120012777	0.128137839	0.393101507	0.129987876	0.114334902	6.993932796	8.1680634	2.887363906	3.121045143	0.312937787	2.546628294	0.2228954	0.482709729	0.621501563	1.959220743	0.742568611	5.783910301	0.076406368	0.095419276	0.436444043	0.135597997	0.084240455	0.077993249	1.112668636	0.059314494	0.211881544	0.559749697	16.9840605	0.614376916	0.461088913	1.326763288	0.41842203	0.099582646	2.408664349	0.131844926	0.449907221	0.187388642	0.63330917	0.192867117	0.088146423	0.119038894	0.043326848	0.032426701	0.03485457	9.403864008	11.87992494	14.09539336	16.32529571	25.3408646	18.83465002	18.83942965	25.23276844	14.40600482	19.56253494	23.4727022	13.32689465	5.817706782	1.32046618	17.12568238	0.647712035	9.399849869	13.0294422	0.745452092	15.32342926	15.78616934	2.802715549	0.14173724	1.999983458	0.352565004	0.144884921	0.160107041	0.202231277	0.201664927	0.055177475	0.181794094	0.051419818	0.055166791	0.140117458	0.143675942	0.06921806	0.04080187	0.124403109	0.197068528	0.683430764	5.706033887	1.466915116	2.629340195	2.03249045	0.293359722	0.211507107	0.570339223	4.362808819	3.171912655	1.374266215	7.769098806	0.032219976	0.123675251	0.176085732	0.164748045	0.060324807	0.058081586	0.043535036	0.181974287	0.612010287	0.044464391	1.356764952	0.027155594	0.09511634	0.187776194	0.039213156	0.038272935	0.032453287	0.035816567	0.044113783	0.168317653	0.250746197	0.240114102	0.817203444	2.293362054	0.048232254	1.205845894	0.068061172	3.260460031	0.036333479	0.038430294	0.166694958	0.272545818	2.954342307	0.179950966	0.176541519	0.05807917	2.601068937	2.839717136	5.999327891	1.879800129	0.037188771	0.029804014	0.046899459	0.509959115	2.925626543	0.060062308	0.176153591	7	9	320	98	8	6	75	71	5	16	10	10	22	25	21	75	60	33	213	371	582	766	0	0.55386597	0.805848068	1.225905392	0.256678698
C[T>G]C	0.217704613	51.22928528	52.81346867	52.25445742	45.43305404	46.13527485	1.673295086	0.68362658	0.805370981	0.810953667	0.061737814	0.21510765	0.401218877	0.205633648	3.22894538	2.529221508	0.741684308	0.065476254	0.042443358	0.047422112	0.058840267	0.127826683	0.326756218	0.10663911	0.112558796	0.104031443	0.282814282	0.512158995	0.495737009	1.655721507	12.94721635	10.78778652	24.69397336	1.351254625	0.224483578	0.404225291	0.798232913	0.307544846	0.520326825	1.62075183	0.910189806	7.944817575	9.589169628	0.718801833	0.783948985	0.899640856	0.080819505	0.075811061	0.798443374	0.173484611	0.137524395	0.120882006	7.860817679	0.303511809	0.314360017	0.237009076	0.849528172	0.263231873	0.257856106	0.064739479	2.731378422	0.51538109	0.870556776	0.164711835	0.208099782	0.089057366	0.030541228	0.304663056	0.039289977	4.064251713	3.871642334	0.171981689	0.744316005	0.108523298	0.59035828	0.121790938	0.154604306	3.54626206	5.453644758	3.125125724	3.695495816	9.581983406	10.40672065	4.653888685	1.615916638	20.29181983	13.24134273	6.299132824	6.234809973	9.471625665	4.988750591	3.008402615	2.945291423	0.111289905	1.380895001	0.18072262	0.045384665	0.056364205	0.248927956	0.040623634	0.062895248	0.178903644	0.139908084	0.063165311	0.205491004	0.034360891	0.034268557	0.237713424	0.03159918	0.685386187	0.048176149	0.150182026	1.335430283	0.051943269	0.068131458	0.037284857	0.643255091	0.774158482	1.441286541	3.511176136	0.213172793	0.035209244	0.220771109	0.079494146	0.245129419	0.045521283	0.048401794	0.053800288	0.23748472	0.066353082	0.20410514	0.209069806	0.130799066	0.666596878	0.03559039	0.197012573	0.030980064	0.039355949	0.225609614	0.03994709	0.289827341	0.208305032	2.121332483	1.458657458	1.731408381	4.052586299	2.268199647	8.612745243	2.455433354	1.38624565	0.644680046	4.564233244	0.936268941	0.063532669	1.936512943	0.292739444	9.636915273	4.166271687	0.258694241	2.032451887	0.273736446	0.038665682	1.677135869	1.315667138	1.008035919	0.95509165	0.227613971	5	15	437	187	7	5	82	75	3	30	14	19	22	29	20	59	57	36	61	14	4	5	2	1.430135786	0.640182175	1.405855941	1.250809502
C[T>G]G	0.106126727	19.38975703	12.20790116	16.06819095	8.675514316	16.19471928	9.750031739	23.51182071	1.871109271	7.705604312	2.371627683	3.731270595	26.02237213	5.736604705	25.44829314	22.47302581	0.282857263	0.30306024	0.175825929	0.809246021	0.920945395	0.124688616	0.617649202	0.601263851	0.636063233	3.414207005	0.12644093	0.750374441	0.289296492	0.270859681	10.69844328	15.93519071	6.810386804	3.904262152	1.296496994	10.7127583	1.446422376	0.899959765	1.000921097	1.944778782	0.679011365	3.589049258	0.958400532	5.357269544	2.931771692	4.688355592	0.761610076	0.213734447	0.344483327	1.584521021	0.584199184	1.392385838	42.84724219	1.744035849	0.22643269	0.655798057	0.757842249	4.553859758	13.4802267	1.575085458	6.477664056	9.917654957	4.13309434	1.066911125	1.003899852	0.274480672	0.036836673	0.032229519	0.031354761	14.45964115	10.60549459	6.526893906	7.80855819	13.05017743	19.28984516	13.91577707	21.21990688	17.80227031	14.69784494	16.93916178	13.19654328	5.628945157	1.58871929	1.298113778	4.561341721	1.047004753	1.04773591	10.25239058	0.618631898	1.271034748	33.43847588	3.482688579	16.40537688	2.364990826	0.122938426	0.460473222	0.048919452	0.053254826	0.138450766	0.171795467	0.523639286	0.896777452	0.12229746	0.14831812	0.447572462	8.032897711	3.574131563	2.937363554	0.600405634	1.21113242	0.202385177	5.085934024	1.882753678	1.64579193	0.199385284	1.974514539	4.349427146	3.186487621	0.182839756	0.94174576	1.168690869	4.357579484	1.86212119	0.533280969	0.17178642	1.118912507	1.25801513	0.166452409	0.153204091	0.592314352	0.115865798	3.210659535	11.08808562	5.757974802	2.900553514	3.527731378	1.035616868	4.530717735	5.271071081	1.945732566	1.662442956	6.981450178	0.775328011	7.361644504	0.690944001	10.26640624	0.060879315	8.097911191	2.038628472	1.981758483	3.67596245	0.258827339	0.593437199	0.169643503	2.338333768	0.188149472	20.498423	8.017444504	3.551658618	0.030054143	0.031151965	0.248087196	5.827324065	0.376272969	2.781507159	0.737717407	2.445222864	10	13	684	250	8	11	117	121	9	57	26	50	25	36	32	119	97	67	40	13	8	15	1	1.938270787	1.960137276	2.362900435	1.516881021
C[T>G]T	2.126912961	27.79310892	21.48439269	28.60724587	32.83520868	24.32797597	0.504536369	3.318826474	0.130896432	6.3794134	0.306724049	0.495598103	0.282908277	1.718021962	1.277830594	0.550785851	2.247176824	0.343621064	0.368919254	0.220319123	0.169997138	0.193231452	0.383703403	0.324972065	0.273351929	0.118755148	0.353697218	0.268032026	0.355673012	0.326478846	53.91419352	71.64671088	109.3123008	2.153635836	0.502753051	13.59676737	0.663148419	1.261058128	0.738804511	5.413784788	0.841469981	188.8762808	108.4136745	0.239983894	0.124565051	3.68143811	18.15308753	23.32481354	0.59039838	38.31630822	52.2693451	0.102270309	15.10912714	2.526666	0.240881922	0.365783548	1.148703392	0.465220149	1.248042008	1.276640379	2.98463056	7.191452547	7.935753457	10.28394092	1.072363535	0.3593989	0.039290535	0.028600522	0.032083312	37.07253408	27.83061296	31.11651628	46.17000875	37.34808696	40.13653085	34.99133348	42.28944865	62.81233038	62.65433642	60.60019797	47.03609623	1.299552153	2.381403628	0.683439893	1.445274939	0.521528076	0.884273193	14.20502824	0.801782035	9.506480661	23.07436042	0.786654138	5.35817002	0.079286818	0.094419915	0.04711734	0.129066379	0.412064378	1.883532897	0.34223134	0.113490632	0.168435149	0.198944299	0.056210524	0.120872668	0.252173419	0.240260774	0.036822241	0.046161266	2.393913732	0.141289515	0.242858455	1.666855669	0.056876833	0.072231796	0.289793969	0.844002683	0.48847939	1.9250325	2.030871108	0.487879056	0.211108434	0.464314176	0.076073471	0.075838844	0.047846028	0.108832436	0.120441714	0.105523761	0.05867335	0.849363409	0.300677018	0.063207768	0.120586081	0.038265435	0.78779204	0.261492064	0.097562515	0.053155134	0.094236168	0.164152582	0.153366186	0.062993325	0.779254548	0.12556622	12.28123477	7.427778859	1.058438022	0.346540728	2.443420486	0.317740605	0.170534597	1.851556068	1.792250957	0.14565432	0.372376361	9.053201708	3.145606822	0.48484417	3.171795276	1.942117448	0.1829167	0.252498784	0.086778932	3.739665728	1.116645644	4.316991738	6	23	621	233	11	13	120	94	10	50	27	38	39	42	42	63	86	46	280	378	632	844	0	0.003078028	0.003021578	0.086824997	0.782989581
G[C>A]A	1.505996959	0.815841439	1.911688093	0.444887622	2.156006036	0.233797576	135.8175792	706.1145951	114.6419531	102.3880314	69.58561676	125.2080855	449.3154352	240.457732	684.997993	615.6278098	0.148444913	0.233760437	5.606629664	2.551162507	0.272682537	0.449023571	4.679428315	14.62308416	7.932700188	0.709867522	0.103536658	0.192721154	3.310090944	0.930902344	55.55738998	63.19206559	67.11896793	0.416923019	36.71337149	107.5064835	131.5836493	1.710833813	3.866654112	16.81879313	7.149295033	0.091422945	0.184618716	4.794926976	13.51283444	5.960576535	1.722186499	4.31535683	17.72226995	12.06507215	1.095091173	16.0102422	123.7159096	0.54745314	2.455232813	3.075059485	38.06817613	0.236550794	7.65295942	0.30425946	2.579841282	0.305659184	2.771472403	0.582803728	0.373227048	0.942216686	0.037435621	0.235816051	0.035679794	215.9606606	239.6329569	186.1298244	265.966845	169.8366379	188.3172764	177.430416	200.7168602	322.6580191	335.3611897	326.2293293	375.7926169	2.389129862	6.186269939	0.416860009	1.185696797	0.543146658	0.552917114	0.596509177	0.702878695	0.538202373	0.459247971	5.786018812	0.897981688	0.207114603	0.216143732	0.24579603	0.364979438	0.366427183	0.250742868	0.36196525	0.444426782	1.685034462	0.370516323	0.272395435	0.296492919	1.451909247	7.368018508	10.25082859	0.492794528	1.62787512	8.682705519	0.405362447	0.549642049	0.311897804	0.193040254	0.390580311	0.571651562	1.257703749	7.240783945	18.27137882	129.5224217	15.49705875	69.45248642	0.323034254	0.605096592	0.326738128	0.57970855	0.319477058	4.617272391	0.881971247	1.164056377	69.81259283	87.40108906	106.7432335	7.742950412	48.81130326	18.48211174	15.84883864	0.904569985	4.733805885	4.650135123	1.881199458	0.298457533	0.453350886	0.500883844	0.360104816	0.347399906	0.493607956	2.477527847	5.826046354	0.429452475	0.936927869	0.753805158	2.333276213	8.740806588	5.310956184	0.795176687	0.54082581	0.334673569	8.576755774	13.53603964	9.141947289	1.383268697	4.09818935	0.200761617	1.11714024	0.785133596	21	32	1156	378	162	178	1995	1810	406	269	153	121	611	899	458	451	504	363	139	101	64	73	3	18.6778579	17.55525958	16.05758181	17.70952805
G[C>A]C	0.411305621	0.756315925	3.047633108	0.396552266	0.909457441	3.009632351	323.4876671	1961.77071	291.6237977	324.1744255	202.5187407	356.7237451	1170.5723	663.9823921	1770.67839	1983.09713	0.302864058	0.705471463	0.134648688	0.45507722	0.132261206	2.103950703	1.833367571	14.93332637	2.724208042	1.169069773	0.241355939	0.408997248	5.482392243	1.255703479	28.67617737	20.24628975	25.21515284	0.583683594	18.13652852	43.95034302	1.409491398	0.460496635	1.965430353	1.525195783	1.450774692	0.297379134	0.382805025	1.010778919	0.569770391	0.174264124	0.123088714	0.116021084	0.241379503	0.380855716	0.379981366	0.435944184	387.9149606	1.670687438	0.598276166	19.0662327	155.7579394	0.211341553	0.068326762	2.256676832	0.563102821	0.440989887	0.736650855	0.873461291	0.560157053	1.029116536	0.343488542	1.367885206	0.036447279	15.70074994	11.57209869	5.763915748	13.75167801	2.922480658	2.453166038	5.94579305	0.984909902	8.047479523	13.96419787	6.904899876	8.308573018	2.274535759	21.7685612	1.420767289	5.745182436	1.453256952	0.731014523	0.35226233	4.724457237	18.76183748	0.822278114	0.316042519	2.228114488	29.98907861	27.95534719	22.82662284	25.76217981	20.26384864	17.96445023	43.31759846	27.30923677	64.51877669	30.39808251	18.92671684	9.901175886	35.94819221	28.27648662	26.37164054	0.287322082	0.152926297	0.178679978	3.501505255	1.75300089	0.278118132	0.208394897	4.235453044	4.056694689	3.344443527	3.670463481	6.179438382	379.8534317	164.8147267	266.8922328	22.20525174	25.43294203	74.74292506	39.3470023	17.10500229	40.32705493	12.34968778	38.08283572	91.11190745	75.38585875	76.23276211	35.48994252	20.89386353	22.40854508	39.81601172	12.80878112	25.04431368	1.88206274	0.380167161	0.173004249	0.585979387	0.159878665	0.289851242	0.189185499	6.575055655	1.733759576	0.392281344	0.361598693	1.689420714	0.09449779	0.083595949	0.20216271	0.161453972	0.169344539	1.169160039	0.083165016	0.867750696	1.618165424	0.203579616	0.097362877	0.12698232	0.536978422	0.069235952	0.400632073	16	25	916	345	27	25	1287	1132	233	200	98	94	406	653	330	1097	1175	805	59	35	27	21	2	67.16693854	65.06872344	60.28439707	61.69295654
G[C>A]G	0.230747284	0.239583761	0.287321127	0.650778039	0.070778059	0.558055567	90.85649157	561.0458217	86.10794327	81.9149655	48.92938737	88.73002786	301.6218234	162.5676748	470.9102055	488.8681505	1.049545464	0.184696601	0.757653871	2.086857075	0.646372465	3.213918734	1.09827198	0.707892644	0.831100384	41.43047719	12.79994497	32.94991633	34.46825816	41.1040915	5.674183974	3.964345331	1.692164286	0.205398498	41.84934641	44.80922246	4.110963474	2.323614306	0.327483326	18.86449705	19.04751403	0.113583316	0.058528714	0.159349285	0.501340513	0.170901483	1.369859013	1.192842392	1.871521042	1.274290069	0.480619265	0.255404089	2.399575368	0.319235223	2.302919404	0.410533266	0.349081445	0.16936084	0.032033776	0.161808629	0.181055734	0.165477861	0.033201647	0.20715417	0.522961896	0.073252393	1.545339699	2.054269965	2.186209446	0.087111868	0.460803238	1.622138105	0.199372843	0.60111573	0.254130671	0.867490664	0.268803976	1.693885262	1.052739165	3.114656788	0.363201853	1.262507457	2.139242243	0.186960151	0.697119045	0.291241362	1.216269492	0.290661323	0.582022489	0.856690869	2.731236965	0.134842222	0.135028285	8.30138221	5.401174373	8.573535495	0.561917162	1.037530075	0.584165853	1.421288579	1.629595403	7.882568697	12.38790547	6.05476701	12.69700204	14.03213904	20.75784153	20.6153775	0.048708403	0.502391102	0.097355598	1.045352893	0.871585831	0.052225361	0.28965627	4.091377868	2.138774864	0.187238243	0.093043519	0.059759728	78.81645147	26.14395252	49.64062115	0.209828207	0.580882049	9.19340159	9.796790282	8.093979755	0.088805608	0.09879907	0.065448975	58.36555887	65.92508147	71.44582438	16.25075306	22.37904669	32.31948343	20.9639494	20.85434533	18.50722459	3.21622718	6.559681979	1.814953355	3.076654472	0.920746659	0.087858135	0.099124804	0.161748889	0.31433546	0.323155732	0.28359485	2.406542767	0.309832283	0.151456995	0.545678582	0.299720097	1.179299538	0.154186589	0.049274213	0.032563085	0.384602535	0.036946342	0.424207351	2.161276269	0.645575809	0.087578512	1.333262713	4	14	528	226	6	3	1037	998	224	48	25	23	268	427	192	46	39	30	82	20	8	2	0	15.3634002	16.90969848	16.77995007	15.24024984
G[C>A]T	6.029588085	1.968988332	0.189947041	0.628679083	0.493727044	3.033599459	130.2441219	560.7997124	75.09173976	85.55575343	45.17906816	72.82112312	371.6893398	235.3764453	551.2355204	535.3217996	0.399983531	0.414214227	0.338269813	0.262348286	0.090632441	1.527458584	0.797177858	8.17663003	20.23666034	1.483923056	0.368695537	0.188978928	0.944802677	1.894267134	44.00522949	33.79606842	26.09599022	3.506709585	34.24848367	116.1323377	90.28504123	0.923780812	0.551259792	1.943831051	6.093244559	0.25170304	2.070037945	13.64246549	4.199527199	25.78307055	2.044041906	1.076743402	0.51006706	23.57922256	21.02189011	0.979782336	58.00882284	2.256321701	48.61516014	2.796137322	25.25574258	0.22533962	3.966533515	0.113109034	1.457038792	0.577591823	0.592832582	0.527883564	0.342133095	0.166935099	0.033850833	0.226625401	0.225527649	12.96446564	45.68581839	15.69932122	20.70020586	19.56366575	19.07167128	15.19978828	18.19845915	14.75760382	3.57313805	5.649585755	3.774251852	2.400410509	5.976013647	0.537666775	0.401275801	0.776628046	0.467370003	0.596667004	0.483543009	0.446007858	0.405411965	0.255095263	0.729986998	0.285836893	0.196432513	0.124168634	9.22132875	5.664293481	7.825395354	13.7604595	1.204755974	1.553823183	0.348673674	0.191831762	0.203399859	3.355006681	5.225665044	9.942778445	0.922706157	0.782170448	0.333154066	4.60630762	0.199757725	0.086741012	0.341203953	2.934982563	0.574372231	1.572392157	12.8405804	0.355875964	157.1059472	50.78077821	72.44016746	0.23536008	1.064900468	0.329109238	2.672301048	0.189885476	1.487880926	0.190552038	0.7994137	65.15518196	51.86191739	86.75485455	18.22451669	20.60214387	28.44831812	3.875514808	2.461710773	6.039022657	0.28216463	0.155321054	0.152740773	0.194144215	0.22922213	0.260692274	0.164595306	0.369256932	2.079306067	0.263369808	0.358993103	0.118030414	0.266822591	0.337100087	0.709639886	0.421453619	0.281434082	0.526014567	0.258329234	1.912406637	3.903151385	4.375071054	0.201688095	0.781123566	0.351063247	0.576750014	2.048510055	19	25	774	260	77	83	1498	1622	372	240	129	128	496	728	409	294	272	222	127	62	28	42	0	16.55015883	15.91629294	14.50889956	15.35014051
G[C>G]A	0.107213232	0.059460832	0.625493953	0.211036731	0.089306638	0.193517536	22.58478934	119.0857361	39.55366453	31.48899798	17.10417185	30.60952778	95.71787516	57.88965169	129.8675839	96.83406458	0.116393903	0.165594527	0.123576415	0.952190103	0.1404174	0.902122174	1.168182366	0.344605761	0.125043785	25.50929991	11.99834518	29.76319384	44.79611244	56.64122887	8.860882408	11.74413618	3.923712243	0.589421009	4.173763964	27.65365453	0.285825212	0.309588922	0.860084267	1.464900361	0.63184529	0.346252042	0.603219756	0.49384244	0.061511291	0.605116574	0.256715336	0.267017103	0.044071788	0.078322671	0.346068259	0.683235882	18.39660575	1.765623881	0.937431894	0.709668256	6.731538422	0.641578079	0.985523383	1.658390836	0.300280306	2.000358583	0.374644954	0.222257556	0.240098244	0.694704738	7.882206947	30.0300374	6.435283451	29.98063486	35.74058486	19.72830687	43.80654162	47.08022162	36.73669105	38.92940885	40.81864254	30.6261937	37.21848033	42.83604332	41.35627414	1.017838989	1.022631076	16.23769589	1.401984906	16.20999493	6.129044059	2.001180004	3.481022599	2.924242889	0.319763815	0.107236848	1.71001689	4.99102209	0.597636248	6.536425543	0.357420284	0.515909403	0.06236563	0.109431229	0.842721222	2.378342446	1.105833169	1.514983337	0.627055601	9.028396454	21.35612469	6.722133954	0.042368054	0.132684374	0.040393306	0.817111329	1.034977732	0.178457836	0.160469491	0.316923909	1.613214989	1.153775368	1.234161096	0.03499772	27.24266083	10.90787895	14.2960156	0.726676841	0.225004732	0.633016907	5.463748162	0.860891382	0.141461009	0.10718947	0.125666416	7.334755979	19.55113516	7.203377251	3.409908706	3.42349088	6.992471652	5.378358216	5.060727765	0.374672469	0.147286939	0.135677871	0.059358076	1.566928631	0.449479411	0.117372857	0.157193061	1.063456484	0.141552797	0.349624736	2.65548321	0.053365062	0.447783242	0.056068624	0.058133534	0.068946799	0.330606381	0.135726493	0.487712641	1.132336135	0.184759823	0.030719252	0.104377299	0.095070903	0.665463506	0.052000853	0.135543999	10	20	604	223	11	12	284	267	50	16	12	16	99	127	83	93	87	60	315	107	28	27	1	3.734970211	4.92279802	3.551991606	4.020684603
G[C>G]C	0.269501856	2.923155577	6.140930619	1.731349673	0.192285908	3.114532939	64.76420489	269.1520981	58.65966374	63.65414412	29.26980023	77.56191902	228.4882346	88.65297364	251.5388639	256.8598661	0.074883185	0.091308619	0.138048716	1.302201177	0.487957673	2.617439047	0.102084212	0.076951502	1.24816909	53.52842203	25.15035889	43.87078331	105.6929378	95.72802433	16.96468655	9.785619954	7.004859289	1.113870825	12.43803666	22.98579957	0.966428041	2.934502805	1.431962213	13.00306587	2.20903624	0.498999032	0.406191466	0.179490762	0.053756273	0.158223078	1.53828548	1.710169484	3.833208804	8.286225161	15.27396764	0.109654766	300.217878	1.251155107	0.729071357	165.6315348	165.034825	0.112616177	0.56464077	2.750838248	0.904901063	0.122257264	2.4199517	0.270262892	0.394726876	0.303644508	15.59035777	44.11801393	26.19285883	20.81878789	19.52259372	9.115719258	31.47714988	18.37410503	23.66021303	26.70598985	20.67332633	21.03671295	20.84101359	22.6247594	21.06499876	3.09497156	2.956008014	24.0498212	2.136707411	9.551854265	1.365265592	4.312673381	1.537856746	3.346355424	0.492701444	0.030290203	0.173173337	2.660397523	3.300111564	6.127421152	0.637267494	0.202236171	0.73030679	4.507681579	0.554177469	7.078208035	1.862506204	0.482640657	0.218341679	6.131861425	3.885077493	7.062194216	1.440990337	0.031772082	0.206375634	1.905155033	0.029618382	0.800167816	0.847269205	0.038059057	1.183165806	0.71225915	0.217174429	0.137697241	64.70815991	16.91009562	49.43036728	3.05014065	0.167460758	13.25099648	9.977677682	3.895502999	2.314566988	0.229751225	6.311081244	6.714763416	6.461463831	5.906668398	1.234612474	1.9502874	4.532257577	0.551121592	4.168095105	1.949293089	0.219142323	0.178850767	0.287431695	3.206102799	0.057678402	0.5697337	0.262039082	0.73295234	0.190153413	0.037140093	0.177635375	0.058788177	0.062971513	0.191684366	0.063426065	0.055209491	0.634544923	0.062913813	0.217301722	0.027745148	0.035013279	0.03684873	0.195261627	0.042482442	1.839103823	1.829780566	0.063341601	10	20	691	282	5	8	287	256	58	9	11	7	108	118	71	462	507	331	155	51	19	21	1	6.53640598	6.941960148	6.274382134	5.872134945
G[C>G]G	0.20186408	0.155705392	0.164968716	0.190324053	0.088139281	0.166554959	20.08524201	97.43840095	33.04656782	35.31405025	2.769351037	27.37664987	73.63708759	47.61399252	120.7583205	113.609864	0.039427571	0.051412075	0.045749515	0.157609215	0.051191605	0.094586236	0.173097398	0.056736571	0.181757984	409.9782853	172.2361768	246.0579937	402.4867652	400.9274009	2.856816359	0.731856826	2.754527538	6.93716152	10.92282244	29.79741856	0.126246097	0.359217973	0.190718009	0.699325688	1.705021424	0.057515605	0.057729026	0.213912004	0.276647626	0.273145514	0.075739643	0.088472063	0.046027881	0.054863485	0.116665983	0.065614597	0.440950618	0.383853112	3.797302039	0.335823764	0.142089712	0.691329621	0.031233493	0.122843871	0.294088673	0.094522994	0.12457542	0.105694765	0.994054985	0.304749251	132.3001137	292.1719506	209.6831768	0.30167124	0.858842103	0.188789896	3.157411773	0.106750566	0.683658283	0.720497989	0.613797023	0.121519518	0.457007479	0.391773057	1.465437669	0.506771699	0.570869639	0.392911261	2.179094127	0.810234198	1.058744371	0.263847273	0.324475049	0.478663207	0.044211901	0.169267101	0.157143065	0.358107011	0.432584218	1.155442647	0.196427331	0.061464652	0.179046156	0.699224769	0.603750687	0.043037402	0.120616588	1.196460916	1.458197003	9.43536879	14.67318381	7.158713934	0.034282573	0.037712587	0.050202206	0.444970526	0.156835567	0.760335796	0.793976752	0.128958501	0.184615079	0.203283069	0.036466574	0.033161151	16.26674682	12.43109584	20.95234589	0.53941461	0.184543804	2.329176917	4.692715774	0.157326466	0.044051784	0.163196356	0.11625254	9.562512696	14.96211297	9.300577343	2.016536881	2.001306062	1.838512159	4.79191218	4.19049338	2.033936888	0.072793335	1.601657889	0.068095717	0.171356309	0.061133319	0.053252373	0.718605734	0.158803896	0.680618917	0.03338977	0.145693584	0.054896087	0.058762655	0.056219524	0.054810813	0.053928926	0.171933542	0.059103001	0.054081888	0.026807268	0.029441498	0.036403277	0.052342067	0.043836955	0.052246584	0.055841617	0.04994006	2	6	283	131	2	2	217	199	36	8	5	10	55	67	34	24	23	11	142	49	3	1	0	5.57297522	5.309015226	3.530222029	6.354792919
G[C>G]T	0.055540155	0.647441766	4.26391374	0.195926665	3.681006728	0.596937787	18.58963487	85.28572612	9.355517742	19.85691758	9.894551281	23.33329473	76.01984302	34.28661551	92.21708133	83.72546103	0.172103646	1.607004123	0.501538706	0.058576189	0.083275313	0.429052995	0.110150176	0.293616029	0.528081857	34.59028628	12.50588476	42.63106818	106.5755648	95.52433257	9.867798979	8.724153574	8.845353436	3.806068748	2.891021644	30.52205195	5.834492685	0.744080221	0.594454587	3.904603529	46.12018026	0.165736893	1.218659416	8.572673777	5.791063636	6.977875981	1.035768647	0.284644836	0.375306111	10.17882893	10.58978086	0.14390182	14.7596102	0.498209624	0.238084853	1.49005478	1.220785358	0.094256845	0.034127167	0.071519911	0.450955361	0.839716244	1.921583582	0.145391267	0.086670291	0.078796793	10.00310772	38.3590602	27.38655803	24.98994241	20.43470254	7.289174242	17.68747085	33.05628394	30.55757997	26.61351172	27.85054656	27.97173969	26.36164077	29.94733043	22.13867618	1.729733551	1.061093978	2.654737629	8.147095836	3.906478393	0.98657263	19.77570729	1.178460303	5.006885129	0.10601547	0.323357427	0.32321787	1.466732424	4.321676375	0.239603843	0.045771408	0.141726708	0.397056545	0.129212037	0.373255089	8.763320898	0.208530038	0.674951257	0.135678186	2.513498145	8.410203831	5.618232785	0.126633329	1.055691374	0.041879836	0.268777601	0.03033935	1.335921574	0.064746302	2.555642531	0.10169714	0.154017503	0.485046685	0.300491333	22.06486945	10.93863504	19.40586651	4.519780245	0.617407754	2.554178604	0.135302877	0.694660339	1.91297978	1.103170539	1.689271783	3.004077302	8.701666939	4.82011128	0.102036965	2.458467005	0.098689223	1.611470495	2.775953729	0.292715972	0.056575346	0.062197642	0.192974834	0.932755555	0.041544342	0.893847537	0.477594697	2.062917192	0.040686856	0.0989461	0.336155183	0.215511143	0.053768498	0.152251997	0.054917186	0.146614995	0.048746974	0.133734208	1.347305055	0.030549245	0.042590178	0.201368921	0.127056701	0.111926125	0.702665414	0.168553838	0.416441471	5	15	725	281	11	17	260	283	50	11	12	16	85	118	82	149	146	100	229	91	18	26	0	2.360477334	2.734671968	2.082086807	2.63874203
G[C>T]A	0.809459307	3.526141846	0.937648029	4.769684703	1.720228443	3.410842232	30.91563598	192.097306	17.06242243	4.101788103	13.07756736	22.59391145	74.38916284	37.13221031	152.734661	107.312318	0.91089552	16.24182328	11.78731677	15.32315463	0.57315288	0.303644692	0.200745539	0.420316708	0.249452754	1.802315044	2.193883082	12.04118687	7.098521626	1.278621551	45.68299895	47.29687803	27.67898167	0.756095763	19.53291633	53.44752362	0.946202537	0.63420202	0.431858872	2.156037405	1.43092318	1.261853823	0.651473517	2.556695925	2.126854487	3.327104362	3.089722515	7.819523682	6.242564203	9.661297806	16.59368917	0.519157333	43.45034622	39.21739101	63.5746064	27.45479964	31.31845974	0.752389266	12.45719364	3.123720203	1.790560233	6.160992067	3.583284001	7.619067785	6.539322432	0.912951701	0.031761439	0.031208766	0.029615535	19.37263706	37.00972874	31.80532236	31.41514124	27.22042671	27.86441651	34.82702902	27.5694811	31.61641656	33.56078697	32.86165821	36.15366154	1.573842072	0.843146082	1.196374687	1.98531319	1.651723883	1.163430173	1.666538226	2.063350938	2.397254807	12.33706746	13.21673362	43.57812087	3.990738288	11.36614564	0.654205012	0.952788172	0.141182138	0.242516337	0.80710197	0.582740199	0.302722986	8.408712038	1.899856685	0.44010576	0.495560525	0.308567575	0.327254858	0.189010477	3.081712437	0.2776653	0.957558994	1.958228407	1.65975915	0.172202124	1.50725924	1.54561389	5.974444385	1.192055305	0.614962302	10.38829862	0.214299301	5.365541168	0.227373666	0.134203391	0.169371799	0.267530966	0.099461634	6.863886598	0.807160307	12.65343871	6.45328017	6.563653172	6.487630207	4.820155202	0.155816597	0.401475106	0.229574535	0.177914355	0.307820222	0.109767929	0.159224056	0.182348387	0.102694899	0.670650986	23.17299888	8.615550726	1.101997069	16.35888293	16.04220539	18.17055532	0.343090245	0.09827615	0.232324368	0.478663396	0.217290129	29.26131642	15.66692644	30.65709336	0.563984535	1.498260874	0.417863626	2.17287396	1.120379898	0.670385712	0.476760716	1.418047444	29	53	2776	893	22	20	889	977	191	195	205	163	304	417	212	295	265	190	695	246	31	31	1	5.400949207	6.681152623	5.751826257	4.307851132
G[C>T]C	1.03962233	5.293034587	6.416721324	16.35483674	23.71129921	15.14551703	90.37294107	543.9646268	105.6911906	85.68909138	59.15677626	72.58815719	284.5993298	155.825742	465.0351834	402.6289347	12.57709886	19.35458355	9.801175034	21.22567383	5.204345598	0.254455985	0.223720395	1.147500481	0.344028803	3.564101781	4.230149567	8.173608984	24.98999511	16.13297328	42.47585145	58.78942706	40.99156927	0.120021793	7.391773121	31.8853739	0.214503505	0.335440861	2.81466938	3.297594524	1.183149464	0.070239506	0.505995715	2.397172274	0.074367174	1.029248788	0.624489342	2.394345886	0.088875893	0.442608955	0.773919912	0.12445945	109.6582967	28.85041861	78.65627936	13.82754661	80.26566846	8.284629585	19.66688779	13.22482288	56.60954336	41.38858965	50.67570055	0.170902321	0.172944067	0.225831338	0.038035099	0.033556235	0.03474481	4.97137848	11.41526033	10.20764594	8.812200543	1.54671276	0.193845778	3.931648632	0.900839712	2.492905539	9.735841035	10.65795536	6.301731179	1.691576638	0.475680796	1.743590727	1.44050534	1.037711632	1.567208574	2.001686074	3.011431714	0.860841894	47.24665036	149.5988421	142.5992612	5.111492663	6.820290436	1.884103157	1.46661044	0.216652889	4.237444729	0.199502752	0.091821415	2.051093873	1.19555121	0.408981208	0.215942142	0.358804762	0.180086411	2.321879489	0.469829894	0.210375385	0.077062601	0.378574894	1.619047334	0.439047763	1.450531878	0.202657331	3.903638039	0.06668342	2.100980968	2.074091834	43.84120834	21.22510464	22.62763023	0.320796471	0.999888922	0.829379296	0.164640381	3.817109458	3.271610135	0.625102012	7.433066689	4.43335344	2.157564362	8.553575997	0.166715751	4.582996648	0.556309002	1.4817909	0.145805249	0.260998001	0.738647869	0.069776621	0.086556333	0.139339096	0.263527314	3.45712531	2.435682584	0.323218048	8.485661595	9.885747072	14.16196555	0.29500223	0.221150432	0.174466375	0.40550005	0.133593471	0.49881453	0.139232217	9.566742082	39.21408403	18.2274542	23.36146725	2.175192551	2.258477321	2.721036407	3.501345073	8.931268617	21	65	3112	1104	16	15	643	625	101	228	253	227	189	272	166	351	376	262	282	109	22	32	3	10.44140854	11.03427389	12.05970673	11.35920214
G[C>T]G	7.978819793	0.745691884	0.200189679	0.238021844	0.595183558	2.41088827	29.35512471	137.006024	28.95897507	3.2221963	20.53397832	28.84693045	68.71340965	38.89702385	166.6529998	92.69413679	0.247372697	1.116085042	1.664110297	13.47163909	3.441527201	0.334068399	1.992755048	0.346475177	1.387664445	109.257847	84.11402736	93.38939365	138.811554	157.3608878	160.6072725	192.8864378	175.2598423	1.031219449	0.259293665	6.166015808	0.095143748	3.537276729	3.764185969	8.188029635	2.61385817	2.334805016	0.220882634	4.409200851	7.187661778	5.669241798	0.768654695	0.881320261	0.612417407	12.73201437	1.524982627	6.878581034	9.964292035	27.51235549	89.76659383	51.38857361	50.83849867	0.153095115	1.660800729	1.234476783	2.311810439	2.250357035	5.027715606	0.200533401	0.283109199	0.384037732	5.092710957	19.31953814	12.31950176	3.804781406	6.246495724	0.212836893	1.234253235	0.664264682	1.67658295	0.546235837	0.352822431	0.227157134	0.382835005	0.313270075	0.196662242	0.84124698	0.743660139	2.171263273	1.65309887	0.63696548	0.689903524	0.536066045	0.908195367	1.132395092	0.227361429	0.298143057	0.304387711	0.157447442	0.215968131	0.230851647	0.073717355	0.103782211	0.114690147	0.749456886	0.113570582	0.093872572	0.08476885	0.433892126	0.237813432	0.115349698	0.073304989	0.098021479	0.06233854	0.553524973	0.068671389	0.2157673	0.200287258	0.432408838	0.077370332	1.24922622	0.349873972	0.074142941	0.037345137	6.426581177	5.594365908	0.541012838	6.531695022	0.08338293	0.409245073	0.119720024	0.152541196	0.310737319	0.059790426	0.066817841	0.560668521	2.514913528	2.398900522	5.109672801	0.307760024	0.059712357	2.533659011	0.054279801	0.05466728	0.081147164	0.132552581	0.074463737	0.174167311	1.779596093	0.151713947	0.516929445	0.282467517	0.13081837	1.440904838	3.025087305	0.334680473	0.578283528	0.164695249	0.147497181	0.109818118	0.591573128	0.149835127	0.316829142	0.627226338	0.22958876	0.575759892	0.338741498	0.169910853	0.183214244	0.153433651	0.544235814	0.063194561	37	132	5913	2418	6	7	1159	1095	113	57	75	72	137	210	85	74	60	53	554	226	11	6	4	8.372411019	10.12022581	10.3941954	7.124334936
G[C>T]T	15.64821546	11.98324054	1.548328923	3.115361701	0.878541953	0.709806463	57.31232991	297.7151529	22.67256067	35.82483771	37.99758955	31.69074802	113.7486465	68.07319529	213.0423322	180.9577748	0.601421902	11.28304228	1.051497146	0.609424933	1.421352672	0.400180436	0.736696969	0.913684952	1.826566347	3.174062908	0.872999231	2.220202399	7.621426038	3.199028153	56.02940075	38.03018974	41.26001734	0.076084479	35.51698615	44.16600391	0.349914996	0.40961587	0.380958366	1.691332516	0.858416065	1.588757662	0.182800966	12.31197889	1.991779961	9.078324085	0.216979532	0.483633876	1.20434049	0.951810789	1.202667166	3.990186255	40.90914876	13.17971866	54.85250956	33.84684148	10.39626529	1.75805039	16.16221097	7.286105	27.02078669	34.19301173	45.68655011	6.629475663	0.499127521	12.20155269	0.030933758	0.205703774	0.031117416	20.31048815	23.60139656	5.9690928	22.47535536	5.816341316	16.45857779	20.05278291	28.2324003	15.78414028	38.39755178	32.58630397	31.18353134	1.201758062	1.251838232	2.899686113	6.928222235	2.087986506	0.784965664	1.232629211	0.693578882	1.034864595	46.84706015	93.03188932	87.19525728	4.734676075	4.054736016	1.998972557	0.801489956	2.366965043	1.399905747	0.093354789	3.735101408	21.15840498	4.425003465	3.549900285	0.102856107	0.675375745	0.260288721	4.206221083	0.057953711	0.111338765	0.970000125	4.297403224	0.822509711	0.186925846	0.266608156	0.083755799	3.635398324	1.150854637	0.141999519	0.338089148	32.87360159	9.677279604	27.42797629	0.230978496	0.075039042	1.132405912	1.019796236	0.093116631	0.318732984	0.34074695	1.551596639	16.08942656	15.72663198	8.755744516	1.712915186	1.657058051	0.869373238	7.360602673	3.284090748	4.109571992	0.087560476	0.115981785	0.101064924	0.446419275	0.758597454	3.329182204	1.334604247	12.77285964	1.335719098	4.99387341	6.867058414	0.320719717	0.446426053	0.196959593	0.106605293	0.123927785	7.565235264	6.780854384	18.40842542	11.67464404	11.22907582	1.251848002	0.705355501	0.793685096	0.153958878	0.079703998	14.90547046	26	74	3073	1049	13	22	874	919	137	121	115	128	235	326	168	248	243	204	499	221	34	41	0	5.472962449	6.130466595	6.058793572	4.703429085
G[T>A]A	0.190722567	42.32039665	22.23897801	27.89328188	31.53997022	31.28065647	0.696221093	30.55668333	2.969678191	5.197109085	11.34863868	5.896046264	35.35551015	2.376981269	20.6060306	26.68804491	0.127652427	0.061683742	0.107112864	0.085536406	0.576576414	2.315500512	1.698916705	0.590409066	7.849086744	0.204248105	0.834189014	0.042038147	1.325144188	0.034937872	8.666362412	2.352773258	7.518293474	0.419387096	0.225702383	4.490258716	0.176492858	1.695768679	4.123428197	1.221482278	2.639426257	0.348406092	0.297405346	2.612055094	0.067693393	0.037015574	0.466091484	4.644415228	1.223404701	0.734950357	0.768228356	0.728091642	15.12666552	1.884970255	17.20340075	22.41483811	12.75927686	4.914990861	1.651250455	0.318565793	5.250589399	1.681230469	6.077442187	0.482723554	0.330740005	0.251603	0.03865407	0.036400445	0.030649121	50.16612146	71.59334918	51.31850106	60.76809911	78.23998916	91.68522119	103.8435496	92.39220002	96.61588718	84.35677431	84.9736986	95.11727758	0.60638425	1.358056308	0.698055391	3.054602118	1.699006726	0.897557286	0.339437953	0.334754928	0.390554104	12.54809481	3.867695104	0.528328701	4.7522244	1.111180186	0.424576115	0.062719877	0.231363526	0.0700156	0.17822973	0.166187506	0.059339091	26.72184371	15.91643087	6.339080404	2.080221187	1.82441939	0.171948488	25.22660131	92.19359097	37.35460792	111.7726185	64.56138048	5.590146726	6.322292541	55.16981703	72.98408018	40.13153883	51.83914002	102.081205	3.273085871	0.130754109	0.595119083	0.192527919	12.5227053	0.156298431	0.05049623	0.2011021	0.17897714	0.190557456	0.569144849	4.990750737	3.045947876	10.31441679	3.807401047	4.501971225	5.481695413	4.595152067	0.595842594	5.140793457	19.33960479	20.03408744	16.90515055	27.75951789	11.9213709	0.142215301	0.157079619	1.710675756	18.86090361	21.60389718	12.2557157	0.042785958	1.636707821	0.159511342	0.057436654	0.75465833	8.509015615	0.213793724	2.683772765	0.195307372	0.73016486	0.777639259	0.19886303	0.040236879	5.333098721	1.897373929	1.52877917	2	8	300	95	8	8	75	80	7	4	8	5	26	39	24	57	57	49	1032	1465	2530	3582	14	0.9659595	0.555291582	0.78111097	0.639204098
G[T>A]C	0.074888202	49.20943856	53.26182713	47.62120873	53.95941098	42.64706713	1.991822201	20.65914159	2.508086608	0.187453205	4.642974614	3.107225588	9.660841809	9.88389321	9.061397124	21.74753781	2.781157046	0.209853665	0.291708028	0.219850309	0.082249339	0.163552885	0.667640278	1.885982149	1.465901954	0.137762027	0.108527903	0.101854743	1.009455364	0.12781732	8.773628909	12.93039988	7.169919149	0.079070123	0.139286388	0.150325651	0.228663519	0.53341662	0.29470554	1.438754754	0.607734213	0.062694519	0.744686478	7.654686964	2.806450674	5.121878099	0.123120743	0.084839186	0.275721669	0.884980366	0.168946679	0.073210431	27.30590521	2.311415445	2.171226181	8.147937313	27.77818938	1.327427415	1.058909616	0.822364677	1.420912551	0.685641163	2.216362017	0.178964199	2.173847978	0.993217822	0.031064457	0.030072765	0.039433899	2.960284452	7.256279151	2.51885312	6.876607305	10.85719576	16.17699236	15.77988197	2.804608316	9.197006847	11.41350531	9.582719923	9.458253189	6.591830377	0.824284411	1.223911023	2.870022239	2.520135839	0.631041108	0.380910934	0.373577684	0.527588783	11.37485882	0.169002691	2.116281879	0.137390556	0.63322787	0.508900673	0.048360555	0.049684564	0.262049639	0.814925481	0.055025546	0.170524631	0.144888289	1.64864585	0.068406746	0.189906747	1.296615124	1.406307445	9.878741029	36.05828626	20.14709402	38.88636219	25.94290232	2.067719932	3.493565401	35.81320995	40.11812859	5.257095631	5.074048719	16.09331021	0.229045382	0.037021843	0.686621115	0.06825225	4.643651822	0.053649092	0.229931104	0.057274837	0.773052808	0.051365798	2.420230654	1.199768442	0.458321509	3.404572183	0.221746749	0.043088035	1.245589786	1.362174102	0.041918522	4.12562803	1.052587022	1.891481165	3.687355392	3.303253306	2.87945401	4.016470563	2.39102126	2.09850012	7.325040469	12.37916348	10.16537482	0.06340348	0.055071949	0.048565339	0.051517804	0.047556966	6.070284416	3.013601572	0.892612703	0.245118986	0.277821653	0.294111333	0.801231036	0.1678286	0.956137385	0.057647012	1.801933932	4	11	358	124	9	9	111	97	12	11	4	9	22	27	26	237	230	130	129	43	11	11	5	0.539766731	0.39901149	0.818740402	0.39889674
G[T>A]G	0.191338704	89.24443908	82.53765324	76.88596971	95.81207065	62.01205943	15.41074245	57.04270786	16.3777431	10.38426626	13.32249517	10.08208806	54.20297751	33.32738188	57.24995172	64.8500774	5.942465495	0.144758735	0.255384757	0.679274746	3.260804629	32.70990202	28.66303467	2.790456871	7.162654459	0.27933783	0.258701291	0.152627725	0.775005812	0.804251016	13.97604459	8.551066797	4.667270027	0.074948206	0.334805063	1.879755825	2.371144329	0.931636489	1.09502867	1.071267597	0.737793363	0.049535506	0.052172949	1.009098251	7.116031595	0.129343413	0.147788	0.435258525	0.245335427	0.138525238	0.427503472	0.179442419	22.40682976	0.661996579	20.08902485	3.141871386	0.381146025	0.956643082	2.329176016	0.153445479	0.068205797	0.434907306	0.884489569	0.17163177	0.122785316	0.192635854	0.034167271	0.031287072	0.039222239	15.12673866	16.598344	8.143484161	19.80016518	30.12907218	31.10181152	31.35392797	35.61881691	21.95119146	19.31208828	23.72203193	25.16408704	0.744193783	0.646563388	1.025198777	1.670221573	2.189345283	13.07603577	1.484397583	0.949952081	0.351077535	23.54558309	1.956939611	8.747222401	3.595868898	4.193657383	0.389790164	0.174528923	0.731348764	0.064280861	0.181960414	0.057925596	0.468063054	0.94423588	1.302884409	0.181711031	6.012110033	10.18296311	6.035504203	54.01301035	126.2680782	57.5177664	138.4993663	123.9171065	11.70884243	8.073040981	100.5042021	123.3641093	53.92910374	60.12748223	136.9214952	3.223330817	1.726716056	1.882642601	0.214895723	5.661042373	1.241336496	1.338992482	2.597415635	2.311833429	0.059306945	0.193085219	22.00772882	27.50449155	39.64702272	5.614724518	13.92273383	20.11361507	14.06385149	5.374212346	11.7517487	21.02684465	21.57261195	6.172735691	61.04142035	30.5468697	7.391166781	0.210345008	6.504872443	12.49386423	11.33649667	20.31342645	0.272299264	0.60946198	0.172752066	0.213352721	0.72440143	5.822531158	2.670554751	6.312957899	0.029575697	0.025945175	0.239824352	0.587121387	0.149348236	0.939429464	0.050951046	1.540830317	6	12	475	173	6	4	179	188	35	19	17	11	63	59	46	60	56	44	190	62	11	20	28	5.100845972	3.014458515	3.49209475	3.716790111
G[T>A]T	0.792362286	80.15135323	82.66972296	58.5694447	74.79788628	99.33755204	3.833068659	16.25231016	0.997595413	6.024216758	3.484779298	0.711891779	11.583347	5.971267493	17.55558656	12.2344177	0.181823307	0.284886524	4.822748935	0.133275292	0.975476937	10.10523445	1.214830985	0.376770158	0.108908155	0.519847583	0.136763676	0.520624179	0.030578139	0.034898192	13.05892092	11.42479333	4.819562652	12.52752853	0.530924993	3.76059858	0.482140945	0.833470701	3.713486267	1.32712366	1.027600131	0.107241715	4.979599674	31.57166725	7.944357009	22.41106352	19.75498754	16.53718843	4.673651412	3.308774352	0.864115077	2.469979029	2.906253908	0.181830619	4.947331671	0.586994889	0.183680278	3.821810071	9.463384884	0.231326484	4.923891478	14.992396	9.5808523	0.81136154	0.366454055	0.153145575	0.038581202	0.035756976	0.033603687	38.77771198	41.7575371	26.25794797	47.32703776	73.57561348	65.49570245	71.82496149	64.42323969	53.99417024	70.26239415	67.21393168	62.75490707	1.106938623	0.926389539	14.91205633	2.592756113	5.979228019	3.705137395	3.211320724	2.743151895	1.044840279	13.75861542	0.512363601	2.146656026	1.411231702	0.698824082	0.568151613	0.050269936	0.052269598	0.218423133	0.053680737	0.106714752	0.147859915	2.017833381	0.390847092	0.068242833	0.079020168	0.139537172	0.046868362	17.59931205	45.07148581	25.048729	59.61037114	44.81735325	4.471465855	1.308111164	43.27909064	50.95231464	7.804588858	8.664693316	25.36377842	0.117582806	0.399259169	0.037578177	0.217161959	0.0981895	0.079703419	0.083486224	0.165321699	0.04411635	0.270957409	0.090291001	1.91080648	1.828962951	6.180880842	0.074288731	0.505623045	0.475032629	0.08534205	0.407150375	0.190621839	1.690402976	2.616072314	0.820755975	9.500600325	9.570702299	5.705620731	4.122008726	1.132636972	14.392375	25.61392826	15.96318157	1.029634344	0.056847196	0.518140214	0.055273646	1.374396707	11.14508392	0.054951156	0.039621003	0.415568626	0.500275277	0.044141367	0.091030199	3.721201811	1.067511171	0.061488665	0.250213566	11	11	512	158	6	16	132	121	10	9	7	7	42	46	22	51	46	26	589	694	1080	1424	5	2.156230573	1.345644098	1.058209783	1.043469683
G[T>C]A	0.40269572	61.4838757	59.15665819	42.80058783	56.29118037	70.14356146	0.52365129	3.950483329	1.060030036	1.104748111	1.222877547	1.024546353	7.398297795	9.87628316	3.592457328	2.890223026	120.9887235	43.07789476	108.7902247	93.18952335	62.69221253	0.743427994	0.1396555	0.269601666	0.135304196	13.26576023	2.304536681	2.967131131	8.891155872	3.893158032	26.26287642	34.54884046	21.82919565	10.62735508	0.861071254	1.020678214	0.556029048	0.581201298	0.562323373	1.122683875	1.271480989	4.342343092	0.098022751	0.575898585	0.178409413	0.390136226	0.813352956	0.70123627	1.400696558	0.482161606	0.542346431	0.210443316	2.261617791	4.207331121	38.13383309	1.275307717	2.090396213	0.195916745	8.31104415	2.061459517	0.321171916	1.047218241	1.774325364	5.483466654	5.029106887	0.489796654	0.029599224	0.027193056	0.336374024	29.79998167	27.77445775	28.56555221	46.33726492	44.75130772	49.13218549	53.94566101	43.08711912	30.70737387	27.31303401	23.89276561	27.66677496	0.815222873	1.147637922	1.939242372	2.158558298	2.266959852	8.604014857	6.240398507	24.57142052	29.33177187	88.57020643	76.16180532	69.11117404	3.294623794	1.993346478	8.804165485	0.117162244	0.054120096	0.070288686	0.098779374	0.108544643	0.077905834	9.741573336	9.815007327	7.9269849	0.099414865	0.592994851	0.124105952	17.69559871	58.75535051	39.95681689	60.23948651	66.44805929	14.28938443	18.21372936	30.55502089	79.4719184	0.426835596	1.971761035	4.656056535	0.158569352	0.033057471	1.101611944	0.120663033	0.497033946	0.052574728	0.311747209	0.685345692	0.123849402	0.359236146	0.113272121	0.756809242	0.198993578	0.395172062	0.122135678	0.039388978	0.284587964	0.267009919	0.110875388	0.664796813	6.560570229	9.25229945	0.461946141	16.20524648	5.812436483	6.266432308	1.047599877	12.2688371	97.84036702	102.4630544	88.67353769	39.06466346	29.5031951	0.131438505	0.305809764	0.047163222	5.108518906	0.430361918	1.154004519	0.546486573	0.567756499	0.203533888	62.64502228	112.9394571	31.93171001	42.34398674	71.04567471	21	32	1816	565	8	10	337	298	8	56	43	49	50	41	33	66	58	38	860	433	213	263	1	0.794632768	1.418319707	1.430218193	2.070177847
G[T>C]C	5.322101175	34.86975066	22.57328437	32.34153975	37.3730096	37.66842514	0.116277519	0.066802869	0.088178398	1.405179169	0.346585789	0.676436785	1.505677454	1.313684863	0.405651159	3.958200648	95.75980195	30.37736325	80.93774716	81.18058697	39.26709852	2.217405577	0.299031448	0.165498155	0.724609241	9.634939886	7.647779291	1.300434193	8.642081006	5.787956569	12.49525171	23.85109584	14.87770831	12.78029754	0.302267674	1.576996971	1.377130665	1.043089185	5.744858387	1.14171421	1.236266976	5.158037283	3.768401215	6.332809837	0.998068882	4.923608043	0.286911457	1.119666785	4.874218965	0.887468374	0.162878924	0.124935282	69.75090753	28.31491286	35.17278665	80.52884705	30.4057899	1.85350006	1.898989998	0.102167563	3.026654679	0.913888812	1.741095522	0.218511929	0.20503635	0.344552778	0.041888524	0.030460417	0.033769424	7.353483674	6.120988565	2.539608358	3.970571821	6.884828393	6.839755324	12.39436713	12.58634624	5.255111876	2.794992855	4.81961296	5.045375177	8.931745038	18.63497397	1.37266741	37.97074157	0.640061403	1.784209754	1.191160895	0.724413786	0.414173858	51.47247228	67.90060011	45.19277713	0.09271947	0.112279602	0.041310519	0.123447056	0.05147775	0.054283377	0.048689325	0.05161526	0.118991747	0.091982242	0.119183791	0.141427936	0.363388036	0.040453651	0.500039877	0.040620235	0.028461458	0.15103361	0.086832933	1.856289069	0.189402043	0.067147604	0.376071793	0.975197055	0.141835685	0.522702583	0.037300326	0.028977804	0.779380716	0.035101791	0.062276037	0.062657056	0.28193925	0.050029659	0.14381658	0.480042605	0.162845923	0.127175262	0.033474227	0.06986421	0.492156125	0.038596821	0.129057761	0.114650167	0.115717116	0.470978902	0.098877551	1.568507008	0.408512801	0.05986314	0.388352581	0.63261833	5.607695958	1.286334524	3.994215941	83.01265721	111.589471	93.02629856	30.61084512	22.24394984	0.063021591	0.444835502	0.168105451	1.030929023	0.1663663	0.545475087	0.03112676	0.031392256	0.036863589	59.39009001	59.62371651	48.71115068	37.65973783	51.35431458	14	25	1061	364	4	4	248	224	7	52	60	53	26	27	15	173	163	119	706	242	6	9	1	1.417862017	2.160880523	2.158033325	1.681875269
G[T>C]G	0.471909122	37.49973619	47.28758753	57.39695265	42.61261583	49.04602083	1.050157874	4.041753066	4.423408197	0.616180316	0.241627005	5.604851123	0.969264412	1.402846731	3.33916059	0.922931477	69.27568472	38.27076814	56.60250536	48.87059938	51.46493636	0.204994152	0.11848332	0.184758797	0.112548078	23.82807435	2.280031311	5.385710756	5.84706858	8.676066986	12.12884833	23.17673006	7.022246222	18.8456575	0.752692694	9.305067011	9.257673646	0.641086199	0.835474657	5.090543132	1.074603387	0.076696865	0.101727631	0.542579153	0.162091113	2.097930328	1.455981414	3.553047818	2.546413647	0.11769862	0.239045404	0.124779103	0.126715557	0.276564969	9.916783118	0.359717636	0.436322062	0.358027129	4.412834586	0.396733783	0.26993744	0.37491425	1.2862067	0.373987912	0.106753902	4.109942122	0.028361157	0.030344251	0.034097704	25.03475217	20.85189524	11.37955421	20.03279157	14.63860732	21.63535395	20.14331645	21.90776061	17.77825309	8.957007049	18.29054741	7.516218582	1.210113909	0.791564484	3.192868611	1.082525028	4.203011246	3.32531091	7.812259486	2.267088342	1.132460888	65.54517069	43.70454425	48.01170401	0.139398818	0.047411665	0.107486465	0.308825191	0.056077811	0.061400375	0.35553793	0.049041854	0.189039306	0.076335788	0.224035092	1.4439592	1.503479524	0.238727962	2.704541657	8.055022219	11.32322337	10.79665618	19.01673014	17.46258411	2.353023753	6.650233548	16.61406344	22.65712005	0.433611227	0.169632591	0.699724104	0.147835887	0.543732129	0.032389721	0.115025926	0.069701108	0.121550322	0.325499199	0.091807865	0.103322574	0.117394446	0.10031914	1.468130151	0.190274836	1.661690818	0.353510737	0.114002391	0.773573971	0.037826661	0.041154084	0.100839233	0.173888348	1.009427095	0.056568014	9.313198542	1.155238023	2.575516131	2.419762098	9.13098263	38.40972091	65.21412273	48.94099743	38.78216281	29.49514331	0.064023091	0.883121582	0.063839042	0.812937687	1.148071649	2.236629439	0.157377625	0.031917399	0.197967634	37.92778251	52.84045272	20.97857049	33.75810261	36.28126971	14	45	2348	866	12	12	580	503	24	55	65	65	44	43	32	44	49	47	672	186	4	4	1	12.5848857	9.096846255	11.93201597	12.36884139
G[T>C]T	0.074590543	111.4000675	79.86835072	74.89953312	74.14643142	76.32090424	0.248495243	3.142194993	0.11076935	0.110812326	0.348215884	0.318326732	5.289198615	0.539821197	0.48635445	0.916530285	63.07468031	29.28911143	57.52619441	53.59781822	61.77122509	0.167500345	0.258832386	0.237915965	0.292735716	13.74489513	0.879206909	6.699793244	3.100389948	5.210565837	39.97557865	29.44142174	14.96605401	13.74842057	10.21605116	0.225412368	7.68736474	0.807372502	1.574150827	1.685887871	3.725423511	0.273466653	2.336333845	19.61701014	0.35940636	26.67156256	5.942393599	2.078579697	38.22060784	10.66442622	0.587336605	18.36820464	8.716725206	6.245008583	61.89677846	55.9694394	30.03318212	0.396079362	3.585572578	0.504301811	0.11339291	3.372126343	3.075408472	1.923488024	0.263644612	9.456826924	0.032036811	0.031391903	0.029238363	16.33367846	28.27111512	4.938913894	28.34883266	27.6718707	30.70194939	30.01985022	24.02315302	15.96171534	17.01884469	10.64445002	9.128327753	1.070165998	0.561537983	1.04912009	2.459049705	1.369190295	0.980034255	1.24725238	1.20887964	0.769092974	49.33524862	69.4656374	32.9602705	0.177101351	0.162221035	0.090387698	0.077019796	0.051974773	0.089810037	0.337406298	0.083429405	0.130039492	0.527201688	0.179585492	0.097289132	0.073548857	0.043997051	0.127634061	2.919799484	6.381131108	0.458788739	7.364648665	6.327980455	1.617309626	0.152947297	7.065866233	7.78031513	0.481757434	0.043737276	0.189092428	0.030777915	0.084014565	0.035529107	0.180432052	0.119202711	0.124121388	0.268701246	0.095752602	0.074741991	0.174019201	0.043256405	0.031653968	0.285306394	0.199871488	0.06528464	0.274619216	0.06514139	0.044444547	0.047305227	0.062201854	0.881354441	0.407622171	0.93979401	1.95872942	0.340797821	0.071769905	2.076281861	0.250638453	64.31796034	75.06746523	99.51873252	31.76555947	35.63029802	0.057364997	0.095747357	0.09810072	5.835272003	0.29810206	4.202085286	0.358767667	1.671106339	1.58877261	49.36374312	82.22291715	49.30073679	37.43069819	50.29317077	19	56	1917	641	12	4	355	314	11	44	51	57	41	43	21	44	41	27	1269	436	86	124	1	0.389961417	1.404055259	3.368147598	1.225718891
G[T>G]A	0.071928747	38.11556111	34.98272257	40.18916586	35.7029339	28.74462232	1.92423971	4.721886456	0.060934925	0.524589664	0.04257488	0.254964436	2.75884546	0.255763093	1.12694216	0.63504998	1.449395427	0.086572378	0.043537899	0.046849452	0.182637681	0.151880773	7.600833761	0.115415424	0.24429568	0.083776694	0.041968531	0.03871161	0.032993464	0.032964796	4.145729502	10.19520185	0.594417178	1.919865206	0.840101479	1.241189148	0.185298621	1.441371848	1.167543927	1.387399574	0.688040754	0.069158974	0.06059594	0.340736553	0.248196907	8.77207331	0.67623307	0.274482628	2.881187122	0.044173809	0.154387708	0.082270478	0.489368702	0.135142227	0.299134266	0.131769894	0.125365756	0.495955171	0.080674388	0.116901397	2.821361519	0.261685976	0.512256234	0.260370302	0.103209188	0.608806942	0.033501607	0.04111531	0.03239321	57.18130517	42.44681118	29.87712085	52.41086725	69.94990274	68.81006034	78.06427052	57.95642877	62.03698506	70.78156424	69.34014269	61.1142835	2.038530278	1.242176184	0.605543525	0.842053278	0.310859966	0.385023466	0.481589501	0.519668791	0.826836229	5.099992264	0.034666534	3.085452668	0.148369834	0.04407139	0.206594526	0.281962136	0.051729529	0.063448559	0.042278778	0.057087158	0.055053675	0.618491046	0.234020745	0.073339385	0.040654755	0.042673592	0.782976395	0.748683234	0.246852054	1.62860468	1.972728043	1.975917051	0.058417658	0.066633521	0.200704328	1.967002558	0.249612791	0.798032037	1.316862663	0.257362559	0.033186601	0.678045661	0.060838572	0.077070799	0.057654534	0.053925329	0.244863626	0.03545965	0.04816482	0.052799936	0.606932383	0.034905545	1.244676017	0.03739195	0.03435725	0.039929826	0.040472301	0.202159866	0.042498193	0.261665637	0.279813377	0.06262766	0.045715616	0.326825267	1.714857654	0.080404121	0.068087716	0.718152867	3.045868151	2.315831866	0.06565105	0.262726454	0.050826216	0.252245694	0.296160777	0.859387957	0.264253457	0.328352045	0.025956167	0.028710844	0.03689379	0.230320759	0.041010019	1.065000693	0.308041887	0.04836854	7	2	296	103	8	8	83	78	5	5	4	6	15	19	16	20	28	19	481	411	414	569	1	0.564213558	0.811573299	0.785035494	0.882726076
G[T>G]C	0.064412382	74.9730041	96.38052725	75.08777424	79.74940538	95.21692955	1.573300051	1.72778624	0.651236779	0.214983933	0.070619103	0.683833962	0.234504095	0.21124961	0.853972679	2.326844073	0.100403445	0.147200434	0.054252882	0.142501753	0.823208176	0.106551671	4.915789733	0.361576498	0.063661381	0.091134404	1.596107483	0.09638419	0.785945102	0.268322901	2.738919855	4.50932771	7.050087092	0.439384683	0.181296175	0.067285787	0.088024894	0.435458941	0.286297885	0.87893216	0.427978948	2.727078608	0.179543835	4.566220747	0.933588087	1.345932804	1.070486329	1.145885905	1.868240142	0.904417589	0.243376359	0.060892218	42.55586239	1.049541035	2.649139096	1.376809406	27.22915677	0.115345709	0.032301006	0.035752579	1.561082723	0.106522169	0.131811084	1.127444219	0.295915545	0.0761655	0.034003121	0.028315534	0.033306436	24.25667607	11.23519007	7.423728556	17.71771807	19.90467738	22.37471367	23.89723765	23.1716756	22.35101544	19.03298193	15.62149318	25.42877045	6.105694878	3.2612697	0.717296747	0.489781474	1.586785127	0.384820183	3.016247781	0.810635261	0.214704815	4.214826466	0.031723338	0.254680032	0.183115517	0.212446055	0.244416037	0.051165314	0.05242274	0.053385319	0.267722284	0.291102639	0.044965101	0.217880209	0.049788014	1.054332065	0.039696534	0.048878856	0.039498276	0.036488346	0.262789729	0.050562696	0.034365732	0.035404367	0.052949102	0.063107881	0.773785773	0.030539841	0.046451679	0.039194655	0.033334372	0.03019496	0.213883665	0.03372792	0.3490997	0.061320536	0.061214214	0.0543957	0.055789994	0.03490024	0.261558573	2.52196334	0.237038435	0.029215982	0.029667098	0.039587617	0.038370023	0.03159904	0.246302613	0.04127486	0.246652606	0.054365312	0.064271429	0.066280598	0.815360837	0.049935642	1.90407442	0.328849728	0.395699081	0.839993146	9.193158781	5.230080801	0.056929221	0.05787459	0.056726287	0.330785661	0.070493036	0.27499283	0.057058028	0.044140655	0.031242364	0.029818587	0.036944047	4.027680054	0.042903144	0.402862777	0.060308243	1.120534021	3	11	261	87	3	5	74	70	8	3	5	3	9	12	7	92	104	56	231	76	3	5	0	0.258556112	0.319208204	0.120605394	0.180765925
G[T>G]G	0.486512278	39.35189287	53.25829965	37.03665782	40.58909976	41.90159477	4.966577243	13.62884869	6.046163722	1.546109237	2.630028256	2.189598125	22.93074231	1.574455506	11.64025977	18.81404049	1.819921358	0.126028171	1.654890471	0.980474023	0.111562177	0.360176813	37.004736	0.158319384	0.329735049	0.325028758	0.141929898	0.238792552	0.334418072	0.15199832	6.352233194	6.410354264	4.922419504	12.9518709	0.439253443	4.052540196	0.209537791	1.109849527	0.866737957	1.191032702	5.730384103	1.513416527	0.469181958	3.726371469	0.51982152	2.179171566	6.73754241	0.268550016	0.486508872	0.52958832	0.467180924	0.055331719	11.01211244	0.949276986	7.514034422	1.041433973	0.965180306	1.083101731	2.41845884	2.919750412	8.714282506	5.573960831	2.542912625	0.168706156	0.210148987	0.787082602	0.040038323	0.032522108	0.036751967	46.03902503	41.75819119	29.18301373	38.8560536	49.2271948	49.73276824	46.03544964	50.86920478	42.42812768	58.9611246	54.09272828	56.74392427	1.805105873	2.511731148	2.150540601	8.562064595	1.269930124	0.445616809	3.253739079	2.461838705	14.59979193	16.06832607	0.577686608	6.581637531	1.614635916	1.238229647	0.135574506	0.05354034	0.257206225	0.19108818	0.187332383	0.054787929	0.048472352	2.019500452	0.159280907	1.729587732	3.961114669	0.512062702	1.263507773	0.041507656	2.832231209	0.036706411	0.480893553	1.289016432	0.258073115	0.062142343	1.199001184	3.520552842	0.038014376	0.209495584	3.450826432	0.191425981	1.104368942	1.920610088	0.581710347	0.19295384	2.521419856	0.045861031	0.152160456	0.19361599	0.185559788	0.582752645	11.43074125	0.879448069	6.61684425	0.590713527	1.900483075	1.12519395	2.907880551	1.323206286	2.089353684	0.267629883	0.056943515	0.913731483	2.108601983	0.73449639	0.057870163	0.197507356	3.246195373	0.591578928	7.845795109	3.916101484	3.274032449	0.228033189	0.052273386	0.056146783	0.06064718	3.603375216	0.739013717	0.227155603	0.029421806	0.031621677	0.033321349	0.678459241	0.513706231	0.885864765	0.848059372	0.665272414	5	17	528	198	6	7	148	134	18	35	31	29	32	37	18	94	88	50	387	115	16	14	2	6.384088161	2.247971593	0.737041229	3.003467144
G[T>G]T	0.055971318	105.9779992	92.30128852	85.96018476	63.25374487	74.10415842	0.295068187	6.380833736	2.734727452	2.129848563	0.226290659	0.10664055	8.338874939	2.525016968	4.558635311	4.562754661	0.085691947	0.726498728	0.217252764	0.448796632	0.085591274	0.673596772	0.256573229	1.561068908	0.907366963	0.682856881	0.287910626	0.228674644	2.361897253	0.35532895	17.63325588	14.48786883	23.93088127	19.55675749	0.389415203	1.077912917	0.286714017	1.084524415	0.812767701	0.778089115	0.858765163	38.4281129	33.22529973	40.99677223	10.87145477	18.48593433	0.370058311	1.317786055	12.36600504	14.24376984	1.346870525	0.066220166	9.821417833	15.93227131	4.716220418	30.89544448	32.80544451	7.234899422	11.42609196	0.759142085	11.38672485	15.51339941	17.76922838	1.199719107	0.796143755	0.367834502	0.034223294	0.032243365	0.037429027	54.96381371	24.10580762	16.95429142	29.52814029	34.69386453	47.40531822	46.56390514	42.63210827	42.35382165	32.80798369	39.16361071	52.03595761	0.916792378	1.230787217	0.502865272	11.20088859	0.571482797	1.183855379	5.307845539	0.377092629	0.844864757	0.343386874	0.036888093	0.041089798	0.07871238	0.114803464	0.052293768	0.05459837	0.045594399	0.061614049	0.123956162	0.109581413	0.051732555	0.08697816	0.057148279	0.334423408	0.10790245	0.095440627	1.079239079	0.033690463	0.14707121	0.039421205	0.096572706	0.432089524	0.506779694	0.076376725	0.406473464	0.384124148	0.046100057	0.038907423	0.097433936	0.576504493	0.038208186	0.031095722	0.128792785	0.143719732	0.05756302	0.144652959	0.128983734	0.042260522	0.053074512	0.042710489	0.11511756	0.563392963	0.127603909	0.042178116	0.045906725	0.040129853	0.040772797	0.101874759	0.310968297	0.063715106	0.056654562	0.061729654	0.100203962	0.135262812	0.799056785	0.078116196	0.072701711	2.778518537	1.003477506	1.740543835	0.742188664	0.16783243	0.138330263	0.067509947	0.163593291	1.10266553	0.05017102	0.149713872	1.812544586	0.031309583	1.311045931	0.047690817	0.039920814	0.051491279	0.049207626	0.139752331	5	9	534	195	13	11	161	139	11	28	15	13	29	42	30	45	37	34	301	204	186	207	0	0.00285428	0.002986168	0.003232786	0.0030935
T[C>A]A	0.234555641	29.23994622	6.383744043	25.49089307	22.41009023	30.84759618	153.5335648	930.0263392	152.3330902	161.611733	133.2183513	149.656276	516.877002	348.2726135	833.2018948	775.8429371	9.890438245	0.493891382	6.84477252	5.666591224	3.658585452	2.139034056	0.47481296	3.964883185	1.661637675	0.219635194	0.112480771	0.416832774	0.256169159	0.062917739	79.21358537	67.56044043	69.59799324	9.517917594	52.50622747	161.8732218	129.2651954	1.007384056	4.681024642	2.305719763	2.173841638	4.508509963	3.418538472	10.70307619	3.251705043	4.531542302	0.645380035	0.958803939	11.84296213	24.73347638	14.62112482	2.562612987	5.200487552	0.338688332	0.908613017	0.385411696	0.312341183	1.324418934	22.41632139	0.214345165	5.947519407	9.828489571	15.65647767	110.8359231	69.48049396	61.16006797	0.030395729	0.807199349	0.306758092	304.7859771	282.6769095	274.3520943	415.056003	371.0590219	371.6171869	356.9593422	370.280624	558.0540212	500.9803541	495.5923144	519.8089287	5.056898646	70.88012853	0.493666544	1.000791271	0.805419491	1.022985108	1.45679361	2.450163795	2.667469447	1.260005636	0.282952927	0.655512974	36.54669619	10.92601334	3.422686779	5.416464907	21.06752711	0.880656112	2.765490019	3.664258193	36.87918435	19.18273625	0.93271179	0.298842961	55.7939265	96.47581759	69.17490683	8.23693925	8.441799133	2.304174973	5.670512886	5.347781293	0.954932844	0.227106421	0.356742167	7.972004772	4.069178022	4.295266319	0.475367024	104.5267006	26.30795374	75.66264328	0.354011268	0.633873712	4.97313097	0.196323778	1.061701475	0.541118872	1.353364306	1.025011518	223.7869187	231.9320114	229.5023217	68.527121	126.0070708	109.5823684	104.5948237	69.39665712	77.58764101	0.371942918	8.940629517	0.535304968	34.99549853	14.21298638	1.226953227	0.452845281	0.146826314	0.271856541	0.625828179	4.57044067	0.430520894	0.426203677	12.01021375	6.639995898	28.66301161	3.753154653	0.575578632	0.217126611	12.42603573	5.529999639	6.720023234	4.841265182	2.649563086	0.294372381	0.555547315	0.291852511	25	34	859	284	100	124	557	659	125	323	146	134	370	463	295	447	404	233	428	180	131	171	0	29.82788344	21.54391339	23.0801862	31.08815294
T[C>A]C	5.840357089	4.133103408	18.40033479	9.238081906	17.13853272	21.40738177	457.7079606	2526.151465	463.0220153	465.481083	322.5233118	448.2167636	1565.000845	932.2841384	2141.017114	2479.873468	0.828304696	0.53277993	0.766683886	1.895094134	0.354082393	0.491806182	9.43133745	6.424026623	15.30808038	0.714966903	0.188634301	3.13156008	1.723255233	0.35577503	43.43595006	47.09915683	34.34283859	1.653373865	20.48756928	83.41851703	59.84196653	0.948182407	0.718350311	1.625730968	1.509093468	1.159268294	0.204441128	3.268028818	4.974008188	1.732821416	0.185049779	0.121500968	16.98327316	0.376459689	0.663853727	0.817530593	97.79512474	1.93660191	11.80212233	3.163658559	4.23866759	9.061168759	16.71729301	1.525868886	11.88043064	23.03044121	26.51136603	3.044978098	22.62860079	17.36159285	0.037752056	0.299946978	0.029470731	30.9755168	43.55852123	18.18344809	17.9505596	7.548364131	20.8346792	13.55263063	14.22873796	15.09041149	6.884290248	13.81886313	12.69365307	6.938184195	9.107691564	0.697603594	2.345580295	0.454694101	0.833410152	0.788078901	0.91017466	0.718247467	6.916200935	1.583986923	5.061071936	90.68292934	67.8880159	48.11005133	45.10127451	37.56619136	43.36665462	65.8490081	48.76095383	39.52421533	39.07211809	17.34854051	0.75343327	78.0068492	91.90009199	102.5310437	7.881821947	4.456942479	1.391918816	7.04611552	11.52156692	1.144494467	0.43901197	17.86502588	22.61832284	4.073137227	8.992477104	8.510287672	391.5897193	146.7776972	284.2528209	34.21383035	26.75259351	44.70386362	56.89990932	23.99755646	24.60398472	16.67997548	47.10662973	245.2194355	245.9628371	207.2168096	76.98927506	98.15685929	109.3402341	80.14838581	38.34226429	82.00345386	0.612535042	3.40888693	0.624141562	11.54000201	0.511891994	0.905958998	0.58532175	0.248342136	0.177328718	0.147440652	0.534957065	1.841488337	0.309678428	0.688830428	2.756656343	8.589547915	0.199700621	0.090819525	0.346609237	11.75488142	7.029740946	3.569775294	0.095457313	0.278254049	0.639239106	0.301520596	0.762969668	18	32	863	317	42	51	548	473	110	208	118	96	334	335	194	534	581	369	187	69	51	54	2	68.14413148	65.06376496	61.11029472	63.09914159
T[C>A]G	0.237823242	0.553866607	2.815937892	0.110729779	0.702804617	1.746301047	64.03419472	318.7721509	57.57447822	62.73338892	30.90826448	53.17681469	194.6954809	121.8820706	287.9409907	306.6389561	0.60722874	0.327161465	0.26363762	1.947240226	0.743953175	0.416239799	0.163612885	0.209119312	2.192741103	3.2215506	0.311880945	0.105403071	4.268781287	10.34527062	3.542502417	2.723415043	4.177861136	25.74920524	0.716608681	13.84054577	3.439756446	0.63782768	0.342694889	2.855961487	0.71516988	0.050473721	0.540032702	0.039235847	2.066858397	0.622547006	0.247682124	0.292485992	0.142154417	0.99541445	0.459418675	4.640795882	4.500765902	2.678410291	4.732800542	11.53436278	0.36722906	0.195746352	0.501650609	0.039198475	0.063508311	0.050501788	2.14635158	12.99949736	8.840158982	5.279915545	0.864784301	0.753553709	0.781899649	5.610823392	0.657256591	0.378662775	0.069385749	0.365892928	0.231848879	0.258751923	1.700787327	0.963503345	0.343718438	0.206661214	0.338283457	1.764118073	0.404740506	0.426725708	0.442498703	0.563506887	0.389241257	0.303572312	0.337460183	0.353027971	0.276266048	0.060731418	0.033551899	6.032846941	3.134438845	0.599379956	0.138051538	0.230158991	0.536346078	0.338881622	0.189101405	0.257696456	2.509837137	5.020970408	0.54667161	24.64934567	19.72747991	14.6617913	0.341669081	1.713805152	2.019903261	1.044283024	0.167708277	0.060410429	2.412555271	1.438296521	0.143038082	0.088413977	0.214148126	0.479439353	46.26675376	6.151498962	29.8732894	0.207422665	3.753130349	0.196122536	3.300227223	8.811725261	0.137042655	0.312105136	0.120873578	64.50933172	71.33266295	90.1162583	25.94905616	24.90832799	34.81728902	37.7730184	25.27108167	21.16844863	0.969669819	1.583164714	1.98327719	1.926576362	0.329336123	0.226702452	0.090192374	0.162031448	0.669039856	0.11769131	2.255692993	0.068028093	0.139460631	0.2628625	0.081434527	0.091288462	0.049984996	0.047556189	0.193887525	1.419022285	0.824910244	0.121228238	0.125550707	0.190688193	0.084521862	0.082346634	0.174882892	3	9	275	93	10	8	222	179	35	31	17	14	66	103	38	30	32	17	92	38	5	10	0	8.56804464	8.574343861	8.334850863	7.995685086
T[C>A]T	33.91863816	13.5263122	8.234666703	7.37736801	5.360467892	30.62348403	299.9031932	1490.328152	273.8925979	260.6220453	166.0984663	261.8819829	921.8303023	559.0789247	1343.354912	1543.132588	0.238124743	0.291364724	0.738404136	0.162265399	0.211538872	0.935486236	22.24820619	14.44489889	7.113262812	0.070461721	0.380248596	0.261382644	0.642623963	0.070788436	67.5896082	70.42907929	81.6699268	0.621414949	92.43661275	183.1645971	239.3629941	1.563813952	2.665597575	3.18343629	6.382602875	2.344755972	1.8683511	28.04643668	33.91234775	24.19820053	0.500963218	0.308063063	23.06583742	10.47630112	1.416493097	45.18290446	133.3736067	21.13860229	70.19436063	2.363896119	97.02871998	16.84120798	19.96628602	11.72326932	31.5621208	25.0499196	10.15524163	9.123724096	22.98361778	3.592100507	0.033743768	0.025259167	0.54318565	97.65411763	107.0007245	41.58157603	128.7221911	42.00147186	36.7847009	45.28354193	26.82161524	55.67409189	77.94502213	88.54173964	92.23792216	8.470793062	2.444820987	0.479299521	1.087417274	0.76922674	0.557105383	0.778778269	0.841896608	0.677059172	0.35469309	1.439643658	0.74075478	39.20324278	25.56743067	7.95560297	17.34085392	0.908675779	20.1293957	40.62874149	16.76518223	2.486082127	29.52301127	0.365159009	0.269585555	127.7209283	149.3969439	117.8819127	1.574095025	1.45203226	10.49436728	1.317059367	2.08041063	0.465229371	2.138593577	3.595857628	0.846607892	11.28758309	0.82593697	3.162281822	236.8081821	95.89731158	140.678358	1.971906029	0.393537399	3.694068125	10.55730132	0.772286463	9.265749255	0.509596277	12.89294144	282.779206	289.1279638	316.3337181	122.1352594	140.947268	131.4422856	96.19576648	46.19493358	60.59778463	1.00636857	0.943840603	5.773463168	3.939834736	1.21454801	0.204276239	0.171142608	0.307388938	0.351583223	1.235384119	0.452724548	0.305666392	0.872583718	90.14884521	67.06049157	48.42163066	0.318425727	0.305626905	0.938354712	55.20486361	18.25644674	17.83807498	8.051885791	0.653145756	1.092986543	0.959802697	0.2663361	27	39	1351	395	164	126	743	788	155	339	158	170	405	521	318	676	621	412	202	123	108	138	1	40.62526074	38.70529173	36.21875855	38.29224666
T[C>G]A	20.72971167	0.334355113	0.162265106	0.577417484	0.185610293	0.613303024	25.24066025	145.7438114	35.51837284	35.44845911	8.809547118	22.80879724	110.77091	52.32486305	93.17656815	139.8241858	0.179855379	0.07510471	7.238094577	1.715310198	0.381870231	3.920298573	6.846675592	0.305297853	0.104396145	12.65687508	8.206418069	17.8526593	29.71182177	31.30104936	17.8796976	17.10898856	16.25397635	3.722731417	48.58756553	66.4691973	1.045758922	0.834728377	1.185254021	1.902732625	2.277418972	16.3346465	1.63312324	0.152531445	4.09656594	0.074101792	0.164899987	0.210773117	2.536635336	0.502720637	2.874432036	0.106836022	0.312424848	9.172262945	0.21034605	31.9247629	0.309667091	0.118066626	0.729745819	0.997473329	0.353142124	2.400738626	0.867211438	0.599076745	1.312680093	1.992101106	4.246051736	14.49437104	8.444042703	5.101278294	3.65818005	1.163176307	8.266334066	31.26841543	24.46417916	28.72406959	24.63726981	10.55046881	16.86734179	23.50210724	16.98911862	11.20021373	1.411451202	4.709668779	8.533441945	1.179869465	1.80147727	1.214373915	23.73638822	51.4864983	0.15160578	0.493566647	2.842443925	22.56623051	21.70630505	21.79665184	0.532656091	0.795811927	0.06102299	0.27920423	0.08185039	4.325705079	5.490977869	0.678300526	3.872107004	17.74347261	14.71255495	17.6418557	0.312651326	0.599452796	0.119489047	4.273076743	0.263121473	0.734335312	0.119529232	0.217142701	7.436431476	2.501722789	0.036615066	0.438282871	16.26723031	5.190662176	6.431108839	0.179788819	0.196895449	0.387403094	8.504559005	0.830263627	1.378975525	0.220703051	0.085353415	25.8766957	21.04284231	25.12547896	13.79172522	4.739143136	9.522896694	7.933251011	10.2784505	15.73560401	0.308534249	0.235614692	0.071017838	2.945869418	0.04931203	0.37018744	1.154681359	2.197306779	0.59501383	0.254467945	0.082973668	0.055578178	0.228818617	0.089650431	0.476308263	0.697356609	0.207293416	1.332265812	0.103663565	0.036010643	2.564094131	0.037126691	0.182626273	0.373301735	0.964623788	0.862192025	0.09700448	13	26	890	298	21	15	249	218	33	29	15	12	113	93	100	154	142	107	223	81	42	43	0	5.619323792	4.636665523	4.845158727	3.620475335
T[C>G]C	0.212091586	0.163314624	0.737532687	0.56624087	3.016681045	6.434537198	64.4884833	217.4874989	47.41274122	51.80360223	22.77389734	63.97797045	180.9598189	108.9454793	176.5887634	191.6247898	0.440241018	0.113331296	0.41174318	2.112362859	0.891890784	0.48344218	0.586727402	0.099795944	0.196119517	20.07834329	5.688173201	20.29067073	47.8184396	43.2936881	21.56292979	18.53475162	23.57181737	0.141306955	3.289564625	39.31192269	0.587665892	0.558099428	0.424287724	1.310289317	1.19870949	1.106771343	0.107784342	0.480216022	3.164169291	2.737411076	0.875555146	1.33891844	0.03921962	0.111740902	0.281437557	0.636979119	4.778672098	0.213808633	0.254786516	0.221569541	0.198570747	0.226509143	0.189843839	0.865612424	0.344686997	3.395188164	3.119359853	0.607545894	0.25097415	0.088198487	3.228523359	27.59329037	8.321195135	9.385337389	6.487322853	1.83888356	9.306823493	9.536873334	16.13361765	14.09241066	11.60722844	18.8660983	10.08359477	16.65575583	14.30104265	28.50200113	7.016626457	1.956959478	8.015799348	7.196424552	2.791266336	22.35804849	9.679876867	3.258310369	0.084051275	2.371758695	3.206218815	5.406465133	10.27470495	16.49277329	0.653050834	2.174539848	0.302860054	1.609507475	0.105704623	0.958447527	2.835737455	1.053446541	1.00248193	11.93991149	10.35124637	8.567306252	0.039452292	0.861066584	0.040010072	1.140686819	0.806836274	0.991438767	1.72011977	4.969812563	0.280095255	2.625578205	1.826232165	1.908210665	27.38774918	10.71117555	21.43219399	0.627546312	0.515933818	3.330822378	2.62764871	0.498188876	0.042526029	0.128975137	5.652649515	15.96153811	9.14243062	16.86477385	6.211650319	2.973805873	3.055176301	7.07021059	4.377828927	3.209603734	0.410303789	1.865465069	0.338280138	7.881042432	0.131342104	0.097486183	1.711512643	0.254063273	0.310363082	0.32108995	0.278892549	0.062168504	0.104119133	0.067192425	0.830449839	0.049381084	0.745972436	0.053283378	1.05177574	1.749826843	1.152226289	0.197791481	0.095408428	1.133921447	0.144837048	0.04938639	0.096105858	16	22	893	310	11	20	241	221	33	17	17	11	101	85	79	115	112	90	236	81	20	21	1	6.22469696	5.527248022	5.431985859	5.430226911
T[C>G]G	0.168656078	0.081691474	0.115228194	0.031947078	0.894373828	0.031322973	13.80739808	82.53961302	12.87038654	7.683365711	5.638958222	9.877844156	48.27031282	27.66680188	59.58317581	66.02580064	0.092449452	0.112119519	0.11009767	0.142595824	0.108703247	0.114346908	0.129626246	0.067478672	0.067183262	85.1495328	42.06254165	53.89333815	83.48019157	77.36497682	0.038733406	5.344691174	0.921410777	6.420167724	0.282250895	5.142796845	0.131236071	0.254334146	0.34234709	1.173595997	0.446292967	0.051671257	0.064872756	0.331235402	1.90741003	0.403806805	0.08884892	0.163786235	0.041173861	0.051739889	0.117897857	0.060246002	3.826118203	4.933915113	9.998075157	33.44741115	7.389590299	0.104050924	0.03691227	0.400258825	0.764702107	0.07640556	0.028278123	0.084561594	0.385615899	0.080170801	14.33345381	51.49115343	22.51371851	0.088315735	0.046404616	0.265237815	0.073007757	0.214949735	0.229491974	0.076659072	1.006963061	0.079223211	0.936398498	1.05452422	4.008509185	2.536740846	0.928256976	0.605736477	0.687352233	0.486735358	0.963413076	0.402812032	0.338095182	0.800257092	0.032697018	0.044818767	0.032273234	1.753730554	5.237778615	2.233940111	2.453873814	0.782906173	0.164146235	1.333310712	0.059023731	0.383315112	0.047844676	0.343020159	0.149952389	0.534226201	6.648691513	6.703609221	0.041394782	1.230636832	0.218260564	0.039744141	0.150896773	0.058346182	0.184765044	0.163997781	0.031631115	0.035078458	0.687638822	0.135867156	2.542185262	5.55802715	5.070498306	0.554426812	0.065417519	0.541982423	0.592465798	1.261554919	0.052677991	0.05254061	0.159635112	12.10204034	12.88544094	15.16708624	0.523091176	5.559093336	2.617382773	2.786783648	1.340947686	2.084983427	0.258626815	0.058528853	0.2512199	0.038687296	0.054834293	0.158073706	0.067986857	0.175769293	0.040498117	0.03777076	0.044468963	0.257157108	0.057312845	0.0607982	0.184544571	0.06089205	0.049564885	0.059619426	0.041950725	0.220807351	0.037379722	0.264484632	0.163643332	0.129474951	0.829545991	0.060480201	1.552660871	3	9	335	154	1	3	103	101	10	3	6	1	27	26	22	22	23	17	316	71	4	2	0	2.451170425	3.125989602	3.75541229	2.257932328
T[C>G]T	18.24310481	7.262955079	0.379533752	5.359338005	0.10554537	5.452084686	58.86863604	158.5443737	29.13229975	48.46624739	25.02829696	59.85098115	132.2206436	72.97756705	166.2042493	173.9861622	1.898374972	0.353236327	0.997536604	0.762212838	0.087683852	0.296061717	2.221839633	1.935968057	2.853830746	24.90716906	3.226351219	19.35341819	66.07210463	58.02551362	41.46091708	44.98310789	42.6918045	20.19793064	29.9276697	52.6460339	0.338040742	0.949869999	0.961318487	1.969320129	1.488315255	21.46472905	21.0076583	16.63967021	4.863516955	15.17662314	0.467329524	0.166090822	0.438321836	0.809323535	0.618166371	0.323852954	60.1485134	2.505473589	0.310132834	0.912660906	0.357995666	0.249070795	2.621021868	1.562940638	6.921364813	5.328659981	8.780049177	0.731702907	6.709993251	0.486162442	5.094885181	27.8263954	12.10916825	39.76297927	41.56415368	21.09378893	55.76254426	44.57571521	58.73760458	64.56864041	70.96379271	29.21439765	34.20136381	42.09489637	51.25125825	8.772984436	4.346000625	44.93928797	2.039029055	3.148765539	1.511496612	85.30499254	59.26597129	11.60456753	0.98696023	0.06482604	3.168730101	11.22462244	13.36231569	0.507606819	0.220090413	0.211339688	5.021312424	0.814827359	3.948657835	5.299508491	10.0050975	0.183527618	0.269395801	10.50968168	13.56976258	14.83089322	1.827642508	1.671444664	0.222817908	4.304895726	0.063831742	0.84865821	0.160411401	0.129700481	4.912449985	0.080090928	4.037182313	6.286510364	30.93337142	12.55433847	9.928077615	0.151517477	0.141994814	0.177400425	4.519310768	0.40925111	1.600742702	2.562828329	0.591447405	20.35234906	8.532562809	15.27880132	6.04540698	4.098353715	10.02836489	5.991213711	3.070139665	2.040782888	0.904572352	2.23869791	0.102316619	2.005776908	0.386025958	0.200501988	1.088212614	0.966429874	0.04301983	0.123194936	0.124072566	0.250492598	0.086735655	0.991367981	0.29047477	0.192810875	0.146436289	0.087040901	0.962704572	1.970795094	3.214233541	0.118658057	1.890681256	0.124263286	0.250909752	0.108282553	0.05531542	27	42	1641	575	26	28	337	322	42	25	17	11	173	183	175	454	452	281	393	210	92	107	2	1.96494919	2.623000479	1.744937044	4.016887876
T[C>T]A	122.7754752	122.6033947	82.88624241	84.27593902	48.8799199	125.5956358	48.1907846	179.6011899	17.60485973	45.08640116	18.61439849	36.46985298	84.39640606	55.25847296	171.4447246	115.0523129	5.190547544	38.64682817	62.93470173	18.58017451	7.65625595	0.918798096	59.26751339	1.445299514	0.468169035	0.587308846	0.142777057	0.882432756	1.633096492	1.16993058	59.23822801	65.83766895	50.34697062	4.990405493	120.5665658	236.2771105	1.033308864	1.113400977	0.846611982	1.197787617	1.177173022	12.01393947	0.805772163	2.415771309	0.30247397	3.047940232	0.409838681	0.515086386	0.349796252	0.589143595	2.518301509	0.396449078	0.092937426	4.299856977	0.386779992	1.186216576	0.218289499	211.5990921	268.0114741	195.2937903	440.2144935	397.3803977	354.8899441	7.567645446	20.14561206	4.942749901	0.879513974	0.029048163	0.340107951	99.45731752	98.5899168	70.73443374	89.82763942	67.69518674	90.20360695	93.55769423	70.58995705	89.71270735	116.2409295	118.0235492	109.1170153	1.588277099	1.87138969	6.525838806	0.938457685	8.019166788	0.719028517	2.205956987	19.31380761	11.73572481	3.015112509	4.80609002	7.620095675	23.36464809	35.36257015	33.08412511	0.075406856	0.643738653	0.116588886	3.268331518	0.234438273	0.112506607	20.25281654	7.309794082	3.221931942	9.954162629	2.523284091	8.178517054	0.536765818	8.525864852	1.19707293	7.041950321	2.265667401	0.810594192	0.243272327	3.216239206	6.291766155	1.79793196	5.403118211	1.359127838	13.63248424	0.262036397	10.01839604	0.178699268	0.187583961	0.140193208	0.145969822	0.291598674	0.068579701	0.287963196	0.302535317	15.65835687	25.64334586	20.32155639	0.487327496	4.736704536	6.219378888	1.042345293	9.024764388	0.146059651	0.068850907	0.661655302	0.224617815	1.554560347	0.113244613	17.57234188	10.54884178	3.282174943	29.36499725	16.00150341	44.09362907	3.664447264	0.130254059	0.078777008	0.114530913	0.096883929	25.76348152	33.65378991	23.90528819	224.3524614	198.8429638	106.7657316	0.09207055	0.468949943	0.120958972	0.192588375	2.227214335	31	52	2503	861	25	33	578	523	74	100	75	72	195	194	148	211	196	132	778	310	138	182	2	4.442620166	3.588754883	3.98275282	3.220422038
T[C>T]C	44.59921584	111.7064825	74.63394374	76.80067226	54.95790452	69.24236324	65.22863637	431.6064299	101.4111816	69.25498908	54.64827815	99.75408464	220.294643	123.4276679	359.6006885	306.1653026	7.138808733	0.34887771	15.93757217	0.667933609	1.022519308	0.679801201	0.779967051	1.554612262	4.548265364	0.354961823	0.29538445	0.391032991	1.511692309	0.784632146	54.18068579	66.50161555	58.13192139	0.721195028	116.2478287	161.2509694	7.058297064	0.779805444	1.883792172	0.767340031	9.637251746	7.195018929	6.010992555	0.605931547	1.047868464	0.561806093	0.856876882	0.78808189	11.63498056	3.373344844	2.633550544	0.430035011	125.1932507	82.00599491	1.272400254	1.830761214	58.522321	390.2713863	604.0578238	355.9911412	876.5785684	701.7444429	938.57456	0.653329641	0.528224176	0.635136262	0.044748281	0.313963543	0.329389282	53.80626025	70.09617274	47.73269689	44.64940555	25.64053898	26.96058821	25.13279307	29.88847264	56.91348107	78.212901	85.91662316	75.95101894	1.028859228	0.734788756	2.339024747	2.596730124	1.995653237	2.15293624	2.294453241	1.747097142	1.506484851	27.58346982	54.87544625	114.5672215	18.90586123	10.36219655	4.49729143	0.675210872	0.140794536	14.66830703	5.355904103	0.257571751	0.321928645	10.54606343	16.74811892	1.593561864	3.27253431	2.342734819	12.42740228	2.631621082	16.33497411	0.561772266	14.37794555	8.278423161	0.394970764	1.156225382	15.7831479	11.83178319	2.84026987	3.339931373	9.132096194	24.97157495	1.537491375	27.19344875	2.221445818	0.08141062	4.252306965	0.25517934	0.210020175	15.21305897	5.640430696	7.957170633	20.13641914	19.16874424	24.85780573	5.31381397	3.014413777	5.861822168	1.748399475	2.949664208	0.402058842	0.100017594	0.25463079	0.34174136	5.259595232	0.119203646	17.51948933	0.86917293	1.455980556	5.943775317	12.93462116	6.861404897	3.844670958	1.20303552	0.080566211	0.129725905	0.209417009	7.39834517	12.93414707	7.878246802	537.2831965	437.7617562	327.8965073	1.521822281	2.405485783	0.241636894	0.214826923	0.938199142	19	61	3102	1137	16	27	498	471	47	60	43	43	142	165	115	381	407	286	318	151	64	105	4	12.53881261	11.27869453	14.0145702	14.52817512
T[C>T]G	28.38239188	8.770414596	0.660266879	3.38232439	4.27785512	0.193891791	8.371560456	61.29827528	0.5097234	1.535798822	0.454022587	4.200733522	16.01742427	19.54752863	57.0060343	50.86211709	0.530791455	0.128590703	0.257095045	7.698229014	0.589865105	0.424063761	1.202012813	1.507017913	0.412971288	32.99980356	13.14106834	10.54631776	31.27098436	29.44173712	103.6868961	107.0432072	133.8967329	0.910020637	3.896770926	6.544576759	0.358021582	1.07286095	0.41463707	0.602899608	7.569322547	0.210425443	0.289496291	10.71076103	1.511696782	7.133907719	0.403040842	0.273375806	7.352697203	0.200208443	0.262965923	0.446474091	0.070492087	2.517477686	34.65044972	1.858815179	18.50573464	65.17900876	106.3520613	52.52260286	220.5398253	144.7945755	141.1005869	0.208065698	0.755810411	0.707946991	5.09089489	17.34577784	6.366714277	20.98955444	35.62926863	30.49291457	17.36116112	37.11051858	32.47572617	47.92049999	40.64972672	16.23220183	59.41980748	57.82935451	51.10343719	1.324808949	0.597106309	0.308518585	0.576720989	0.28917486	0.33878045	1.646671721	0.454846062	0.583252478	0.142043443	0.171164994	0.310128326	0.167936899	0.132317273	0.443875581	0.064628502	0.083819991	0.130652512	0.066764796	0.121963149	0.065463961	0.094465601	0.158238751	0.429300224	0.039996837	0.164384772	0.384395919	0.471486277	0.10521547	0.038665224	0.116868105	0.330072657	1.393635037	1.331496144	0.343739845	1.841440792	0.066042797	1.990081191	0.310393903	0.848897293	0.167230824	1.27820943	0.581264	1.071209194	0.073358931	0.363372246	0.119839999	0.160037375	0.051996633	0.053548827	4.256427293	1.508101686	3.868320656	0.168526884	1.089764784	0.127642743	0.211736106	0.128682041	0.279298551	0.078324507	0.154179176	0.095284545	0.073332166	0.193839066	0.221747013	0.387527633	0.254402191	1.998011827	0.607666762	2.540811231	0.085129382	0.066596381	0.052544061	0.148946647	0.091106918	0.084506645	0.062550674	0.12862594	55.24657239	49.97444506	31.26457281	0.606041007	0.145552434	0.313650089	0.500473786	0.157509068	23	76	4237	1558	6	5	708	632	21	19	26	9	43	61	28	45	51	38	511	174	19	10	4	2.658147146	7.003501348	5.848367943	2.098692087
T[C>T]T	82.52024913	89.92905124	45.03431334	25.6402849	21.58175654	54.61253924	86.47359213	392.1541549	73.87293783	41.12896026	59.10684315	40.05524674	183.3400357	78.80122426	320.5769106	265.2393344	1.595175627	1.827621627	19.99330628	0.306533468	0.637672538	1.152149379	31.54769504	0.420240971	0.329867419	0.529742944	0.314419555	0.533984653	1.402222792	2.442216137	76.03806436	51.43396971	49.89420639	0.682649487	66.842472	198.5868579	0.669465373	3.062426481	1.621129684	2.71566745	4.8026892	10.11301319	1.374117501	4.27980999	0.27133232	9.287418656	5.813717256	3.489091432	1.822660878	11.47516359	3.397436553	0.417537428	152.9376262	22.1493157	2.070041482	3.54593432	50.92650017	73.19168683	196.4656784	181.3954542	464.2511061	458.260376	590.0412953	12.91854447	2.637041949	13.69876666	0.319346885	0.032663032	0.313599053	91.67498364	109.8880708	78.34627278	80.7940268	89.1639265	98.73932764	112.5713828	105.1508949	102.9994643	192.9419264	209.6105699	181.4695582	1.431232268	0.759019273	0.715870382	2.277814542	0.735083522	4.197130604	2.872270147	1.191496624	1.379315167	36.31780633	48.18379908	96.32166071	31.60003515	24.64996914	17.46747511	8.337320883	0.772903296	1.876934029	9.018538665	1.663764528	13.18512031	30.79977356	18.89788037	16.03614166	15.96524654	10.81180654	12.46691526	3.808860316	6.473198177	0.746069723	0.277759141	6.249296689	2.327498467	1.262841848	9.029408186	10.86813587	0.67350292	0.108570324	0.389451091	24.86512015	10.11545732	19.67952917	0.180665653	0.279317868	0.088481276	0.248337788	0.144852017	12.87186545	5.266837878	23.80837662	39.88243408	37.65036605	24.97621974	18.55846917	12.07503909	3.951500345	8.317269334	0.171125324	20.03136567	0.098561778	0.484394744	0.679443623	4.035771999	3.375637834	24.47120003	2.999567863	25.98178661	8.612471928	11.74396442	8.707905601	8.540309869	0.199487157	0.15761499	0.086047223	0.215331955	40.31780698	38.37549442	44.94694521	344.1283905	243.7620864	133.8833689	0.277048819	5.756413552	0.942272689	1.960114775	9.545779103	33	62	2904	944	24	34	679	642	81	58	55	36	212	248	161	553	584	363	1058	481	180	258	6	18.42801266	15.62561375	15.19183909	21.66294025
T[T>A]A	0.102646494	96.26270705	79.53964467	74.85071008	48.02714048	86.50720268	18.57822587	88.0789574	20.70128817	13.44665444	11.1779602	23.08872954	54.1314446	28.93127778	83.48896205	102.6937733	0.510268629	0.14484578	0.083791216	0.120352331	0.29250615	0.200824271	0.851914139	0.21739997	0.593064924	0.357374046	0.168368497	0.147634134	0.180650451	0.17568288	28.88711049	27.84689175	27.77850064	1.987842914	1.385449832	0.442655784	0.329864176	0.435156045	1.104695912	0.848921077	0.860896983	12.79187419	16.06413284	40.02012812	15.14115481	23.11900778	1.475819885	0.429714815	15.78316711	0.328314968	2.963050786	0.282237127	29.11487585	9.192168113	1.985026943	10.48660914	8.813732144	17.87968827	34.81562219	7.480094513	17.76363496	21.80953844	29.36513414	0.370729093	0.500822632	0.257851531	0.039232328	0.030092464	0.034040606	742.4865904	614.7932843	481.507077	659.5846496	852.2889233	840.077359	905.9752128	902.0745462	889.5011461	1044.149823	1056.273188	1023.14127	1.56747222	0.797830955	1.07281257	4.660232997	0.832127072	2.59223255	0.463112581	1.600341477	4.409336221	11.71570463	0.319828177	0.168960433	0.844312563	2.27244493	0.083615105	0.139859744	0.085725444	0.069392826	0.11304407	0.125793584	0.108072421	22.33654806	19.90329965	19.19934009	2.202143858	0.590875129	0.497090197	44.90267532	82.28931507	35.99102547	108.3397188	64.92670309	10.4671281	0.58841109	64.95973303	93.8834237	53.5710059	59.65886138	122.8509424	14.92703927	9.848719509	6.579670901	0.953233948	10.56423971	0.519700429	0.446179274	4.177594923	0.886095292	0.22304699	5.322276053	6.416853208	12.19650788	11.59217781	0.106347117	1.846148827	0.2939434	0.942977133	0.97619611	3.488670363	7.943720662	11.34358149	9.600436321	33.80049032	25.77175264	8.094596218	0.490103521	0.736943478	8.796672847	8.753243634	5.315422159	0.311118204	0.203893932	0.091611409	2.345250517	0.072076127	45.53597402	11.15238761	4.243418393	3.215705372	5.458177674	2.842178965	0.258473613	0.166661534	0.900615159	0.151856629	0.0524089	12	27	1006	257	59	64	253	233	27	17	13	13	100	100	84	185	161	95	7304	12834	23187	34128	17	7.129670429	5.68292308	6.072015556	5.955368141
T[T>A]C	0.437626281	58.40742564	57.25645334	52.32945067	70.04530443	75.37028423	5.358370808	15.71809577	6.782506194	3.309411215	0.233321595	0.295499906	4.463464007	4.736163487	15.11877761	10.45509846	0.983756906	0.22386389	0.949573311	0.170447879	0.610918476	0.492724277	0.202581059	0.172920982	0.139973368	0.186860618	0.056034136	0.252589505	0.037400027	0.034394602	18.82344259	24.26105382	8.256149894	3.463774001	0.351084639	6.067287636	0.397887559	1.752791305	0.391318765	1.041681786	0.732469027	0.107665121	0.301506053	8.801339849	0.430043744	10.0169577	0.203582123	0.127817064	14.93392739	9.598281243	24.54974715	0.269781168	22.97957179	3.460971722	13.87313564	5.084665674	1.793870003	7.89732562	30.05640706	0.855047562	13.15168772	14.59661007	16.61248527	0.168533613	0.183352031	0.186892099	0.035177524	0.323239491	0.331853674	307.9314818	212.462757	169.3890263	188.6653437	255.4395085	258.2700194	305.0828346	289.9066154	248.082541	309.2784895	321.550012	312.7994572	2.267254382	1.378169471	3.206374566	12.05043621	2.622512558	1.430933988	1.813067087	1.8761482	16.39774337	12.05116518	0.661762757	5.102744958	0.274500309	0.103754256	0.18531763	0.286248373	0.055525863	0.332721428	0.096408475	0.053522471	0.084006483	1.668374126	3.429043109	0.068136964	0.095980291	0.07717206	0.999569625	10.45614388	40.70856316	12.12126272	47.57484629	36.4765957	6.180862478	6.538114968	34.04277981	31.25981884	32.51899466	40.16113172	45.81107311	0.429539609	0.082610161	0.508183504	0.108871956	8.87769945	0.103889723	0.30747509	0.238272712	0.118721341	0.326282546	10.42638702	3.729705931	2.148856876	0.915779773	0.761944691	1.496424421	1.297617024	2.214639654	0.121914139	1.406431481	0.054844523	1.869242684	0.398848549	11.47802462	0.963140279	10.82687391	9.145365539	14.31975241	2.500092277	3.2829455	7.24910118	0.066164064	0.326668633	0.737216977	0.255673661	0.146994495	12.69507209	1.778790282	4.164909076	2.480434755	5.178460062	1.315509901	0.628736463	0.178657947	1.353078611	0.052611483	4.052536303	8	13	349	116	23	31	110	96	9	16	20	21	47	71	48	136	143	56	224	88	58	90	4	0.969257053	1.315377155	1.072103951	1.2337416
T[T>A]G	0.138365985	101.1247009	95.42636933	89.87564999	98.77082366	132.0139813	5.338339708	53.47385497	11.097186	6.96341269	6.999491783	0.270405314	49.81454951	4.631892364	28.5159327	40.96704236	0.393252857	0.31639405	0.071886552	0.425844506	0.234885997	0.549254958	0.613175384	0.138232974	0.291366107	0.205205892	0.099314472	0.079640189	0.071813096	0.077335197	23.12711811	19.1119813	5.221644648	0.350233661	1.115770998	1.297096987	0.328061848	1.507139199	2.479527165	1.650101223	1.222444974	0.72583585	1.466427054	8.511003848	0.134077984	7.069667816	7.481501429	10.34532022	5.323224689	5.064709806	0.482719745	0.314061895	27.03973388	15.72830998	20.79341146	14.21598951	17.39218768	0.558097023	14.48593184	0.188441563	0.440047954	13.31551372	9.751513882	0.088851898	0.586192986	2.502023349	0.383828591	0.028202848	0.034289649	404.9637063	319.7073142	255.3308139	360.3411957	501.5297772	509.7783938	566.5209614	494.503033	478.7950085	545.096219	610.8357275	525.8907735	0.782245572	1.599782448	1.324358188	16.4391954	1.190951646	0.999181578	1.142115584	2.138816113	14.38210352	20.66228369	4.492261715	3.355628544	5.150153953	2.327606452	0.718075389	0.041521821	0.140842899	0.055870712	0.338069635	0.115889386	0.206690591	11.38260156	5.519519688	10.52588031	3.612453707	2.288024843	4.740114839	49.65270023	63.51612368	27.78913517	91.49989288	71.07880611	3.962276125	8.89037944	86.41844565	71.67140766	70.53613181	62.57693027	156.8508654	2.444057315	1.4009925	1.125973883	0.335208042	6.140737792	0.125520387	0.363650561	0.116556891	0.048702423	0.417974326	0.397763783	11.2689644	27.86138978	17.0490744	5.647886726	5.434478722	8.130448393	9.664824965	6.148542084	10.37747266	22.19297295	17.19136917	1.426002556	29.95480713	20.64787965	8.580349356	0.38495642	7.03541156	11.27529952	19.86877088	11.18186658	2.726380111	2.150777756	1.89417845	0.441898707	0.052558409	11.88172581	7.839019021	2.194120839	0.03035065	2.540177231	0.201656528	0.312956134	3.499269632	0.681225893	0.178456191	2.131983414	11	11	371	119	35	31	129	130	25	13	8	10	54	60	48	69	87	58	214	110	40	67	15	1.773711636	1.155596161	1.330993094	1.604493253
T[T>A]T	0.262294565	88.288533	67.02580525	73.20920152	85.32396421	74.21467571	3.860758921	16.83903323	2.385731603	0.864530348	2.25747921	2.26752136	7.525286753	0.483456902	9.186946323	25.05523464	0.205604355	1.145592649	0.917782789	0.154631287	0.220686046	0.925454205	0.299187728	0.224138336	0.12038198	0.180940315	0.399085568	0.134212595	0.075807313	0.088924826	60.14713454	57.06287155	40.6018546	10.72869833	0.123483058	0.118187782	0.260773597	201.4796079	107.0665074	1.415012166	1.061593426	5.445845138	6.249209169	163.2387339	60.82618127	86.64033564	0.974761486	5.726670684	68.02044472	39.75968145	31.04867781	42.76610718	10.55644748	3.042309093	4.349843092	0.308301214	12.35902277	67.57401256	205.165819	32.8670897	75.70805686	187.409677	139.0471053	0.264204288	0.41931501	0.221189328	0.033463922	0.032231292	0.036423812	1373.796966	1144.871827	971.3273491	1207.304371	1365.692247	1387.400844	1449.413486	1353.139049	1595.768948	1753.931355	1817.492663	1784.864489	5.035707679	0.971704368	1.534872005	2.307833644	2.699722088	1.454242059	6.528276574	1.335074407	3.323181627	42.05959548	0.587872593	5.934180131	3.177990042	0.838438244	0.130716786	0.133604706	0.197542984	0.152520805	0.132717392	0.32520831	2.341186078	9.958971816	0.115689986	2.522718706	2.568790517	1.360049833	0.037348786	32.23950805	79.01046249	21.55887855	111.1755332	64.55858248	17.14671035	5.523659941	61.95295312	65.50808826	13.82498078	26.84369842	49.23800258	5.92921835	0.086653787	1.911133896	0.068639147	0.318020568	0.220946254	0.090789688	0.13951165	1.322807509	0.34998039	0.034465947	1.224526261	9.581841429	7.4502964	2.864363764	3.773724516	0.245982302	3.7126402	0.532128559	1.013252424	1.616500133	1.215969706	8.34643146	9.673732885	6.967752525	25.45626524	5.344397442	8.52481572	7.449294056	9.394711616	8.162557195	5.270260515	4.613345285	1.832988345	2.713135463	0.07733778	22.57130392	16.37000961	15.08649753	30.77175316	27.83423934	5.007100275	0.448755724	0.15606593	0.236723697	0.091481774	5.136394185	25	44	1085	325	108	98	200	187	26	26	9	16	107	108	94	162	150	103	3721	6247	10564	16316	6	4.414646713	1.031473704	2.407934133	6.002931165
T[T>C]A	2.171156737	33.40784272	32.15261893	23.40259527	58.56394342	44.01381274	4.737298181	7.287337769	1.819941364	0.160445594	12.00600762	0.15694977	9.39132838	12.82812869	6.880955652	3.163179119	26.42498723	4.556908691	28.30827286	24.29323115	19.44807176	0.222163868	0.168387822	0.15372958	0.692950728	0.847957571	0.490293319	1.43599464	0.345476715	2.661769329	45.33071639	35.72966607	27.77824855	12.98597226	32.89135289	26.12968119	2.102237019	5.945772837	21.82656693	4.332988407	2.842694768	1.429361568	0.418019344	33.68510502	11.61693315	16.31525345	0.431432747	0.372606182	2.433390749	16.6423521	5.754319958	0.218917763	25.15277748	27.3051892	48.58121198	7.32198832	2.659091904	12.63686076	34.05544594	7.378855559	19.73962476	16.39608955	20.41629495	2.621520659	0.38467485	1.267850938	0.036011429	0.032591814	0.037815694	1715.681763	1181.323912	884.4978646	1230.967155	1472.963427	1506.028316	1569.777966	1443.207479	1526.353813	1526.29295	1635.528484	1481.311137	1.331923432	1.411906952	4.462265243	1.672290836	1.770861915	11.26331072	3.243256778	1.364438609	1.804468885	27.697836	10.42095662	18.15506813	4.046468405	2.474429308	1.009530836	0.1138371	0.146355271	0.167671996	2.272001501	0.596189189	0.608532038	31.22038039	28.39057464	27.78280208	0.836307432	0.684889022	0.427633073	65.88485189	65.7489559	41.66024868	111.9113762	142.7297691	55.00612941	20.22621548	96.07887693	120.3567929	2.046135667	5.272722149	6.900314072	0.070971603	0.116923105	0.771864445	0.203715449	0.080395128	0.149431666	0.269641184	1.036533304	0.835810858	1.362032278	0.138306885	3.546096627	0.364001391	0.286261533	0.166557528	0.15854625	0.514361595	0.132572135	0.498763163	0.93412891	4.587493842	0.210993883	0.461669086	2.727337889	0.399029648	0.256615335	0.27392202	11.52846019	21.11272752	20.23119713	20.29259804	8.588945343	4.512052345	0.16178265	0.080807239	0.14925348	13.90804678	4.679356269	8.421052885	10.75450434	6.072927481	3.959870381	8.07305837	14.06148822	14.25360159	7.695523567	10.52297353	10	37	1968	642	124	137	392	351	21	64	59	73	79	74	83	119	130	73	995	592	656	918	2	1.693174371	2.448233932	2.958939696	1.50366919
T[T>C]C	0.333009249	27.65384451	32.08821607	15.82006202	40.59371859	32.93466702	1.589079478	8.813126975	0.147102113	1.682482386	1.605144193	4.708843316	3.458016858	2.99221501	6.965052301	16.47814824	52.1371474	27.45041025	37.04592631	25.45902245	32.98885668	0.247742335	0.818862282	0.104007719	0.111542656	1.453320528	0.834203838	2.9807686	6.698732638	0.821498163	36.05015633	25.06415357	14.78424093	3.941281551	1.424246741	11.75702105	0.685893838	3.43737154	10.86741278	2.484032375	0.972143585	0.055834691	0.937236964	13.47262421	0.348801685	8.445271118	12.92262691	7.692073729	16.25276691	5.977169058	4.065049293	0.121489188	24.19610289	10.25999522	59.25902339	60.57082031	36.36547332	1.64889183	8.315621783	3.509818078	1.146091053	6.605785805	11.67320029	0.796840495	0.238023515	0.595995367	0.035682838	0.030317733	0.036036322	226.3277403	172.1441943	137.8008618	229.2279945	256.2556824	248.6522086	267.4887223	252.8381835	242.2219765	217.1513474	218.7157157	207.2927894	22.85210603	39.3759319	3.491771554	3.08585931	1.299472182	4.176929346	11.05194045	1.328419802	2.293664488	28.20852525	21.12811441	23.23525953	0.132111743	0.095206258	0.197626207	0.127304426	0.067747633	0.142417185	0.331509841	0.108807056	0.217175585	1.180210137	0.591208592	2.808658668	0.041884511	0.757899675	0.038889733	0.118350188	0.987810956	2.001776651	2.151342032	1.599504982	1.194576684	0.367180758	2.426560933	1.506082552	0.470393218	0.142961721	0.246136434	1.078579895	1.258508733	0.154860989	0.311272692	0.24368048	0.056647899	0.055367584	0.29707438	0.133652586	1.062183752	1.639717816	1.374973063	0.434786143	0.896445693	0.347649364	0.103349387	0.031588616	0.043285772	0.036933244	0.073621826	0.476509466	0.042273365	0.077538028	0.706462722	0.155801496	4.00974001	3.936192947	8.452729286	55.63302996	55.84887586	75.85065601	8.134778399	21.90726038	0.049000739	0.118551952	0.416896983	2.732989989	0.383954093	0.144657395	1.737070668	2.643770849	0.184661712	15.12411786	47.63160516	16.34678232	23.6407949	15.54290132	10	39	1547	478	38	41	351	308	20	103	94	95	55	80	60	92	106	63	1346	424	31	26	0	6.255000983	5.212166148	8.839360056	7.158493087
T[T>C]G	0.47588243	42.30558351	25.52530417	30.34566133	31.71385339	35.23528483	5.675343253	8.377066527	2.777746568	0.243534303	0.766613319	0.515865823	1.220432831	1.075271904	0.499524134	1.976572839	17.65868007	2.167328955	2.752461489	11.82942256	3.015401094	0.687632804	0.515632515	3.810587693	2.411823649	0.457367524	0.402648882	0.337031046	8.125570672	0.427941356	16.17847432	19.65680825	16.76912882	52.6158932	4.04375167	0.721517198	0.595269032	1.139098312	9.251384855	1.243732984	0.681991905	0.521159854	0.061168119	0.110296515	0.285953484	0.151854899	0.189085197	0.618645602	10.38343116	0.094166115	0.160482359	0.502799509	4.449161437	0.529436654	38.59096645	7.183939811	4.764400726	0.772645807	12.65116433	8.531657452	4.608750251	12.22998702	4.327427219	0.203669988	0.203315154	5.935255523	0.039280306	0.032634869	0.024310456	788.359665	518.6552628	414.0593393	609.1446304	713.5494189	687.1920564	770.2813113	675.0232834	689.8885122	692.7498296	723.4640502	687.9851816	2.685795925	2.055034446	2.467625364	20.00692274	3.611466201	53.92404884	1.006957522	49.27592235	7.684340603	9.729964004	1.21510752	10.5624221	1.935997468	1.500413137	0.16381339	0.151287345	0.097933559	0.055549969	0.046772095	0.148352267	0.096817263	9.191024028	0.366242429	3.353521841	0.560629691	0.069522222	0.085772791	14.56880922	24.97360987	20.40340052	32.36101173	34.84774608	9.519570996	6.019278697	32.45395528	43.64389807	0.094406053	0.613443142	0.104975232	0.734782867	0.894018188	0.727823197	0.259321168	0.090237364	0.123074523	0.088141707	0.124779673	0.072139152	0.09100049	0.146163127	0.146927559	0.090209852	0.593446359	0.065380859	0.30928018	0.134940791	0.245352867	0.147363331	0.037349089	0.059273839	0.293939775	1.065531577	0.126060077	0.456959081	0.124827126	2.417597035	0.645196618	5.565290686	8.734019227	3.32079272	0.605836236	0.30571551	0.0849054	0.078391729	0.402079863	1.478780212	0.050648752	1.1013456	5.399400462	7.597101399	0.130686334	3.432837147	0.764262281	1.605538818	1.093920969	0.192113188	21	31	1960	688	82	67	495	441	13	87	79	81	50	36	32	54	53	40	347	95	9	10	0	7.870825908	6.199892895	8.608175832	7.031639526
T[T>C]T	2.203490943	62.51394888	50.95288783	49.62532915	67.10421689	64.95855853	0.870113537	14.9623161	7.008757552	2.828538951	0.47855527	2.043336436	3.64786384	4.118384635	8.045423909	3.326181842	18.74068734	14.32291512	21.87268149	4.297436841	21.17314929	0.777371256	0.231417777	1.665248325	0.204665832	0.24881731	0.124553875	0.187476326	0.175463607	0.173010319	45.61803587	64.97924309	36.7157197	0.245636383	9.846674545	9.718410096	0.625651955	6.646881152	127.2587875	1.536620561	1.563849554	0.106667861	0.362209342	175.7368774	57.96243256	158.9603663	55.60188068	21.7732161	133.5832196	55.08801325	15.38234451	42.09678301	3.49835196	6.451110177	101.5226021	22.2480558	24.85666212	6.410119416	36.05222952	15.77258549	24.14279627	19.42421585	22.39995081	1.309390396	0.255232421	0.220216596	0.034796672	0.030444689	0.033891043	1076.402044	802.4840231	636.2368331	907.5423846	978.0456533	999.0314186	1039.174583	957.2879407	1124.52006	1103.064497	1095.349079	1084.772376	0.928723454	0.735303439	14.70789308	1.037973981	19.95482594	54.89247022	6.463238025	4.952517616	3.3194347	22.57005259	7.040764193	10.39266031	0.057817641	0.107831341	0.18127594	0.150572653	0.081075666	0.088571352	0.071240671	0.060865873	0.508134589	10.53701248	2.235784159	10.35525577	0.491340766	0.636199412	0.065520217	10.63076776	18.35122545	6.563494136	36.3313141	15.84641856	1.535986665	0.227617785	30.07628177	30.84814544	0.535739289	0.318736029	0.191980264	0.202045549	0.625989391	0.179740705	0.073004294	0.478025398	0.096466848	0.531896554	0.896560833	0.375222921	0.118907843	1.241420884	0.196742661	0.091397038	1.606285449	0.370514638	0.179600611	0.163067542	0.153493409	0.043601198	0.560038033	0.239998563	0.131688499	0.133788245	0.078270855	0.250960521	4.217241319	0.201641589	7.711541637	23.42475355	21.34136865	15.30667658	2.960352787	2.803659708	0.505130986	0.179836922	0.387770736	9.690097348	3.248133585	11.29652183	14.36323642	22.63876555	3.908881052	9.331336732	7.413683593	8.413818443	7.463821573	7.849747477	24	75	2831	873	99	86	545	467	67	119	119	106	108	113	75	111	112	74	729	384	262	333	1	14.35125003	13.42977065	13.83966297	13.98683318
T[T>G]A	0.100107714	53.41762851	42.63053337	41.72496163	36.46615678	29.07034487	1.281225349	4.570587633	2.793629924	3.574060651	0.049870706	5.394171451	0.325989782	0.142691541	2.562870638	2.663672533	2.141852926	0.133866737	0.202061692	0.071194044	0.114290191	0.159078635	14.50670862	5.189781371	0.903118851	0.03938921	0.114173464	0.046326059	0.10208434	0.037382333	14.58638949	23.09731561	19.06353877	0.085278666	0.80655008	1.309161559	1.254114493	0.595796771	1.525425876	1.192151549	1.712590374	0.104199296	0.202688959	49.93272663	1.747468256	53.27151268	0.318979491	0.175035701	40.09400193	18.33602935	0.86307803	6.03310272	10.64659351	0.226037319	0.94145215	0.359245797	0.610790464	6.985038546	15.76263098	1.9415656	9.230398075	5.959403408	1.563388875	0.261564513	0.371575372	0.464993716	0.036710553	0.028960689	0.034981349	88.45829003	86.78670198	60.59858792	87.0657196	93.38465352	99.20472812	96.47256322	106.1757478	114.2166364	125.1469969	134.3908065	132.8634591	3.400548937	12.59157189	0.721845846	4.439401705	0.937129414	0.556756939	2.053504435	0.627467793	15.88464267	9.392780783	1.235894132	6.912640778	0.124338383	2.029155649	3.56478132	0.048607177	0.05949095	0.20452085	1.398506925	0.055268929	0.046732117	1.106617658	0.52500405	0.086310763	0.525070642	0.464669993	0.033049781	1.385856005	4.716203915	0.227487925	0.139929585	7.409810172	2.890903866	0.069889365	3.658628517	0.159121205	0.036980056	1.396892242	5.20491453	0.162442637	0.037329383	0.203224466	0.180155432	0.595889478	0.047653428	0.184378299	0.060947884	0.044476296	0.196590776	1.355149438	1.060327008	1.538913478	0.168480786	0.035898221	0.033851022	0.143275516	0.035625262	0.041657807	0.163939519	0.054262432	0.057034348	0.247579511	0.168513569	2.78818441	8.983987835	0.804705226	0.228915309	0.176343631	0.03804093	1.264110952	1.024977242	0.690335612	0.219582493	0.18647908	0.172607709	5.744918221	1.714122595	0.821848213	0.672137627	0.034897249	0.033336146	1.518882057	0.145859287	3.036705908	1.795774051	2.694633155	5	16	550	193	7	18	154	135	16	7	3	13	62	77	60	108	105	57	502	722	1204	1588	1	0.026709807	0.028123793	0.395679077	0.382280763
T[T>G]C	0.560435102	70.46941297	92.69319904	86.78429308	75.31375644	87.4653363	1.141769014	0.41488613	0.496304685	0.386190475	0.060549475	0.158641985	0.668521191	3.663095877	1.261336886	0.271703558	0.258513325	1.281602801	0.712327223	0.072391586	0.074730233	0.471738397	0.528396438	1.232079944	0.155241727	0.193117668	0.233975392	0.738529309	0.660619655	0.216950982	11.57676145	16.86786097	17.99428785	0.086694135	8.946678747	1.685982578	0.406372861	1.516819554	16.13610141	1.726447976	1.55576561	2.734780821	0.103074792	23.78849395	20.57960006	25.63625514	5.459436084	7.691081202	10.07894403	6.348754361	6.581796281	2.491077532	1.409498071	0.215462441	1.156024894	0.498595603	0.823146442	0.408799158	8.048929653	0.254111472	4.524128242	8.762424057	2.211243437	0.116813845	0.162149268	0.079094761	0.037871238	0.035292063	0.030448673	45.48968786	36.28265686	24.00351727	40.89372684	56.39562155	69.28153644	65.21595112	58.06044781	58.85656322	82.25605322	72.46695004	65.8857866	2.917576857	1.592188792	0.9048694	0.527142731	1.076869773	0.610728346	2.085024002	2.996904154	0.984654345	0.329146396	0.347259461	2.549912937	0.08375177	0.086637669	0.222756052	0.054814245	0.048578672	0.053309874	0.14150969	0.05181904	0.25050658	0.03944012	0.050516299	0.062437888	0.041543937	0.282407647	0.04541557	0.112206714	0.421820354	0.555443999	0.807755021	0.950923535	0.154282825	0.062054086	0.039229968	0.109922902	0.044784225	0.129863878	1.29234051	0.03027817	0.033206364	0.147179824	0.058728731	0.069527777	0.110862416	0.108761043	0.05776015	0.11701253	0.15481992	0.120208229	0.127134221	0.033887341	0.035447923	0.130343047	0.036888659	0.850663791	0.040220706	0.038170862	0.042964122	0.160003129	0.051547573	0.6394678	0.951828579	0.052903287	1.693724674	4.201890812	0.16013342	0.0422032	1.722633749	0.940242148	0.177420919	0.136659846	0.058034407	1.932042676	1.190369214	0.401463669	0.434370355	2.306500087	0.169691148	0.028684699	0.033045273	0.336521535	0.092131524	0.048001578	0.059383776	0.127485687	8	15	579	200	16	14	134	137	5	5	3	5	36	55	35	75	60	52	399	154	12	19	4	0.551898631	0.886684648	0.977202785	1.767613098
T[T>G]G	0.681921099	41.08982387	13.72706697	18.41659232	11.23911486	18.35552333	11.15231272	17.19207302	13.66479917	7.654347137	4.858582282	6.621487103	28.6815122	22.38769253	24.38395859	36.82438273	0.192220968	0.527250461	0.197780382	0.30163766	0.19203454	0.32526222	30.46993132	0.228646142	0.255093718	0.085434246	0.10333444	0.083481693	0.098535473	0.269854033	16.44958671	14.34372405	12.91048726	0.140129813	17.12953711	28.274258	0.867039849	0.500894574	1.650045507	1.530872464	2.214048275	1.173075223	2.729719735	2.580440813	0.117598949	0.222384277	0.405972622	0.216490671	0.230723111	1.571754055	0.573012616	0.503676804	13.90831088	0.174284036	1.446197617	0.31041871	0.278828476	6.059961664	30.12539665	3.233880059	5.799169482	21.51930756	9.572542324	0.286952938	2.618284467	0.17504394	0.043721729	0.032209553	0.031755464	220.3235079	139.9212977	115.5301652	158.2057166	175.0420463	172.6658372	179.8759902	153.6979368	254.7115905	258.3401946	250.8556118	264.1275774	1.080721129	10.24608127	15.31396732	1.418436136	10.54523373	0.837472496	0.666875207	1.231311622	0.716248083	21.88639263	1.565490007	11.48608542	1.443260263	1.381810028	0.556294973	0.134786283	0.046673203	0.136860805	0.046931157	0.064871106	0.097834098	3.164326871	5.353888015	0.2858586	8.849344926	5.305040449	4.703499894	1.117279529	1.660065452	4.091155822	2.181738081	2.414728871	1.24982357	0.152539624	3.391737608	4.967472883	0.434668336	1.928670177	5.501833004	4.572802857	1.252903903	1.746835171	0.290372104	0.27942212	0.631849924	0.109301012	1.570489478	0.14792519	0.118582118	2.586680174	2.149770569	6.91535949	6.506086651	0.363390065	0.330716522	0.301228183	1.630308672	0.348478936	0.755048011	2.504652283	7.660482151	1.382575323	5.675328504	2.153558481	5.326094042	0.969432461	2.078252903	0.348949976	3.524637929	4.327070778	3.956322987	2.11189115	0.960805968	0.057191929	0.400168245	10.33680649	3.314036867	2.258806582	0.548164874	0.030699298	0.029809309	0.867974567	1.337699141	5.153083495	0.164767143	5.685486133	7	17	799	249	29	28	178	147	21	14	6	11	60	62	69	154	142	95	421	152	19	39	1	4.811515075	5.518693046	3.917937321	4.645757136
T[T>G]T	0.154737683	36.96622348	35.29621443	47.83216697	53.95542807	37.84243898	0.217375508	4.77310149	0.439909541	0.381802631	0.358499906	1.760562386	0.931030183	0.569209306	3.950781323	0.424854411	0.514666503	0.133448872	0.405100966	0.14169464	1.050615832	0.459439589	1.809315364	0.746719516	0.202558796	0.095593958	0.118723924	0.038389796	0.106436367	0.040231956	62.30080524	62.92249265	34.87350844	0.805481997	0.388172436	10.927686	0.962094896	2.318501243	0.761699944	1.574941606	1.06914703	3.21253417	6.456878663	252.8035172	61.29747665	173.7259526	49.07343383	62.74793396	130.5699402	97.09342243	16.28379824	3.58476747	3.526959476	0.138770326	1.538109028	0.377379381	0.25016105	3.673295708	24.18753438	0.910375427	16.96058653	21.62059994	21.67443778	0.319495876	0.30018798	2.055150732	0.03504454	0.029467752	0.027730283	308.0145725	244.8320669	190.3792544	255.5627679	297.8490826	286.7584061	274.0580378	263.8802166	393.3893512	369.9994122	368.9101408	369.1666878	2.417472217	3.26181225	5.314493886	2.321406415	1.354812352	1.29530599	7.620129413	2.920983168	3.745899918	23.78897926	0.267456557	11.23003157	0.184506045	0.330805846	0.460201019	0.151236408	0.051678603	0.125021843	0.074145596	0.086390002	0.11645498	0.965714346	0.11921168	0.092394437	0.060561173	0.036641447	0.080930071	0.169677211	3.477487746	0.472786649	1.071976221	1.479377395	0.352322244	0.538427326	1.457270887	2.10041164	0.035721559	1.989553086	0.522154367	0.662433432	0.103819649	0.085569962	0.339684671	0.23902004	0.602177781	0.966048476	0.061436685	0.167151251	0.075412346	1.132783131	0.71098368	0.094010438	0.928546179	0.139910441	0.035307638	0.548524506	0.040924607	0.070613343	0.037423759	0.061385755	0.054942782	0.11422841	0.115877507	0.045856012	8.033147843	5.669527798	0.928637236	0.704224944	0.124391202	0.138857237	2.550678017	0.255056602	0.086831144	0.460981224	0.356674216	4.46440936	2.284640015	0.979924958	11.78370897	2.293302694	0.899571797	0.22462197	0.048860862	5.325813402	2.088885156	0.672389631	23	30	1499	524	41	38	294	271	50	23	15	22	94	123	71	168	151	118	532	460	541	821	1	0.002717647	0.002839984	0.002849248	0.995070621
