MutationType	CX-5461_NO_UVA19	CX-5461_NO_UVA1	CX-5461_NO_UVA20	CX-5461_NO_UVA2	CX-5461_UVA10	CX-5461_UVA11	CX-5461_UVA12	CX-5461_UVA13	CX-5461_UVA14	CX-5461_UVA15	CX-5461_UVA16	CX-5461_UVA17	CX-5461_UVA18	CX-5461_UVA19	CX-5461_UVA3	CX-5461_UVA4	CX-5461_UVA5	CX-5461_UVA6	CX-5461_UVA7	CX-5461_UVA8	CX-5461_UVA9	smg-1_AristolochicAcid_genome_1	brc-1_DMS_genome_1	mlh-1_DMS_genome_1	parp-2_DMS_genome_1	polk-1_DMS_genome_1	rev-1_DMS_genome_1	wildType_DMS_genome_1	xpc-1_DMS_genome_1	xpf-1_DMS_genome_1	agt-1_EMS_genome_1	agt-2_EMS_genome_1	apn-1_EMS_genome_1	brc-1_EMS_genome_1	brd-1_EMS_genome_1	ced-4_EMS_genome_1	cep-1_EMS_genome_1	csb-1_EMS_genome_1	exo-3_EMS_genome_1	fan-1_EMS_genome_1	helq-1_EMS_genome_1	him-6_EMS_genome_1	mlh-1_EMS_genome_1	mrt-2_EMS_genome_1	ndx-4_EMS_genome_1	parp-1_EMS_genome_1	parp-2_EMS_genome_1	pole-4_EMS_genome_1	polh-1_EMS_genome_1	polk-1_EMS_genome_1	polq-1_EMS_genome_1	rcq-5_EMS_genome_1	rev-1_EMS_genome_1	rev-3_EMS_genome_1	slx-1_EMS_genome_1	tdp-1_EMS_genome_1	ung-1_EMS_genome_1	wildType_EMS_genome_1	wrn-1_EMS_genome_1	xpa-1_EMS_genome_1	xpc-1_EMS_genome_1	xpf-1_EMS_genome_1	brc-1_GammaRay_genome_1	bub-3_GammaRay_genome_1	dog-1_GammaRay_genome_1	mlh-1_GammaRay_genome_1	rad-51_GammaRay_genome_1	rad-54B_GammaRay_genome_1	rip-1_GammaRay_genome_1	wildType_GammaRay_genome_1	wrn-1_GammaRay_genome_1	xpa-1_GammaRay_genome_1	agt-1_MMS_genome_1	agt-2_MMS_genome_1	apn-1_MMS_genome_1	brc-1_MMS_genome_1	brd-1_MMS_genome_1	ced-3_MMS_genome_1	ced-4_MMS_genome_1	cku-80_MMS_genome_1	csb-1_MMS_genome_1	dna-2_MMS_genome_1	exo-3_MMS_genome_1	helq-1_MMS_genome_1	ndx-4_MMS_genome_1	pole-4_MMS_genome_1	polk-1_MMS_genome_1	rcq-5_MMS_genome_1	rev-1_MMS_genome_1	slx-1_MMS_genome_1	smg-1_MMS_genome_1	ung-1_MMS_genome_1	wildType_MMS_genome_1	wrn-1_MMS_genome_1	xpa-1_MMS_genome_1	xpc-1_MMS_genome_1	xpf-1_MMS_genome_1	pole-4_UVB_genome_1	rev-1_UVB_genome_1	xpc-1_UVB_genome_1	xpf-1_UVB_genome_1	atm-1-xpc-1_TMP-UVA200J_genome_10	atm-1-xpc-1_TMP-UVA200J_genome_9	ced-4_TMP-UVA200J_genome_2	fcd-2_cisplatin_genome_1	cku-80_TMP-UVA200J_genome_5	pcn-1_TMP-UVA200J_genome_1	wrn-1_TMP-UVA200J_genome_3
A[C>A]A	0.0	0.006644518272425249	0.022222222222222223	0.0	0.0	0.0	0.0	0.023809523809523808	0.010443864229765013	0.0	0.008547008547008548	0.015625	0.011019283746556474	0.0	0.0	0.023121387283236993	0.018018018018018018	0.004807692307692308	0.0196078431372549	0.0	0.03125	0.010116427095397756	0.0031942740654276776	0.00031830208685654953	0.0025738033119791013	0.0009589361087865619	0.024494104623318663	0.000503369980368691	0.0311341284127052	0.05789020074015643	0.0010572017234300056	0.0015270711031855242	0.001770528862525672	0.0012102159545155423	0.000240635292899728	0.00030106986810289025	0.0005886601302397587	0.0012484562394152832	0.00021594394449773674	0.0018742473588238724	0.0015366579888920068	0.0015411998019721242	0.0008328171442723985	0.0004677005866230756	0.0025154892088375363	0.00025626987374715074	0.0005963968523522425	0.002610455892119098	0.0013500331951044435	0.0003819744508713698	0.0031191125419451956	0.0006519321534200024	0.0002759901451627345	4.8310627160805476e-05	0.0015885393776406344	0.0032646320058671457	0.0018744206870656085	0.00046808382504569365	0.0006007722543298212	0.0010716810120765382	0.001003394296328197	0.005873277035477225	0.0009765289579400115	0.03976053307031359	0.0046976402193884	0.0026654253831640876	0.005054668570804756	0.006071837627266739	0.05256888348776383	0.015596113749579985	0.0354055216829787	0.04579150381367368	0.003178126136962666	0.016136833304507027	0.017312765884740754	0.00417149983642774	0.010579201118304344	0.014078033528339967	0.010991728977272464	7.444755738699229e-05	0.00917235166596835	0.0021968250533782527	0.021276375936946753	0.0027534477056184734	0.0028203463082691798	0.019611559383046668	0.0005889808335637434	0.009624710903764202	0.022224019011401412	0.03121815186610218	0.0034137874210972098	0.015110245316315506	0.01539300369273181	0.0011209916547438154	0.008645022347168773	0.02354484799747617	0.01711190369489294	0.0019101822235584884	0.0014159215585649216	0.0021345304507702093	0.000905085517513602	0.004909069000182616	0.2873408412357415	0.4190214485477614	0.0032751872749971268	0.24847077041991825	0.21999645983464827	0.09925779949421563
A[C>A]C	0.0	0.0033222591362126247	0.022222222222222223	0.0	0.0	0.0	0.0	0.0	0.0	0.0	0.0	0.003125	0.0	0.0	0.0	0.0	0.0	0.0	0.0	0.009900990099009901	0.0	0.00014731906948637106	0.00013169579677749574	0.001466427290229453	0.00014384101035826814	0.00018397356112886845	0.004667783448185756	0.001223390841492352	0.0036145021445892333	0.014966006685814257	7.848848374775364e-05	0.00012967135339814531	0.0001847033306468799	2.913986489538922e-05	1.3350096341286132e-05	0.00017122079138689946	0.00014705444581421527	6.963259943347166e-05	0.0005359363714760283	0.0008217608530988437	1.940792427196252e-05	0.0003768802057811007	2.2630465974197804e-05	1.3069153137751047e-05	0.00012871341199517067	0.000864341972741513	0.00013084538350438454	0.00013816883777843146	0.0001668342771198813	0.0003775691103422309	0.000567944331459096	0.0003302354828625481	3.593516675806156e-05	0.0011496398654644306	2.8567145428333627e-05	2.2689448445324494e-05	0.00015927935291583985	0.00045509257265426134	0.0005768500280131814	0.00037098117745307024	0.00027540010387608143	0.0005224822753170145	0.000388405532783339	0.023304417248739127	0.0004667831771131774	0.0007318208679963668	0.0038517993501390436	0.007982659165230957	0.0028500965221020798	0.008671073244348518	0.01417176790407072	0.018721424783239682	0.0034809966942788225	0.0025742366399401978	0.005674855937090329	0.0013827517544460102	0.004510590935884479	7.841479072456949e-05	0.013969267174106233	0.004986383480164394	0.006259693712773977	0.0021962889916574925	6.611709566209801e-05	0.00785881495093953	0.003141096480700983	0.009402646524017557	0.00011107282154159561	0.011591739658445501	0.002318222975353014	0.0010872557475213303	3.7616512614722656e-05	0.00039749779289606697	0.0018096230759943707	8.009073835495068e-05	0.005202978510584675	0.0017924252952237671	0.004295191573875227	0.005181279190647807	0.00439018024509865	0.0011667985145427562	7.956389481154924e-05	0.003586178396873001	0.002947956069357313	0.004948230090295807	0.0028865435266752708	0.01186116128320811	0.04913537828905235	0.04019733883704549
A[C>A]G	0.0	0.0	0.0	0.0	0.0	0.010638297872340425	0.009708737864077669	0.0	0.0026109660574412533	0.0	0.0	0.003125	0.0027548209366391185	0.0	0.0	0.0	0.0	0.004807692307692308	0.0	0.0	0.0078125	0.0001902682290418625	0.00015873219492590668	0.00027962616184661054	0.014083359351890241	8.430116475673176e-06	0.0001878625323446435	0.005732677332414667	0.0035562900300398765	0.0022001349746243962	1.2298473545955698e-05	0.00014739130705250208	0.000862611700719063	0.0006644270173801619	7.827094181142711e-05	0.00017595657974729955	0.0009904438362363583	2.3265127183366806e-05	0.0005117172477824813	0.0004082586189904247	0.0005161101316665137	0.00012898510944986055	0.0010725103288280094	0.00034329402065757424	0.000513457505609492	5.606230113536702e-05	0.0001177199309714162	0.00015839264364127896	5.005104557792683e-05	6.419870955810049e-05	0.0005474414595526676	0.0015013049160995302	0.0002646617210777961	5.373669747289215e-05	0.001247708056278419	1.8918799483197202e-05	0.0010030072240000106	9.7781041952681e-06	0.0005895448094036087	2.82817036727543e-05	8.82862413560544e-05	0.00018571505051060924	0.012435896484711781	0.009335309294187761	0.006252877487113293	0.0073165496273319775	0.0038473967656850903	0.0024830857342237013	0.018711510771373226	0.002177993704371893	0.0033064776026524535	0.0032742769087334787	0.0016797203183465238	0.002544144953335073	0.002326675258084433	0.00015817368699035106	0.003357720993733075	0.004335902183724973	0.005638052289434765	6.697603871546899e-05	0.0014042936335295735	0.003543327118188996	6.83604018166139e-05	0.0016812525754134867	0.006567991645222152	0.009056163808807988	4.542267564936064e-05	0.001389320484159848	0.00014639741549309532	0.004263400434550083	0.0023003917948621984	0.0012902696388135907	0.0011109696709707636	0.00206543690953004	0.0013779307764875345	0.006707585465534947	0.00027089910498336966	8.163054733532552e-05	0.00015165272409244226	1.4351035916513325e-05	7.969241441861555e-05	0.007232020602365897	0.0005320187562187992	0.00041520295767903475	0.00011787028937987524	0.0005748166878468139	0.0003607869311772151	0.00047489758215685723
A[C>A]T	0.0	0.0	0.0	0.0	0.0125	0.0	0.009708737864077669	0.0	0.0026109660574412533	0.0	0.0	0.009375	0.0	0.0	0.0	0.017341040462427744	0.0	0.004807692307692308	0.006535947712418301	0.009900990099009901	0.0078125	0.0026233772769367093	0.00947193404073001	0.0013063922204761698	0.00015529691329918544	0.00010251791171194991	0.0061931060166916015	0.0001773912725193808	0.016161403264585275	0.004816892815145477	0.0002652377807581589	0.00010751084350079828	0.0006198235181029634	0.0009548107627916007	0.00023080913381569283	0.0008528163996894196	0.0006826240979372306	0.00017335254458344633	0.0015377507754427003	0.0018855869209723065	8.177476230151547e-05	0.0027236913089643397	9.795712540592597e-05	0.0006414753224496015	0.0007280115092706744	0.0004802463201334278	0.0005600844664044865	0.00014969725024795068	0.0006843688529366994	0.0006543183085500153	0.0002048868090742285	0.0012012530892419613	0.0017706118955892413	4.111802446638089e-05	0.002207253252715677	0.0004763489013909196	0.0013569130797718397	0.0017403835785857957	0.0006380576454799345	0.0024880510110055886	0.0006459366982148124	0.00029685103622583363	0.009007173919485604	0.00023442414850217185	0.022061269295521196	0.006501186710893835	0.010175304573539443	0.0012577940545879947	0.012658884216825374	0.0006798053247199782	0.0030866392060482388	0.0003626004669694788	0.00871948302021041	0.004489742973341855	0.022118780932027363	0.006219078981877086	0.003477041353237316	0.010033769440336382	0.0014100327677657547	0.00490977749362699	5.573463559567577e-05	0.006043809397675254	0.017420638520167203	0.000514706480246867	0.017397290808785278	0.009089415107497176	0.0007083545366917314	0.008555407604360953	0.002727679628081524	0.0008993351149368582	0.00427475930982275	0.018450595905595224	0.0033903418863123974	0.020249103032041547	0.012319270823811703	0.02071227037900592	0.012472671323413061	0.009171429860293739	0.00018875089467228703	0.002136213032584043	0.0020169737737061834	0.006029750936194424	0.0072821170962155445	0.003166838774936059	0.0011176991974628536	0.01242323175294901	0.01246526005256973	0.0024995413365609628
A[C>G]A	0.0	0.0	0.0	0.0	0.0	0.0	0.0	0.0	0.0	0.0	0.0	0.0	0.0027548209366391185	0.006060606060606061	0.0	0.0	0.0	0.004807692307692308	0.0	0.0	0.0	0.00015897337613331343	0.0012132793662380456	0.00028911290292251785	0.00017233996324617188	6.831276305385725e-05	5.5505561406886695e-05	0.003188569023703518	0.006217861279167568	0.011403132574432108	0.00026484129109426017	0.0003475694951642873	0.00033745157142542505	0.0002627353566962166	1.2515394884871417e-05	2.0587565762988055e-05	0.0006568976034747559	0.00018051266208025533	0.00021516871135194944	1.005765018355254e-05	2.2728392275037455e-05	0.00022436587353012215	1.4743795073685646e-05	0.0003482634971894451	1.3292004706244133e-05	2.2006971941786656e-05	0.00012639158830795544	0.0009938096263757052	1.9198940418904518e-05	0.0001544436247367563	2.5761444963348705e-05	2.4727806903635772e-05	2.3844769310462418e-05	4.5674688797919245e-05	0.00017630082696212527	0.0005081139357906086	1.5510542790809768e-05	2.572144753104788e-05	8.694946583898685e-05	0.003381538913925894	0.0017979139564267166	0.006342948763423423	0.0064811786148550885	0.009426166663025653	0.016755347284481536	0.007757254199976757	0.010201303063561243	0.0032984419680767416	0.0028434872711271203	0.0012139971863423026	0.0023979290455654395	0.008927486200052476	0.00035125157490780855	0.0007583239010549576	0.00062742612665889	0.0033292064702505884	0.0003159368545753982	0.001616198775078913	4.731777882318417e-05	0.00026915813088490125	5.9115410409939966e-05	0.0013901758445701903	6.900402485450615e-05	0.004611811914403963	0.002966647897786746	0.0010123068324407345	0.0003920523254221321	0.001381366854686705	5.494151148793819e-05	7.40900957543561e-05	4.103798028010228e-05	0.001386506008961621	0.0006314599033030692	0.0020344924640603333	0.006173392277391922	0.0034317033481342414	0.020553385130227652	8.273629487451599e-05	0.00018474585178193377	0.0011648376490395289	0.0008579769925176824	0.009824452698139011	0.0015079602630107564	0.0007711033548370084	0.002726790241683695	0.0004477049973551328	0.00030572101014545236	0.000757321561857579
A[C>G]C	0.0	0.0	0.022222222222222223	0.0	0.0	0.0	0.0	0.0	0.0	0.0	0.0	0.003125	0.0	0.0	0.0	0.0	0.0	0.0	0.0	0.0	0.0	0.00018175701599712423	0.001368882502789589	0.0017472045792119163	0.00015262860528901038	6.656125134258933e-05	4.758029318720846e-05	5.103060666666654e-05	6.182190443705768e-05	5.334545106171581e-05	9.999610122744292e-06	1.4346891014162144e-05	1.4270613567777265e-05	0.0006802768132257672	0.00012865467925678755	0.00017603995681729465	0.0001503372919543957	1.9611605055694402e-05	1.8820697675911468e-05	9.208352928991806e-06	2.0647560515070614e-05	0.00020937769905866673	0.0003462870574721489	1.2175840104797937e-05	0.00014004208055084545	0.00010984001135309756	0.00012100644187389838	1.4036995533702696e-05	1.7375109498296412e-05	1.402595857276549e-05	0.00019853891413711803	2.4454318466770018e-05	3.059032186546586e-05	4.703284291645098e-05	0.0002764840369703772	2.0290605351279043e-05	0.00015063795517958906	6.284983702508877e-05	2.9717948447764242e-05	0.00019926633864033176	0.0005162862313345268	0.0005245224001994472	0.009051502276942116	0.00190089172990178	0.0001003589207403196	0.007324072675716251	0.010186209333589859	0.0019274994579499545	0.002854831184159385	0.0007453987562019672	0.003179550351509648	0.0034292082087745016	0.00034279903857911356	7.965078135453878e-05	0.0008443690460824661	0.00016822445093247774	0.0004522836011372712	7.770628933430413e-05	5.002511197939246e-05	7.763489985418948e-05	4.6066934081569426e-05	4.661139017799322e-05	6.358181333334414e-05	6.255618602053551e-05	5.134197287341127e-05	0.001019180986781663	4.309405893163273e-06	0.0011931426202908936	0.0013212414601469513	7.40955057034119e-05	3.9862247059551425e-05	5.8389824080638404e-05	0.0010739542307671374	7.414544311698137e-05	0.00036165490154197415	0.0033025130579501564	0.0008747636302699873	6.227797261847995e-05	0.0001585982566201655	3.9023226705628854e-05	9.637462962925563e-05	0.004711908802718123	0.0004094344140317007	0.0002556544053666286	0.00010235688849157188	0.00020456631131071304	0.00012968412694559992	0.00029641530251166384
A[C>G]G	0.0	0.0	0.0	0.0	0.0	0.0	0.0	0.0	0.0026109660574412533	0.0	0.0	0.0	0.0027548209366391185	0.0	0.0	0.005780346820809248	0.0	0.0	0.0	0.0	0.0	0.00014738023935703264	0.0012972637282505383	0.00043100024504941605	0.00015886123209452643	8.49588566292447e-06	0.003486583239855102	0.003164628015643799	0.0013448925492948857	5.86995930286787e-05	0.00010456581161799879	1.4183898960054711e-05	0.00012806753378834333	2.977366900355715e-05	0.0009149586733699155	1.907826453597326e-05	1.4297245704451882e-05	1.8752206083022486e-05	2.2368748405871e-05	0.00011375483967202394	0.00021752952799052787	8.58101505822933e-06	1.6686684358183193e-05	0.00014080697837514551	0.000123503629652856	8.218121933980376e-05	1.2763401792035433e-05	1.6916314662269523e-05	1.541770789538426e-05	1.4221226628974362e-05	2.2995975155208016e-05	0.00024269692236170674	2.2376845259137728e-05	4.475021826735121e-05	1.2361690089348745e-05	0.00018345766920738484	1.3759703007649386e-05	7.146953281297954e-05	2.3674263134763498e-05	0.0005662929666171386	2.0390795716785952e-05	0.0013127115307381711	0.0013646050589551976	0.005932868522562449	0.002596279108613205	0.0029135549990409308	0.004041347512901995	0.0006738075300691151	0.0073189850326939474	0.0006038608664842049	0.00014265933743413308	0.00013127393517822815	0.0010128679306513227	0.002470949231539409	0.0001017111351125986	0.00014108680882417212	0.0012208954165938094	7.680582639242425e-05	5.0258354839742766e-05	6.381344050342731e-05	4.7860469927412534e-05	5.849480036425105e-05	6.012313245511647e-05	0.0018180644372586166	4.568323855214781e-05	0.0009929221518244892	8.115611385596011e-05	0.00011671991576238383	0.003392787133240004	0.001540638714179677	0.0008698849388630722	6.23589454942832e-05	0.0010821847126873633	9.67777555653181e-05	0.0009176953792310062	0.0018654011740331824	0.004921116889448579	7.706546863877065e-05	0.00020482594932316557	1.2501905310620043e-05	0.00010371123395353977	0.006791057993405784	0.0004934946903640791	0.0004089980601860922	0.007743690918448493	0.0004669331405252453	0.00012684928098013828	0.00019643995408082424
A[C>G]T	0.0	0.0033222591362126247	0.0	0.0	0.0	0.010638297872340425	0.009708737864077669	0.0	0.0	0.0	0.0	0.0	0.0	0.006060606060606061	0.006993006993006993	0.0	0.0	0.0	0.0	0.0	0.0	0.00015197939157885544	0.0012330889223456537	0.0015779902517047632	0.00017942305553803384	3.6443849312583366e-05	5.526754675229157e-05	0.0022540072254021277	0.003434717901121685	0.0075698692282534	1.1340436040629129e-05	0.00011999433820357558	0.00012735715418074877	2.8422958619222396e-05	0.00013394220096413836	0.00043307075161176824	0.00015206955395198146	0.00019876910715439585	2.2168329838060407e-05	0.00023757104886659673	2.4406284171002288e-05	0.00021959042949715171	1.4621188344388367e-05	1.2569696218538066e-05	0.0003183522307885038	7.073730636765892e-06	0.0005381597239106337	1.5237528516077025e-05	1.6046270582691736e-05	1.643358501269232e-05	0.00022255208044981924	2.2262011287486467e-05	0.00026829035542360707	4.297214241147031e-05	0.00028629785691897987	0.00019725877513787526	1.3829589057826367e-05	3.6435626909792354e-05	0.0005838038322308046	0.0006630312485482846	2.0819985809737466e-05	0.001791074957970007	0.01606567577300124	0.005515884482744737	0.006496740286558151	0.002827408107893442	0.00013741227890534528	0.017205795130965915	0.01945705999820746	0.0033057627278278824	0.0030004379851581533	0.008927464316934168	3.582876046673547e-05	0.00012109994925801938	8.727831445799777e-05	0.00013234304685504184	0.0004587410789313179	6.85357413122533e-05	5.0361362906038934e-05	0.0018839879944803962	0.0036770590829173044	5.110324336040042e-05	6.297906298648676e-05	0.0017089646307886822	0.002967059833998961	0.0010234120283320808	3.783279085598031e-05	0.00016443413774589036	0.004338442788122827	0.0006323784760843269	0.0004278093361475664	0.003701137685033777	0.0002371686961514726	9.19429501253561e-05	0.005232338196073798	0.0031277963101026757	0.00882890104357575	0.009294856699593644	0.004161902783297975	0.00011965775804360217	0.0007987812853911604	0.006150665542422799	0.00031450634078835754	0.0009890720018771429	0.0012301057688127134	0.0003731607360707114	0.0003234493643397311	0.00022101945026958836
A[C>T]A	0.020833333333333332	0.0	0.022222222222222223	0.03333333333333333	0.0	0.010638297872340425	0.009708737864077669	0.0	0.0026109660574412533	0.0	0.0	0.0	0.0027548209366391185	0.0	0.0	0.0	0.0	0.004807692307692308	0.0	0.009900990099009901	0.0078125	0.03498218802809732	0.03527102664932874	0.0019449965169495852	0.017356113785737853	0.0005443706476726915	0.0002459731929019834	0.003260622682347081	0.007056874472884082	0.002423947176202878	0.035082468636967075	0.04709784486688545	0.04499646277036641	0.051059566973704576	0.046104781768708525	0.04622595967115908	0.04578409288610215	0.04226261483181702	0.04261878297781297	0.04187734848250702	0.041454497956411054	0.04978025630256632	0.03830799849685754	0.04362669271838623	0.04263747220347342	0.04740979875985048	0.04774702400870326	0.04576012048829273	0.04011302760974115	0.03983755432861537	0.05319153931552858	0.0509599421887043	0.0489551370874611	0.042220339224418826	0.04889871680413157	0.047578899182046594	0.038098353510375764	0.04264745659578926	0.04252506157035797	0.046412741331784295	0.05666178325022749	0.05677400843916828	0.023797956573401113	0.014108327183213193	0.039657950325957515	0.0014509591912405795	0.02570481195449244	0.060230880503176334	0.04888284005682621	0.046566010850512075	0.002815518219164721	0.025400516469473215	0.036233485676309504	0.0042838288056375904	0.0009016465264865968	0.006266867517869208	0.011221711265814897	0.004526767058586431	0.014249424522025702	0.007178370626128548	0.0075568450632308385	0.0035080849522038217	0.004131761741905305	0.0016114672235370557	0.003256717624109835	0.00017564584508087023	0.0002877216357683496	0.000807019760907505	0.009517708127734104	0.0014097142645550394	0.002538951794577483	0.01537338014393589	0.010607102757201543	0.009082858160858527	0.0032566017594343384	0.006824836373624185	0.004946572821590102	9.446373209200791e-05	0.00020665598314019822	0.0031943551709511537	0.0036656547559690902	0.009219443401100567	0.0009457731525108144	0.0015035403678681154	0.0031384129493362144	0.0015454491954398778	0.007403829885491935	0.0010144554979431887
A[C>T]C	0.0	0.0	0.0	0.0	0.00625	0.0	0.0	0.0	0.0	0.0	0.0	0.003125	0.0	0.0	0.0	0.0	0.0	0.0	0.0	0.0	0.0	0.00016793089117528808	0.0013342526865770432	0.0006778836760476587	0.0038878261986665225	0.00031792846459468676	5.484702999334781e-05	0.005745750414759013	0.0003715802285134653	0.001998794889607557	0.07354421231695334	0.0516859970342247	0.049523511921057056	0.05796681899120592	0.045856747377656895	0.05894715717042678	0.05027009189804528	0.04722035846072364	0.04889884337366955	0.05956838881087282	0.035027904394961694	0.04333218634569516	0.03906237207071474	0.049464474583732654	0.04615222702920619	0.04533677824935717	0.04486405220000987	0.04527588511012061	0.04344740555723215	0.019470148928975806	0.04656664981629422	0.054213127002328686	0.05152237994065717	0.05367406114742414	0.04127583252130102	0.05021080135578572	0.051457464827327326	0.04661063865573878	0.04797018143391843	0.04008201915814858	0.05236079591269404	0.03969325747703765	0.015786607908408135	0.014177528132068894	0.011092583515190496	0.0008050739476081385	0.0039677204350749996	0.02608777977894951	0.007889447097004702	0.019469470635984643	0.008405295695578914	0.029585605235250438	0.055044106748691736	0.0024146729188106934	0.0008159899673509329	0.0034326851930188552	0.004486626644032126	0.0017305235564599672	0.0012665529532389606	0.0018998200815222514	0.0013420706922138042	0.0006032081453834263	0.004221088088387676	0.0017112245069722937	4.640534508228192e-05	0.0010904497367995255	0.00011077253624130977	9.544314189058122e-05	4.415946566602189e-05	0.0013981032725122267	3.656110613425703e-05	5.4544097615267484e-05	0.00013716780394096496	8.789551850482558e-05	0.0008786665945645955	0.006517932658166973	0.0015601858679094307	0.0054692066836613965	0.0010906590328734016	0.012067804483259498	0.015835639748197242	0.009133462680424203	0.003289227253314172	0.0006014761495718228	0.00749220638695638	0.0013573132831449007	0.0007538226469560514	0.0002453117494224395
A[C>T]G	0.0	0.0	0.0	0.0	0.00625	0.0	0.009708737864077669	0.023809523809523808	0.0	0.0	0.0	0.00625	0.0	0.006060606060606061	0.0	0.0	0.0	0.014423076923076924	0.0	0.0	0.0	0.0102559463220403	0.00013560773699301533	0.051603117540967	0.00017088252263994957	7.249356461998218e-05	0.0007835835295450335	0.005641159670458551	0.001377264643701781	0.003354958501166823	0.02284138154076955	0.028482672238753608	0.029263575182640552	0.027890358459267503	0.026833328238759592	0.025522890390128946	0.02271210244390561	0.02913566743754305	0.027524709146925112	0.03198539149925599	0.02675859156482577	0.030016246375718036	0.023988490037370858	0.032209307767319714	0.026522296633364337	0.03215218329375292	0.025487093838189912	0.029676167122646372	0.0265310159498149	0.014925532004728192	0.031164442553917527	0.02913585550180062	0.029043436060708437	0.027965378395850175	0.028603028544789216	0.033683390738788545	0.03290951752744578	0.026078029510028737	0.037198444981899635	0.024314725413040493	0.030539787165749996	0.02561812110788103	0.0026006681807986057	0.0014323934419922938	0.021908503556967045	0.0005707678051210519	0.01710365522051631	0.0005312122901864049	0.01291224537031321	0.0012902882928982624	0.00011992610657234973	0.011753494068243272	0.0066399859041147155	0.00011372583235274165	0.00395410756247207	0.003523757410864243	0.0032456511796313415	0.0045997706330330405	0.0005560449387263473	6.72001978622007e-05	0.001280615496917594	0.01179595189478819	7.254317730481349e-05	6.288678547133665e-05	0.0011692426528920876	0.004907260682979686	0.00011466693426662274	0.0014020051608134455	0.003362577046151097	0.0005837801462594747	0.004131301651141399	0.0013782018965800783	0.0027553518587273146	0.0021560693643413007	0.001633692093064203	0.0007264934316433215	0.0008551636754631924	0.013279161700967233	0.004225258710630819	0.00031341526805814084	0.0021460381092689427	0.008803923381795462	0.0009946594641957484	0.0015599425139392854	0.007670366175066755	0.0012419892599707944	0.000341335469039058	0.0009413223613047629
A[C>T]T	0.020833333333333332	0.0	0.0	0.0	0.0	0.010638297872340425	0.019417475728155338	0.0	0.0026109660574412533	0.005291005291005291	0.008547008547008548	0.003125	0.0	0.0	0.013986013986013986	0.005780346820809248	0.0	0.0	0.0	0.0	0.0078125	0.0001840902509700102	0.008946982495488216	0.015727235557817316	0.003684144025146564	0.0004959068705724368	0.016404402716423395	0.0032979966946764757	0.012123371447955465	0.008886704093480777	0.05648952900487215	0.07929352397426812	0.06760803459346307	0.0722456681661935	0.07548919185609038	0.06523288275560869	0.06607338335955976	0.06048712006507476	0.07170143692734372	0.06462144212339385	0.07117914326836634	0.06717722194547388	0.06585503853841929	0.07601859459863164	0.06542271553697925	0.07327366532240202	0.06774125658713326	0.07174900257545518	0.07324062912464638	0.04733789732586237	0.07951576364125018	0.053223215487804176	0.07269538470853495	0.07602577841877839	0.0731977608449799	0.07332153983961393	0.06778682546556088	0.07023898377094458	0.06754485982093936	0.05951755014459019	0.06230493843683221	0.06607032606121296	0.03606227188710922	0.014461601614215308	0.022519443563018233	0.06832866388830619	0.03416093327058146	0.011103385629059258	0.0029199391324120235	0.005845323293022185	0.042555396028998875	0.0009497177912837345	0.05047104869639113	0.003403299797419699	0.01030850607375472	0.012723629981094524	0.007013594280032783	0.0016121836570963724	0.024600569208201233	0.0007586193095556276	0.003020597226631638	0.00898501502326661	5.260901416531873e-05	6.43285335554439e-05	0.013137435694440544	0.011282301098418332	0.0002455215061691323	0.0006808667532259681	0.001601949157417059	0.002978968942284233	3.682257913632183e-05	0.010370729607870286	0.005430045655678926	0.005452310134539361	0.008057482315324431	0.006692304123509426	0.0031525394999874423	0.015771852799427957	0.007875033697097803	0.017692820064242734	0.030348033812690533	0.007900648206041696	0.00449971005053337	0.0023345105079522446	0.01924425641598153	0.010307297982609112	0.014700572708069423	0.0019582269126289346
A[T>A]A	0.020833333333333332	0.18272425249169436	0.15555555555555556	0.16666666666666666	0.13125	0.1595744680851064	0.11650485436893204	0.11904761904761904	0.16971279373368145	0.13227513227513227	0.13675213675213677	0.125	0.13774104683195593	0.13333333333333333	0.17482517482517482	0.16184971098265896	0.15315315315315314	0.1875	0.0718954248366013	0.15841584158415842	0.1328125	0.02173003073475537	0.0872678403636541	0.019352474477268653	0.07534812841259218	0.015807548791240692	0.08231642915280318	0.09356578127639797	0.07424411561846435	0.04806982501344558	0.0015756406222575277	0.0009505014687200078	0.00648048513224386	0.0031901645030955965	0.007582804347765914	0.00412515109668558	0.007372966946413582	0.004645432590642511	0.004285588411454979	0.007558541095081275	0.004144082312671669	0.006208784152579193	0.0012949779484159277	0.005192322008939799	0.0048481366198180045	0.007429644585941962	0.005452398484546715	0.01056262097866554	0.002335974824975677	0.016914946232562816	0.00492517469739335	0.003823895050110809	0.0027476286908829912	0.0023222991492287647	0.006202269141743657	0.004593144627602634	0.006410321643245176	0.006497586175817844	0.007548738430366535	0.010691799812399651	0.005654480094718127	0.0070187602765860125	0.0006814508176493728	0.0021917444499977463	0.003142142355787709	0.056789798914992654	0.002895653643098913	0.0011042456628849006	0.005783834457922238	0.001080688694722932	0.00399137991873457	0.001113069838224975	0.03320239904666041	0.06439966447407817	0.09702533553797708	0.116954039664399	0.08418281028137073	0.0733821240412164	0.0698069187700535	0.09602961264206503	0.060748780525995236	0.07954241384367802	0.06755432108784983	0.10774459077941928	0.10606479673481803	0.13066567432248716	0.014549470479686195	0.059877512368386336	0.09823269125719586	0.0631000800778396	0.06960266190994442	0.044505219131050246	0.08951314034083428	0.0411223636887162	0.07049707721903212	0.07496077131265302	0.06079008866717666	0.042129666818892075	0.050498314148670675	0.01473452170051669	0.013978487102883543	0.006108796506802187	0.10167389340801061	0.035514955000622406	0.019131332110077583	0.200906891318258	0.09092855972857809	0.045087117507101114
A[T>A]C	0.0	0.03986710963455149	0.0	0.03333333333333333	0.05	0.0851063829787234	0.02912621359223301	0.07142857142857142	0.06527415143603134	0.07407407407407407	0.07692307692307693	0.028125	0.046831955922865015	0.10303030303030303	0.04895104895104895	0.046242774566473986	0.06306306306306306	0.057692307692307696	0.032679738562091505	0.039603960396039604	0.0234375	0.00015920738667247856	0.012532133873536353	0.01928815725232222	0.025181247425006673	0.0046699921527262695	0.021171449892774526	0.02291334726584456	0.018799725672122906	0.03409313421482825	0.002087985886503898	0.003509506593861283	0.0009509719229868186	0.0015555603552311113	0.001510351498207208	0.0011413500194166991	0.0013868782478275252	0.0016403225188759668	0.0029733937468822648	0.002578728981451407	0.0018656167995152414	0.0019119105019416603	0.0006870349198107669	0.0009254602326392129	0.0014965511634862547	0.0021549142184542386	0.004346849533689185	0.0013448118637283517	0.0007003481975098973	0.0029174670078631363	0.0001684133525473524	0.0020882111826863304	0.0011894394245941231	0.0010174403682638772	0.0019054977143804178	0.0002411427093125103	0.0015767975041272714	0.0018766897728292751	0.0015381253991524281	0.004278700895120277	0.002381314033748673	0.0017313932919683524	0.012227424965340896	0.005546705211913459	0.00650257202226227	0.0012141753130944816	0.00018649243133439503	0.00017541105940469087	0.011839720444672663	0.005167478019103093	0.00031066634087109076	0.011860995932120656	0.015807943228562008	0.04257604523913903	0.01689830077878575	0.03076151209396368	0.020393343296499167	0.011904035265745773	0.016917071650583815	0.014411277107389518	0.02893909228368321	0.038772793149960266	0.03246702753194513	0.01515695506524323	0.019037185926338022	0.04349649565977221	0.0034686282995870436	0.04441303769201332	0.017149509845402627	0.027357811101043517	0.03593429409949747	0.028459445058449735	0.029768887138346162	0.01733560340045728	0.024187403361298283	0.03118324144801261	0.0238794088289353	0.0019753328967173447	0.0011964743745172988	0.00353649458847173	0.003841988635357145	0.007895834779216187	0.000952555077651768	0.0009479586419526487	0.005074047260146951	0.0006881045194745858	0.001228937871944498	0.00027028648966709236
A[T>A]G	0.10416666666666667	0.12956810631229235	0.08888888888888889	0.1	0.13125	0.1702127659574468	0.1553398058252427	0.11904761904761904	0.09399477806788512	0.14814814814814814	0.10256410256410256	0.11875	0.1349862258953168	0.13333333333333333	0.17482517482517482	0.09248554913294797	0.0990990990990991	0.10576923076923077	0.09803921568627451	0.06930693069306931	0.1328125	0.00015376818958139375	0.03093164154680415	0.010659573005412277	0.005162834871609862	0.017230805560614595	0.024845714091279378	0.03619322806444913	0.042974079591507286	0.014595238578470136	0.001991168141819503	0.0023944224326014974	0.0026264175911480335	0.003054302418875544	0.0005610497778566574	0.0014995812028122722	0.0003715361126837394	0.0017274832664722817	0.0028489018570530635	0.0035867541605902214	0.001887503593896763	0.003562946126915122	5.484537177679934e-05	0.0016664432498675525	0.0017784078722836918	0.003055532039558646	0.002727901723949257	0.003737491536655286	0.0014422521933793806	0.01262833922606896	0.003138103178109535	0.0029357727086818	0.004683496423661118	0.0011293352704608943	0.002183983316042029	0.0023569251784437673	0.0017238478585141495	0.0033240702293275905	0.0020722082946730896	0.007764653125381569	0.0018580153583850013	0.006846399165799163	0.012173437079549177	0.005043849294737924	0.014036772821251285	0.01932533520510917	0.0014193560854697464	0.0175863166407748	0.03171331811115404	0.01273159821517029	0.0013188186223931217	0.030203705128093918	0.012072094295957937	0.03338192064535726	0.02698700265690857	0.026749245326402646	0.03583377594233992	0.03609718803991385	0.046464976843195525	0.029986181208889424	0.03724374271807345	0.04246221539344056	0.02076815051116399	0.021206064605945693	0.026360463388368935	0.0406361879677364	0.013534430051460416	0.03284170542565066	0.03952257628952711	0.03458957298146459	0.024138506739664	0.021466374127763237	0.03189773826729683	0.018425438676927704	0.041525268288996	0.03384941363240022	0.04142209089981502	0.0007183809922964347	0.000180088159205874	0.002472814839798047	0.0020515776455602907	0.006252330963494336	0.002287947335182869	0.0004987228494495432	0.00012416880561635436	0.0005345432800206529	0.0004139750122791099	0.0013710283100706994
A[T>A]T	0.0625	0.06312292358803986	0.044444444444444446	0.03333333333333333	0.0875	0.0425531914893617	0.019417475728155338	0.047619047619047616	0.044386422976501305	0.0582010582010582	0.07692307692307693	0.059375	0.03305785123966942	0.06666666666666667	0.04195804195804196	0.046242774566473986	0.018018018018018018	0.057692307692307696	0.09803921568627451	0.07920792079207921	0.0390625	0.01635726948030003	0.07321366237146305	0.005826349500924084	0.06651918562055859	0.04143194747510488	0.07229951599240163	0.10382803237051332	0.06347283605714253	0.06209182347886902	0.0055539247793070755	0.005650521120927788	0.0037669339059945434	0.006011485480364793	0.0022143920029038394	0.005507991035346721	0.0025142948226464755	0.0027800502655871864	0.00839053001942559	0.007415369242076013	0.004942729220337716	0.011966747549480579	0.017847040012539596	0.004823564916176543	0.0064611571727037735	0.006932495551969119	0.007375805860698343	0.005161433395887983	0.0013868393404921472	0.023109303184058985	0.004944911131233454	0.005739034963496415	0.005885089114595807	0.006031097633747648	0.005731620862696364	0.0048008730188345995	0.0032391646647743594	0.007991957265280042	0.005364816638464427	0.015075301059833792	0.011392126403157348	0.013843751047520461	0.006048198820209406	0.012451095815803035	0.015917113914803147	0.0015181679293272703	0.02523049358680356	0.0009813461347009179	0.01730162409821806	0.003130986483161705	0.035855513019295744	0.013871716942711394	0.03191415115133881	0.12688116983439132	0.1117181927802232	0.09916020170371061	0.10997396798171566	0.0774504219885862	0.09603172811475069	0.10159046719267124	0.11364065481150244	0.10023299535544479	0.11360849992302237	0.10158718197787428	0.1099571119340185	0.08138707224562705	0.03220125710307817	0.08081240115069496	0.0953811775825587	0.07733869236701327	0.09315664265690533	0.06356602912587385	0.08616415908519119	0.11909326793059631	0.07583827730921655	0.09214541280944907	0.09064393168007578	0.053282859584698014	0.02450145120245232	0.02173434137143704	0.014076896156549898	0.009999866432835711	0.0033239202257174558	0.002975234202357869	0.01926745725408511	0.024648169213760368	0.15743811362476062	0.14965509888705442
A[T>C]A	0.0	0.07308970099667775	0.044444444444444446	0.0	0.03125	0.02127659574468085	0.019417475728155338	0.047619047619047616	0.02610966057441253	0.026455026455026454	0.03418803418803419	0.034375	0.030303030303030304	0.04242424242424243	0.027972027972027972	0.05202312138728324	0.05405405405405406	0.038461538461538464	0.013071895424836602	0.0297029702970297	0.0234375	0.003986790308270626	0.012247936000077028	0.007000108915684691	0.006828114065584151	0.0018967898170437424	0.002507580358154008	0.021610102052769132	0.030939521890343817	0.025735204225526664	0.000109411517297087	0.001624219865137879	0.002203847647562634	0.0007278212938845389	0.0011551189872563955	0.00042102201136583065	0.0017218031384168815	0.0004852407520371533	0.003368425015142204	0.002314020972698897	0.0019330615563522187	0.0023165554428153396	0.002305070158882948	0.0012799044223082495	0.0029025575514290735	0.0012836120780397476	0.0035194224955942266	0.0009927025291226858	0.0004074818518025364	0.005943505051615175	0.0009754217003086528	0.0005621938347331706	0.0008463898117511484	3.701544896336942e-05	0.0008313911930978642	0.0005121216309331762	0.0023017593772952914	0.002180300931308736	0.0034438449440473908	0.003966214890594092	0.003345736097144109	0.0032934560381798	0.004689644331616613	0.03481205807298855	0.0025446795816143884	0.0010494585374265584	0.01649883779698824	0.027300060217131918	0.007272181761677418	0.024279006804246252	0.04390937801469439	0.0031823503854544804	0.0063642808512041765	0.010663802097487492	0.024595635214333476	0.009111556853446083	0.017034234185211713	0.011474816745986254	0.015112068547872672	0.02242738609460093	0.006197091539916024	0.013565764495589359	0.02293656170873576	0.02949300376343607	0.022172498508987906	0.006738830628796097	0.0028762455341675387	0.01165916379587668	0.021196006702773003	0.025839292267608723	0.026571137230180463	0.02161616789212678	0.022917367159695192	0.00940518510645996	0.026348051530691207	0.013898296920893297	0.026729757402126686	0.03472643388482152	0.015694302393625775	0.006681989024562941	0.007670457231425182	0.008060290209454863	0.00850501054336709	0.0007143040265228593	0.00013324410010945247	0.0008999742716357582	0.0005679754631000582	0.0013939567886402187
A[T>C]C	0.020833333333333332	0.009966777408637873	0.022222222222222223	0.0	0.0125	0.0	0.04854368932038835	0.0	0.03655352480417755	0.037037037037037035	0.05128205128205128	0.028125	0.030303030303030304	0.012121212121212121	0.006993006993006993	0.017341040462427744	0.05405405405405406	0.004807692307692308	0.026143790849673203	0.019801980198019802	0.015625	0.003793820076635424	0.01925103207480433	0.003311352940533029	0.009994860356708279	0.009430547193355874	0.006187072545673427	0.0029838116102878123	0.030189968766923966	0.008685624827163525	0.00025549786931318566	0.0012648961057430473	0.0006249019188850734	0.00015010998991695515	0.0011649989366615317	0.0007762600807238418	0.0006690092853588864	0.001192818796353446	0.0005300095873212544	0.0010248988600888849	0.0036065204337073224	0.001009142946762428	0.0017983501027648988	0.0003677818185345308	1.356215044093612e-05	0.001300673600698281	0.00013056061817540878	0.004534665136816804	0.00015203486467962825	0.0033740309220628797	0.0014784447727166773	0.000237620518845778	0.0012103789708090165	0.0004299380328648322	0.0010374080679550948	0.0008714015478412154	0.000474913902428553	0.000805583595977322	0.0002582021441005512	0.0018466931513830092	0.00049988172088658	0.005117334993754475	0.008794003882071048	0.0027488120700799863	0.002600819427172467	0.01155100460616498	0.017574038416831306	0.0026840864777808553	0.012782633065705047	0.005166368798274554	0.014305426623388767	0.008496914456347584	0.014630247313072121	0.01667307959230107	0.032775692821410796	0.0201287931792077	0.021761558179595804	0.022995489372007245	0.020345454900269747	0.043972942121813595	0.03618485443515374	0.03158402263788686	0.061244214731844375	0.02091115614428993	0.006599022038812438	0.011568985558694895	0.005815593090579695	0.017931172888174824	0.0032299875044848585	0.007654453094428766	0.0401254847181485	0.028384440889066814	0.01790662224681164	0.013470991295829132	0.04111351871590698	0.025037797551761252	0.027192163520312704	0.009235662393649655	0.019405716079068443	0.00081736121108012	0.0036768549717283334	0.010109694849641374	0.0010635142683822253	0.0012280271055689336	0.004936083417789677	0.001954647602965741	0.00015117524027226584	0.0003120325361514738
A[T>C]G	0.0625	0.023255813953488372	0.022222222222222223	0.1	0.075	0.05319148936170213	0.04854368932038835	0.0	0.06788511749347259	0.042328042328042326	0.042735042735042736	0.05625	0.05509641873278237	0.03636363636363636	0.04895104895104895	0.06936416184971098	0.09009009009009009	0.052884615384615384	0.0392156862745098	0.07920792079207921	0.046875	0.010167175319124417	0.0013270084688088938	0.0009724228994157766	0.03393931981847753	0.0023229260296332615	0.001280027867477114	0.023266940690817545	0.013526404800920745	0.019468396856354053	0.0005982473269903685	0.0001370149681647878	0.0012161647364829257	0.0011828314888021054	0.001931216401082201	0.0008021486296278975	0.0003641358524297669	0.0010943313693813428	0.00020763593779356778	0.003436758596341084	0.0013580526437643873	0.0026878649576784967	0.0036056166600489563	0.0006351811291362224	0.0014421166170683977	0.001292967024237478	0.0005286466528413365	0.0003737552203907063	0.00015857663288879083	0.004641713804356607	0.000562651511700833	0.0002265753729722218	2.5537827842433645e-05	4.3875579060564976e-05	0.000780168079756419	0.0032128998228950884	0.0006355661682988968	0.0008937051887465127	0.0007134058700880508	0.0036161714305160565	0.0005198364811199799	0.0028014880549186044	0.0009929887826938683	0.02929274094975435	0.006527234437565082	0.002300544229943038	0.009992212630945733	0.02143254958540788	0.012938490486749532	0.02391043431966918	0.014320435562044024	0.003298850000694279	0.006527924240392232	0.010893850053563539	0.012299451170326712	0.015568405072460722	0.015609007224861299	0.005761021273696475	0.009640300773631903	0.020597857538187464	0.00902603591561466	0.006002432721245586	0.010488536560035244	0.0043570056906134325	0.010264140788907757	0.007005861404119904	0.00198696561827137	0.003422960445812008	0.0012810607858521877	0.004424232755944622	0.007058949620408943	0.0013473434453698324	0.005688915938389165	0.018189626119910592	0.018211329702703984	0.016784625408920346	0.0059341666947006965	0.002063790597184267	0.014940407133134265	0.0008328851196501279	0.002063095721549001	0.007029319278128501	0.0008566143172230478	0.0014959003766035826	0.00012403322284985837	0.0004006716536360179	0.002152033452675333	0.0010905378074426999
A[T>C]T	0.0	0.009966777408637873	0.022222222222222223	0.0	0.03125	0.02127659574468085	0.019417475728155338	0.0	0.02349869451697128	0.0	0.008547008547008548	0.00625	0.013774104683195593	0.012121212121212121	0.006993006993006993	0.017341040462427744	0.02702702702702703	0.019230769230769232	0.013071895424836602	0.0	0.015625	0.00015080191977081452	0.022764217583792153	0.002537148401332959	0.008697839601130875	0.02341043238702619	0.019829832114033576	0.03280850490345758	0.032606879037519736	0.0478539684170824	0.0025204728265843506	0.0016046919726537053	0.0006822236468716094	0.0035202151031619396	0.0013660539914896333	0.0016373206714389878	0.0026786454665164248	0.00305861607677491	0.0013934686888271636	0.0017419926245452134	0.0013053500614510747	0.003959113095052038	0.00269384420385859	0.002709324216979916	0.0008606289931846671	0.0019138568949461237	0.0031758625771800522	0.0009863141999654824	0.0009084572951335669	0.020773405035477303	0.0014533399794988682	0.0022612504873817086	0.0007255931222089148	0.0004143626806196012	0.002187608482329775	0.0012829654294391416	0.0018810045906233106	0.0025186490618286325	0.003481796596186831	0.008054062985894696	0.002957415121539877	0.0070362605740275225	0.01918827039912823	0.023430933893464078	0.021957270424353605	0.010507490688955345	0.013796485990163945	0.008627955975435937	0.018437252065704016	0.030885615508450353	0.017639343652848843	0.001997595583774806	0.014993545220377824	0.02456319135614869	0.022321563468941458	0.02407104359374286	0.01989081233380219	0.040477085007025126	0.04263354543491514	0.012728740365007932	0.02795773924862314	0.018033649162392015	0.03292087806143354	0.03971256057824073	0.036944585754129025	0.038015040166018484	0.016827158010673818	0.012701966773259743	0.0380208050390332	0.03715029595628696	0.024396158840843687	0.038706819018420636	0.025791143292786894	0.011628669048764115	0.030501416735271195	0.023435009747453252	0.03892717660270472	0.09586990935072433	0.0644788549159819	0.007396575458197032	0.00929099045621676	0.008002592056577865	0.008005461057384197	0.0006021780629984543	0.002933926994655724	0.002257435694741105	0.0009105706695148971	0.0009984235240055477
A[T>G]A	0.020833333333333332	0.053156146179401995	0.022222222222222223	0.0	0.03125	0.02127659574468085	0.04854368932038835	0.023809523809523808	0.03655352480417755	0.042328042328042326	0.042735042735042736	0.028125	0.05234159779614325	0.01818181818181818	0.027972027972027972	0.028901734104046242	0.04504504504504504	0.04807692307692308	0.026143790849673203	0.019801980198019802	0.0234375	0.013958269299505485	0.00043238381174965696	0.0002468794991272896	0.00015240096658429713	0.0016543718179046964	0.0007950739075162553	0.0012303727397896997	0.006198504050260907	0.011576752628882955	0.0004701301634511359	0.0003721974747783511	4.902236207013366e-05	0.0002452523498409845	0.00012907036443819922	0.000450763603616917	1.9221624151869136e-05	0.0001657064952903214	8.181302896451825e-05	0.0002304026559916494	2.2577597474931994e-05	3.813283159430414e-05	0.00013939857418579472	0.0009533013923675106	1.4998921984362591e-05	0.00018664184700227328	0.00012727833385481235	1.708059149818061e-05	0.00015554612749102816	0.000365067725254424	0.00021249134857997376	2.748693478098869e-05	0.0012435381091600887	5.22557378178916e-05	0.0005326095758759898	2.0813322535878026e-05	0.00014843351113452702	0.00035852183091489076	0.00022971663922749213	0.0023481528877738783	0.001030330745957006	0.003914795022557576	0.006216593695104559	0.00026121397814366323	0.0024198052893762926	0.007532046727593284	0.010167259814606389	0.008432173873443586	0.011267335779359119	0.007078728519317377	0.0001500466428257731	0.005791100624050902	0.0017540277362543789	0.002640107575316368	0.005685462909285853	0.0009269568215977486	0.001060535717511989	0.006419737575265637	0.0001343036980947454	0.0031594746372336138	0.008745638451681172	0.004744860904989444	0.007030525872237198	0.005968102792043922	0.003908834521907041	0.004500228879608882	0.0002892800077882078	0.003289061743258706	0.0038569441044163703	0.009105512875895963	0.010378626109537131	0.003584148031066424	0.0028454821282049756	0.007860287799661844	0.01192220552455574	0.014785375980499718	0.002456317271590496	0.00936656317430038	0.004341689102256343	0.0014884211368723463	7.083724787346706e-05	0.015669525185820373	0.00767740438222768	0.0006728149253738553	0.00013946789255531077	0.0008912828789667892	0.0003967075098186666	0.00032187878595881647
A[T>G]C	0.0	0.019933554817275746	0.0	0.03333333333333333	0.01875	0.0	0.0	0.023809523809523808	0.013054830287206266	0.015873015873015872	0.02564102564102564	0.025	0.01928374655647383	0.01818181818181818	0.0	0.011560693641618497	0.018018018018018018	0.014423076923076924	0.0	0.0297029702970297	0.0234375	0.0001564735393218765	0.00646232768567941	0.026193251997557464	0.00390416014322415	6.001832603000188e-05	4.9660973733327174e-05	0.0031513555101801067	0.0013728684236441985	5.516874652587943e-05	0.0001075075335177821	0.00013435396186701584	1.1046578580856386e-05	2.798384204818975e-05	1.363742678227e-05	0.0004917576888193392	0.0003816249586039618	0.0001764614009076778	0.000528740679083398	1.0597255602619628e-05	2.1002279281529262e-05	0.00021955318011757024	0.00047248791950577784	0.0001392838683209289	0.0001252891220441121	0.0003417230933402688	0.0005634642822100821	1.824487335283e-05	1.2720937160938303e-05	1.7674386668749652e-05	0.000528036502729906	2.0967718489591662e-05	2.7264258262779603e-05	0.0004577090099608181	0.0007294908597881153	1.9966568293221226e-05	0.00015926428798682162	7.141000277960932e-05	0.0002362245820171431	0.0007711216467759281	0.0008802451389804138	0.0017737186779244372	0.006288539566700581	0.00024225569397868155	0.00010864630523859063	0.0008472552732048158	0.00015156737993262068	0.001954362909372145	0.002843429031549937	0.0034061664944522994	0.0009627024415004553	0.0013076913630623594	0.0010094399714166559	8.347007618579866e-05	0.002154621507239631	0.0013198031140163257	4.8873610912602404e-05	0.007813323570381637	0.0031254309600320562	0.001813848450720449	6.010283601058233e-05	0.0005600986211652671	4.893737863436404e-05	0.004437960197644504	4.885100085669989e-05	0.0010187793117198472	4.4486626232921085e-06	0.003378662104968121	0.0017124681904893881	7.14174308000483e-05	0.0023902125107483083	5.519091765393741e-05	0.001557719227018448	7.661161696925334e-05	0.0005234154197435639	0.006673839612047328	0.0022654756283922097	0.0020438066986975655	0.011341708403552215	0.0008461569429396051	0.00079895447977909	0.00396780002749971	0.000304232207276979	0.0006790026960765782	0.00014044654754520489	0.0002718992969747933	0.00026954521363741055	0.00013239812394967888
A[T>G]G	0.0625	0.04983388704318937	0.022222222222222223	0.06666666666666667	0.06875	0.06382978723404255	0.06796116504854369	0.07142857142857142	0.06005221932114883	0.042328042328042326	0.05128205128205128	0.05	0.05785123966942149	0.07272727272727272	0.04895104895104895	0.046242774566473986	0.08108108108108109	0.052884615384615384	0.032679738562091505	0.009900990099009901	0.03125	0.014334368493068066	0.009070781946349138	0.033531364663692845	0.007047537975121883	0.003200797653939084	0.018275913730910004	0.0033393748233367425	0.0004254158112600498	0.008905858180219228	0.0014682494717794385	0.0006416226781700214	0.0001313624563547791	0.00024895892531882804	0.00014583552291216558	0.0007994206655294243	0.0007005557829419822	0.0004487641252098641	0.00048626631631418585	0.0006266375482986805	0.00020484806632335597	0.0018188603407112561	0.0007357479293552652	0.000990292864429012	0.0011670513500811267	0.001084970507175123	0.0005345412633470067	0.000369393795063611	6.393507787441581e-05	0.00173273158665095	0.0009642008383320235	0.0005752326660488102	0.0017880053970329162	4.900786530945305e-05	6.516532139404216e-05	0.0004604355251269402	0.00015520924164727477	0.0009782076253965146	0.0002431705397625882	0.0036799632159310496	0.001381666822747004	0.0004970133419813426	0.0014809800420474066	0.00024775611594973594	0.002677585946468215	0.0020807876702044546	0.013499610231402477	0.012253433411664065	0.00013537915583750615	0.005134141973557673	0.008167931117304522	0.0033832994105858338	0.004443246090637784	0.006455967788370178	0.01029696166064734	0.000887888166655066	0.0056833381330952636	0.0044403587821332845	0.001194203291205923	0.003204939427628108	0.003565829379435046	0.0013273803255167188	0.00407652544648565	7.603149777323197e-05	0.01487825429335319	0.011517874503570957	0.0013302791625770876	0.008652751196407795	0.00841663801509161	0.0109841475156506	0.012837611853796655	0.0118132242715751	0.008396914559573592	0.005529832767291286	0.013658548201156575	0.008802549932884306	0.0074165489047748655	0.002021925966877971	0.00017615133404913876	0.0005568532855141141	0.002100122631377967	0.004731256731554388	0.0009670653478929837	0.0007948518285813822	0.013112945560768897	0.0003131059661248139	7.919721169550392e-05	0.0001724922651693343
A[T>G]T	0.0	0.03986710963455149	0.0	0.03333333333333333	0.025	0.02127659574468085	0.009708737864077669	0.0	0.028720626631853787	0.015873015873015872	0.02564102564102564	0.021875	0.030303030303030304	0.04242424242424243	0.03496503496503497	0.023121387283236993	0.009009009009009009	0.019230769230769232	0.013071895424836602	0.019801980198019802	0.046875	0.0037637388070707895	0.008832926328672063	0.007361635596882956	0.00016424807207204937	7.759273659912393e-05	0.008841523563328069	0.0084574974838619	0.02016601673794529	0.021570900561936005	0.000247325801749564	1.4311213905099572e-05	1.3847334448290664e-05	0.00028173940518220575	0.001545702944094284	1.9492610890635965e-05	0.00014768603008774548	0.0008292413552588656	0.0005097210934037123	0.0002733198990137025	0.0005408695150387863	0.0014735176280485235	0.0007626564164692173	0.00013434069470075557	0.0005641663657186527	0.0005116451053466583	0.0003033580432734831	0.0012579042682150266	0.00015536235800244107	0.00015264138514345645	0.0005818840640321816	2.2387202197707255e-05	0.0006845374747380411	0.0003180062007895639	0.0005091053006234399	0.00048391934085437963	0.0013451430682320984	0.0002967721611717597	2.234091872929534e-05	0.005059670598782597	0.002070413697638561	0.005560297174507957	0.000661024741211887	0.005901924721971517	0.0024945946347110838	0.0012279464497426322	0.0001656475583665	0.015172812601582611	0.007352593487952923	0.0018580636052509911	0.002949561327088054	0.0058264814570163775	0.0010428579767919805	0.004227461333720172	0.007837210783859926	0.0013547413211597828	0.007794613871829126	0.007959398510145694	0.0062998599776748045	0.012152800262828526	0.0014064153779124137	0.007560617743218425	0.002745324689304239	0.004522320498165683	0.005151198492919349	0.0026920115373640406	0.000112629183189308	0.0012568116209910473	0.015394997503034665	0.0005337120587052819	0.0003708194501204325	0.0035597767171932043	0.006246672138307234	7.953098867803684e-05	0.020780962948356418	0.012227356652117872	0.0180103448091472	0.020684705008738733	0.02892756806405352	0.000847827110051802	7.545844915179922e-05	0.010899575678454045	0.0031560603705188353	0.001048568952500827	0.002761239238700486	0.0004147942018448331	0.0011448274664805256	0.0013419412700969046
C[C>A]A	0.0	0.0033222591362126247	0.0	0.0	0.0	0.010638297872340425	0.0	0.0	0.0026109660574412533	0.0	0.0	0.0	0.0	0.006060606060606061	0.0	0.0	0.009009009009009009	0.0	0.0196078431372549	0.009900990099009901	0.0	0.0010764747189670881	0.0033218692136877826	0.0006450848867134262	0.00013196489170261974	7.02997962718884e-05	0.020055186987549902	0.0033131599800757363	0.0003152784025562263	0.00582405926989434	0.00027031141508115236	0.0003486677914445486	4.828922415074547e-05	2.3618792231115304e-05	0.00014443012156344228	0.0004642279721449175	0.0001611189423836936	0.0008631742921198136	2.1929398658527162e-05	0.0001169218244960515	0.0002872560882375715	0.000409504044002569	0.0017965639055026166	0.00014738208752760386	0.00012498366783002707	0.00022903416573753608	0.000552090258182026	0.0003740758324644326	0.0010850614804092204	1.8852419969274335e-05	0.0005662276490933844	2.2734684955433467e-05	0.0018889884650534702	4.479343678813472e-05	0.0005032127620595581	0.0005549980738993662	0.0001467361047931181	0.0005875059158060614	0.0011778354993306566	0.0007414841279361425	0.0013735053073837193	0.00010592007586788851	0.027853578811830215	0.018758884587694768	0.01126077751407895	0.019469171910446358	0.003912423714958471	0.01691185951569531	0.00038092418067549127	0.012794818781152245	0.0030482321257658197	0.036859453210895385	0.0004093479377015431	0.00010543730864234774	0.00032230362134659074	0.00022488987171062925	0.0015893402202580168	0.0017448097809855247	0.0021246034547286303	9.140643580669772e-05	0.001243316465415329	0.003462257584315677	0.00019950130882200322	0.0016674332922409362	0.005398827688011265	0.002616330097947783	0.0003453214544372172	0.0033646552810862596	0.010790311844680076	0.007754688639191148	0.007175699926389941	0.001365243011166689	0.003697232242257332	0.01361919808387639	0.002413519952926583	0.006196100776660137	0.0031000800421607812	0.002062795632863773	0.004561933622858283	0.002767640973320876	0.0007678860778209968	0.008579624100712594	0.0049734939333906025	0.007980434355397597	0.01857333754611409	0.016329695681393818	0.030645273922287605	0.038527312208506824
C[C>A]C	0.0	0.0	0.0	0.0	0.0	0.0	0.0	0.023809523809523808	0.0	0.0	0.0	0.0	0.0	0.0	0.0	0.0	0.0	0.0	0.0	0.0	0.0	0.00015106780810986766	0.00016021841206270807	0.0003869300331282366	0.00017471088684190619	8.715317794423324e-06	0.0013233890835939953	0.0013007147887485486	6.838143074230971e-05	0.0020337662660524507	0.00010628327296983799	1.5030034536232003e-05	1.4877202151787965e-05	2.3894685114576218e-05	1.1558418103306097e-05	1.8915561467436835e-05	0.00015080667130806287	1.651958234739378e-05	0.000526414446829348	1.0901674612047532e-05	2.092693744742248e-05	8.40490559599652e-05	0.001189210382779585	0.00014125808985630185	1.5504378230269786e-05	7.43492293177216e-05	0.00011842415008714363	0.00013977360238369782	0.00038789787425753513	5.218868910960446e-05	0.00021853430464789284	0.0010408499585798689	3.076087299639867e-05	5.0783403951007374e-05	0.0001193574167976566	0.00018196368414184565	0.0012882337396377494	2.7528529274185492e-05	3.0208227877916003e-05	8.937081390873978e-06	2.0885856299535688e-05	0.0005038311242018163	0.011149761435059283	0.019086637043180782	0.00038439683678668146	0.006281882510419497	0.003624996256021119	0.004595779782337581	0.0316658688435692	0.010760499605387762	0.005569991517969664	0.015525631395935373	0.0009577960989836242	8.811540136767744e-05	0.002048893372907921	0.0038186770733043833	5.1998082287776805e-05	7.064148563352949e-05	0.003202997794340234	0.0018483353410555451	6.168098706652996e-05	5.750139081972163e-05	0.0015291826032504579	5.823650470557573e-05	0.0011719155753109852	4.843287626068457e-05	4.046475020176352e-05	0.00563820851804228	0.001338984382601084	7.727437698307503e-05	3.332430784857222e-05	5.396624877860251e-05	0.0002476423798792637	7.10727899006024e-05	3.7454778824667726e-05	0.0018661935548054183	0.0015872632959948087	8.603535862562057e-05	0.011596885403168564	0.0017953860914988217	0.0008380283798985286	0.013585179240152892	0.0010081925809955128	0.0004290453882297459	0.12224566266184458	0.0005543322392890953	0.00041615513029413163	0.001160748465728361
C[C>A]G	0.0	0.0	0.0	0.0	0.0	0.0	0.0	0.0	0.0	0.0	0.0	0.0	0.0	0.0	0.0	0.0	0.0	0.0	0.013071895424836602	0.009900990099009901	0.0	0.0001558908477094372	0.0034900879663251807	0.022541655713283044	0.0001550611749855007	8.346521873771087e-06	0.002906213622120365	3.8547075690606244e-05	0.0003772859599257144	0.0004029205053100205	0.00010223765972064365	0.0006204785011344228	0.00013088034882635115	3.1338200550556465e-05	0.0008883966480435642	1.7604778654084325e-05	0.00015012535933945032	4.857935193846835e-05	0.0001999331050057445	0.00040221556702561644	2.3052618828479188e-05	7.930641180699728e-05	0.0002620807400358236	0.00012528260214974798	1.4513549091801756e-05	7.843238690765479e-06	1.3082322733431303e-05	0.00015512259823207314	0.00018063121138906074	1.791831916794934e-05	7.293841003716199e-05	2.1037497555180937e-05	2.7525556286419386e-05	0.0004384396643521689	1.1769496910340405e-05	2.172432548267269e-05	0.001000053760049397	2.807486890009903e-05	2.685445473282954e-05	8.629106112004145e-05	2.236550147683218e-05	1.844923621494834e-05	0.016330126521970616	0.006073722427419479	0.0064517823628489485	0.0007108782791038703	0.00994152235427189	0.000666226796323946	0.00010930071786201216	0.0011313684989383325	0.014226921266618538	0.03433269317894741	4.057224670036366e-05	0.00010110005826988209	0.002270464125314552	0.00025475268270420883	4.294765537504116e-05	7.106544948036516e-05	0.0005265876600918604	0.0017818662533512263	0.0012879392523668584	5.921181364357657e-05	0.004192533044925111	6.431004087511582e-05	4.200957117513524e-05	0.0010905274228978064	4.836464633045986e-06	0.00015309862668046114	0.004575996993588922	0.0006233079306165027	3.9098551080496615e-05	4.984574590449117e-05	0.0015736254836209646	7.902408824921945e-05	0.0003732475140045502	7.308887497385189e-05	0.0016109222260721804	8.14754330820688e-05	0.007394619559380284	0.0008306037820820018	8.647314182244427e-05	0.00520630245419212	0.0021560808810348335	0.0007344022397147401	0.022811094708954056	0.0007035590025764925	0.001037796198993872	0.0004270043397946202
C[C>A]T	0.020833333333333332	0.0	0.0	0.0	0.00625	0.0	0.0	0.0	0.0	0.0	0.0	0.0	0.0	0.0	0.0	0.005780346820809248	0.0	0.0	0.006535947712418301	0.0	0.0	0.00014029817920762906	0.00014340809057954433	0.0015931449635766088	0.00015640930511484367	8.76078827397567e-06	0.003529542210529144	5.2972636536480664e-05	0.0013878353504300223	0.0019006573852213776	9.969620456786478e-06	0.0003678815329728002	0.0003356644004768277	3.042572008520583e-05	1.4609014953533742e-05	0.0004454750094744538	1.9256337460285122e-05	2.0597421566320917e-05	0.00022781149777487497	9.300847174368989e-05	1.9876789895549516e-05	1.1359351013588115e-05	0.00993669145129211	4.7057892028336546e-05	0.00012912541671677248	0.0003410574836241443	0.00032169612399851	0.00037949713970983107	1.4290288811655603e-05	1.5173606982967295e-05	2.38727090476823e-05	2.436710763581052e-05	0.0006911838068419646	4.271443459201519e-05	0.0002721535595167446	2.376302211810745e-05	1.448326869198257e-05	0.000240011416846744	2.2799176407935775e-05	9.121295899972381e-06	0.00020800494312457697	0.0005082240745112963	0.008973786779042843	0.018804559680289854	0.006512133324178061	0.001591754969669823	0.009875553012907995	0.008428600023603747	0.007557528817429046	0.003582593384484591	0.014317479737637242	0.022311790109700816	4.553670293815913e-05	0.00011835977873318484	0.0023730480439856467	0.0012453618883371753	0.0005033022978525963	0.0016240110792550516	4.9882522726466836e-05	0.001900748116024041	0.00364134849200341	0.0013433389552924284	0.004134562109198515	0.001643501181409512	5.572108630693441e-05	0.006942258428603362	0.00011015911444951206	0.0013126163255517411	0.0033506100226310255	0.001692049020481462	0.004988000381674568	0.0012591714704192237	0.0028178636112260154	0.0021203710914504187	0.0032908742496974832	0.000731827279676778	0.000883874604540226	7.162690540197714e-05	0.004297158939771181	0.0025219976835069956	0.0021031330458495326	0.0026144097120639784	0.00024727978952175173	0.0006372550203261557	0.20697820491194888	0.00017261138085940863	0.00013769058506018692	0.00017544925686701948
C[C>G]A	0.0	0.0	0.0	0.0	0.0	0.0	0.009708737864077669	0.023809523809523808	0.0	0.0	0.0	0.0	0.0	0.0	0.0	0.0	0.0	0.0	0.0	0.0	0.0	0.00019260494364545797	0.005963901542686259	0.0015845175123559787	0.003751625029887919	0.00017965378637010407	4.951976136551448e-05	0.001195084844466567	0.0013843425825692702	5.2613413743408735e-05	1.119004868328038e-05	1.398594120701327e-05	0.00013462020636783445	0.0002391915424056702	0.00013133906414194494	0.00017274185993910592	1.575544738429558e-05	0.0001880763749700015	1.9613080216919407e-05	8.859753870418291e-05	2.1394323985406193e-05	0.0003958527446712187	0.00013876820262923674	1.4703003063177175e-05	1.1477197847242882e-05	0.0001879003082633252	1.4855565949496264e-05	0.00013795496388879544	1.2269625661896221e-05	0.0003814400202994939	0.0002508184497100965	0.00022753893336505566	3.1716664928232726e-05	4.3265820787324744e-05	0.00011061672051082779	2.1472514699243977e-05	0.0001123067576712319	2.8434771017777925e-05	2.4812245622648264e-05	0.00021451881949686668	2.4573216547144982e-05	0.00019771040866653903	0.03138775154592178	0.0006354248464565238	0.0023978735064278437	0.007378457186322315	0.0038152333530760067	0.00018188889962747503	0.013218815846976971	0.0008230983147788875	0.02728816574958468	0.0089242860882078	4.118055381321373e-05	0.00011264426518911825	0.0008268142255198944	0.00014119073137732624	0.00012500529396389546	5.914229800276554e-05	4.6038082219572454e-05	0.0018978425520289814	6.155563737048342e-05	4.8115277061376875e-05	6.503735908232e-05	7.512917895558946e-05	0.0012193110796768825	4.386891147777273e-05	0.0002889091839784569	0.0012943406732347912	0.0001393021212927102	0.0043269266512667975	2.9644762874849296e-05	0.0013772783087441886	0.0010392440375062712	7.550292932337082e-05	0.0003949949019005802	6.580436113822852e-05	0.0008873094531981451	0.0019018353665671223	0.004420107736125091	0.0015141793944570292	7.478595703545088e-05	0.0036981226712563993	0.0007540009076400045	0.0010348152144946038	0.00010895817459643582	0.0002674137909121713	0.00015323176067107193	0.0003507173732794052
C[C>G]C	0.020833333333333332	0.0	0.0	0.0	0.0	0.0	0.0	0.0	0.0	0.0	0.0	0.0	0.0	0.0	0.0	0.0	0.0	0.004807692307692308	0.0	0.0	0.0	0.0001622771268264483	0.00013758674424777466	0.004322527659863826	0.00016057113802203998	7.107704913294287e-06	6.5132406764852e-05	4.953783379832024e-05	0.0013568249726526674	6.019506858621393e-05	1.1968938643231994e-05	0.00035552994905528655	0.0001280814320392184	2.9343751390057335e-05	0.0001223957821218815	0.00017801539212905257	0.00014818688580761958	0.0001771761043860367	1.9844240628035833e-05	8.181450033814182e-05	2.0530972550172227e-05	3.218726321460739e-05	1.301669348016049e-05	0.00014327022404091958	1.4082423915178693e-05	7.663906910212451e-06	1.1414207948755442e-05	1.2629753395922475e-05	1.788570272874516e-05	1.6258796214776097e-05	2.2201430477646364e-05	2.026037483297828e-05	2.4386594873375833e-05	4.3598904415387056e-05	0.00010649812177978756	2.321813461786765e-05	1.689242706042486e-05	7.73317462510778e-06	2.4441658199317724e-05	8.561767041612406e-06	2.2027107418096717e-05	0.0005107945307541616	0.0001478745305240268	0.009314821810714632	0.0009430838762479289	0.0029874317172574488	0.00014486785164845295	0.00021778772200235376	0.007274257622699612	0.0007770215922895736	0.000109393219548355	0.0001535915859309856	0.00038141217294561	0.00011179918839875996	0.0020962649948233843	0.00013289052239508748	4.30555850516982e-05	7.11115784312513e-05	5.4477345463222726e-05	0.001862175201157834	5.456773760544591e-05	0.0013150536923608978	6.396835158652867e-05	6.504119069920209e-05	0.0020698863329897854	3.8408288250372426e-05	5.5077849645338596e-06	0.0001529233351296376	4.5888498986479664e-05	6.15995204312476e-05	4.185230825892172e-05	5.3191340648838415e-05	0.0006273530548685148	7.245085044255767e-05	0.0009281910252730071	7.460286166906187e-05	3.387582765816585e-05	0.0019845702574720274	0.00019531780440811003	0.0008254135307117609	0.0007365036075110391	0.004318926838838596	0.0008300133127241904	0.0002933121532159989	0.0001095076548845665	0.00021156722271824957	8.656287146892963e-05	0.0001497931691786001
C[C>G]G	0.0	0.0	0.0	0.0	0.0	0.0	0.0	0.0	0.0	0.0	0.0	0.00625	0.0	0.0	0.0	0.0	0.0	0.0	0.0	0.0	0.015625	0.00015802984265854918	0.0001352946748312178	0.00017788251085911155	0.00014803144186928852	0.0003482204935121138	0.0073175548719208085	5.223795107134302e-05	0.0013770461227642513	4.730341911703542e-05	9.368778466667944e-06	0.0003638761801727553	1.4452648177343592e-05	2.7874282414302567e-05	0.00014689393885674914	0.0001729260958776863	1.9065548563777632e-05	1.9673354500254207e-05	1.877441648075956e-05	8.713784913214265e-06	0.0005470464374071507	9.460378874718709e-05	1.6445414090861877e-05	1.455993241293966e-05	1.471314224194684e-05	7.067189653675173e-05	1.634033659712096e-05	0.0001494196627089988	1.4549434177167622e-05	1.46037870311509e-05	2.3977515460397484e-05	2.1937914924875367e-05	3.1424380526303714e-05	0.00040912128428329707	1.2630840525922991e-05	2.165864360055597e-05	1.3758568684932832e-05	0.00011311380283209902	0.0002406056255465217	7.505243562951902e-05	2.0626584733414465e-05	1.7886520173938118e-05	0.015620789529015302	0.0002377388104673219	0.00011177566331733935	0.003099774947744425	0.0001446354877759517	0.0048549998353942594	0.00013653670999284	0.00891043998686756	0.0012620585417153273	0.0033946541271375474	4.005600424230667e-05	9.56963872257793e-05	0.00011359977747840365	0.00017315112602883258	0.00048772193025330076	8.418621407273203e-05	4.573730016573541e-05	7.730537317251716e-05	0.001380043500427115	0.003414001263830498	8.373384943442806e-05	7.011965148522442e-05	0.0012085684429065085	4.437362554135092e-05	4.0522157290487e-05	0.0013032960760124173	0.0012384507648557496	0.0006689895557865753	3.8725740522355275e-05	0.0035555663504764474	0.00025157375873034374	9.271779607047491e-05	0.0016341305550982288	0.0006524463420155232	0.000875792736104516	9.126771854153028e-05	0.0002045313019637683	0.0008317713603168214	7.294581522287396e-05	0.022112076702056616	0.0005381687159559373	0.000708963388283976	0.010432072984490398	0.00037049650825229274	0.0003748656944919546	0.001319332934356842
C[C>G]T	0.0	0.0	0.0	0.0	0.0	0.0	0.0	0.0	0.0	0.0	0.008547008547008548	0.0	0.0	0.0	0.0	0.0	0.0	0.0	0.0	0.0	0.0	0.00016516402682961788	0.00013090583558299386	0.00019872682629577874	0.003816583780443365	8.380829716363765e-06	5.579874060758735e-05	5.545946325670436e-05	5.034436130474772e-05	0.0013683375453644702	1.1261012411741734e-05	1.3868253973509697e-05	1.6520093465724636e-05	2.9409549389269493e-05	1.2524400152224402e-05	0.00018820696783381955	1.6247476521398094e-05	6.534383235234117e-05	0.0002278713751056962	9.773611382960168e-06	2.1963471105293295e-05	7.696935603183236e-06	1.4312437727901175e-05	1.2768883140659642e-05	1.2392856784875688e-05	8.577265999329062e-06	1.1982594439504954e-05	0.00035154546547969026	1.7257652528448177e-05	1.597731388904304e-05	2.020404037525635e-05	2.8089578835946946e-05	2.763366799433412e-05	4.051730457659688e-05	0.00010227842197799484	0.00047674809727164314	1.701973582593884e-05	2.7437113033027144e-05	0.0002430634992752121	8.97993224550718e-06	1.956527477526559e-05	0.0005257131870859742	0.0014235673663789605	0.0003212969620245014	0.002512469333952681	0.0003116401705847141	0.00015241550628638522	0.00039190330326419867	0.007475839745895042	0.00016261410873058397	0.000143919380942518	0.00013394951952503913	0.0003810104307958348	9.571487277348663e-05	9.634404680087325e-05	0.00014063626814200716	5.531373754252606e-05	6.648208642259165e-05	5.166241238441476e-05	7.501941050721705e-05	5.772330947525349e-05	5.128041390580541e-05	6.6732095620482e-05	6.602802601682087e-05	4.766761756367716e-05	4.002906292794617e-05	4.140379189804029e-05	0.0013084109059362384	6.013017273749745e-05	0.000598165199206264	3.297098290983673e-05	5.746165568730638e-05	0.000244188136748274	7.792608981577279e-05	4.1054926133915716e-05	0.0006570867944129225	0.0031435596889233574	0.0021039930520526983	0.00021042215604649334	0.00208890270517402	0.0007639483944202429	0.00450384191726259	0.0004781659445705703	0.0006732821086961692	0.0027629856267174812	0.0002588454384280934	0.00027740357156583623	0.00039126824599415545
C[C>T]A	0.0	0.0	0.0	0.0	0.00625	0.0	0.0	0.0	0.0	0.005291005291005291	0.008547008547008548	0.0	0.0	0.0	0.0	0.0	0.0	0.0	0.0	0.0	0.0	0.00475296330993654	0.012194340315726547	0.007244792701756869	0.00015933411597960495	0.00013514893084822644	0.001364365879819615	4.607585657463847e-05	0.0012926605216475732	0.00042158504803182096	0.03681125697443292	0.05353896269602091	0.042735573925351225	0.0478617417728497	0.050155613040473015	0.0320893467906474	0.048298040649017354	0.034589724977379305	0.03991169767750961	0.04612987818364848	0.051161509252075445	0.04691204613568757	0.032775871954775965	0.03912014889100395	0.03567686911168675	0.050386688337793	0.04756260070992954	0.04526177484373517	0.03859680093258396	0.03380312153039769	0.050010230795651534	0.04768438301998846	0.043390727042491264	0.04007959129930602	0.04814282110871672	0.036634758770686116	0.0522746812565423	0.04568130903002887	0.05067082765476786	0.058862306553483554	0.05703705677061466	0.053906032131385416	0.007494053672961972	0.002347041616593512	0.026552094063628642	0.024618818022640918	0.0023782657108519074	0.012106764338727047	0.0250140580612653	0.0012572338885244742	0.03533942143271782	0.0010947336485818981	0.024646941454894676	0.0024225604858587025	0.003952484483873423	0.0021885792418525063	0.0005990529237633348	0.001727434077071861	0.00031114630741814464	0.0008871772017896916	0.001326152959982639	5.070290039281011e-05	0.00397199195626676	0.004686841615540409	0.003103409563403877	0.00926189644082099	0.00015145439815266479	0.00011393982075592547	9.432480646551573e-05	0.009934534742306768	0.0026778850964299023	0.016855368775323083	0.004815618936394415	0.0054692335448642895	8.229290034289113e-05	0.00022330968027473857	0.00047278709517389357	0.035623815332742406	0.06467718930820106	0.04042796790438023	0.0625670695092853	0.007203986290036053	0.0012640837804343853	0.0006932103025011497	0.012855221025613364	0.00039326399850386995	0.000584284681245042	0.0004588291644421407
C[C>T]C	0.0	0.0	0.0	0.0	0.0	0.0	0.0	0.023809523809523808	0.0	0.005291005291005291	0.008547008547008548	0.0	0.0027548209366391185	0.0	0.0	0.0	0.0	0.0	0.0	0.0	0.0	0.01419948291555424	0.009079123325821066	0.0007353348065600241	0.0001340792743474714	8.864995075788651e-06	4.7538765654465615e-05	5.282125299533169e-05	0.003431225221197909	5.5533485448114045e-05	0.06425798217692155	0.06406129198801487	0.060150897946855214	0.06462871486051212	0.058788007899976645	0.07176187844748755	0.06242462552125311	0.059335498539948635	0.06114473491434709	0.05803087759147974	0.06713625173379736	0.05606484770627452	0.05535117020627154	0.057680657982550315	0.0529012407042696	0.06287198206801564	0.05788280616154004	0.04870717744546304	0.05926823546444387	0.03836514408970681	0.04555553224112472	0.06845136931388417	0.07948374524517363	0.054980862778748384	0.05857284410451568	0.05661984295283644	0.05999260123014182	0.062305776915607555	0.048432208658138465	0.04369564220535168	0.04942492762503388	0.0353261496868121	0.016533049312470335	0.013585972468044136	0.016686592178987866	0.016890956105519613	0.020864764416061995	0.00504252700069239	0.007468675736006206	0.006886718178493029	0.005605307989364384	0.001827305652654582	0.040061471344760576	0.0026113381646239893	8.610398079647865e-05	0.00015777320192467113	0.004385251830089093	0.004274206661939276	5.5101319944421976e-05	0.004969299639255349	5.4612007698883325e-05	0.0013765215565684768	0.0041153303351401825	0.0043666134995044665	0.0011671531412635152	0.0009930907629992836	4.390777623766569e-05	0.0001504613189057336	0.0012774519457853426	0.0006703936377799473	0.0009126842887735259	0.00032637672215933165	0.0023038263472786127	0.0055587003003493415	0.00040219925287191384	0.0007637138472580824	0.0003738508356801819	0.025809313152381635	0.049694269673861396	0.034134607917311335	0.04673062720376384	0.00879179254654491	0.002198155827769232	0.0007006854701005962	0.007655117370254856	0.000978068094133211	0.0004015023995305236	0.0003250562765374238
C[C>T]G	0.020833333333333332	0.0	0.0	0.0	0.0	0.0	0.0	0.0	0.0	0.0	0.0	0.00625	0.0	0.0	0.0	0.0	0.009009009009009009	0.0	0.0	0.0	0.0	0.00016368227456969764	0.006108512256620301	0.001469501825176846	0.002733561850102192	7.234849858302944e-06	5.326141871285049e-05	0.0012181380046024108	0.001592540642548815	0.001879072097560413	0.04129345276985111	0.04199691550710385	0.04225492680809442	0.05164162368749015	0.044913533875427326	0.028775547646588868	0.035254137069090835	0.03684523540169985	0.04388283442721576	0.03704561223939739	0.04447043727534979	0.03773463905197973	0.024848690619679637	0.05042941433640496	0.04016056330208986	0.0366422560861447	0.0370867728815058	0.0471701674564431	0.037211177013345545	0.02165372443536377	0.033861750612637256	0.039536136480100056	0.04828662490847862	0.04256593202837685	0.034687819184205756	0.033706090664674074	0.031131349212928105	0.035758537081872425	0.03338312648105813	0.049345946778100495	0.05747853577192107	0.04012069206421961	0.01569720117984504	0.01886514997212353	0.002476570030930069	0.04264756855818506	0.0036999858491259317	0.008307421440146694	0.02217993507790987	0.021606339694636715	0.0013208282976470713	0.00038878542757010687	0.037426573265784586	0.0008716059576235574	9.77057929236797e-05	0.001365804054504407	0.0004954735251656415	7.649154191184302e-05	0.005737584764974457	8.522660963739325e-05	0.0013868580183823247	0.003462291809569426	0.0014742225808082312	0.0017111524896633891	4.560170365337518e-05	0.0007328438129375412	0.00018818047388599992	0.00014766600383206267	0.0012350234113049068	0.0029569804619367594	0.0023288447378839146	0.006060442116293817	0.002831499017910717	0.0020629730082021578	0.0009066177216383969	7.635328085998221e-05	0.003144762262959194	0.006983525369648766	0.011686486493550132	0.017452351975532313	0.041050127365384124	0.009313718913482594	0.0011430064487792594	0.0008846324215186432	0.0030358636251119763	0.0005082364220335697	0.0007865075637875197	0.0003259255902270376
C[C>T]T	0.0	0.0	0.0	0.03333333333333333	0.0	0.0	0.0	0.0	0.0	0.0	0.008547008547008548	0.00625	0.0	0.0	0.0	0.005780346820809248	0.0	0.0	0.006535947712418301	0.0	0.0	0.006795884488916365	0.003487915076736814	0.000424727098347759	0.004183779172129312	0.0003368402592815346	0.00023022552276500348	0.00010113622788829346	0.008991309652366667	0.0030741991427326214	0.044658788590730567	0.04299825094149343	0.05373888230348753	0.03388766695964915	0.05027716562165443	0.049259877665276675	0.042621837513839335	0.04266244220782643	0.04733190393791554	0.04402622104088973	0.04474842540965772	0.048489004575360935	0.04938832120347162	0.04778987156670429	0.05315533594279354	0.04786699118331326	0.05182132606517152	0.0495937835875369	0.045415607168128376	0.03488533149773605	0.04254134597782876	0.05206672515877462	0.05106877634430225	0.04534338191667323	0.04509465682413001	0.05245399788818923	0.05266754137661401	0.04843203173360251	0.04605925309129743	0.049654626206725415	0.06039425650688883	0.047288653435573896	0.00040506316281230964	0.003039645753534301	0.01548951077269879	0.0037083159015485916	0.00017261291121185713	0.0004897338825237016	0.012902241631378786	0.00022987245467245179	0.011063482896790159	0.001836779051840328	0.05179976132660172	0.0025631192547921006	0.005893860961430713	0.00024026562443430562	0.00825611417696432	0.0007900483772800838	0.007056998722845353	0.004846701281134335	0.0013684690419670804	0.005954642008924975	6.670356478014485e-05	7.334129890448584e-05	0.000317318962447973	4.350107750050655e-05	4.68748950212123e-06	0.003386989014384864	0.0012547709801434626	0.00957852819359054	0.005218585122718413	0.0035750752652301265	0.0021693322100544577	0.0020475003081911755	0.0023757020854211193	0.00318676934527428	0.001674532578286442	0.022706771648524693	0.04362210496929982	0.0371237572944282	0.037095469370828006	0.005085228541813175	0.0030362326128276626	0.003290568947223466	0.007380512438449344	0.0068696646651862404	0.007001427999891234	0.047506708346596135
C[T>A]A	0.0	0.009966777408637873	0.044444444444444446	0.0	0.0	0.010638297872340425	0.0	0.0	0.005221932114882507	0.0	0.02564102564102564	0.0	0.008264462809917356	0.006060606060606061	0.0	0.005780346820809248	0.0	0.004807692307692308	0.006535947712418301	0.0	0.015625	0.12474887210101815	0.023061637756056016	0.010462788691053387	0.00956591661696318	0.045832208103893816	0.033053538093618724	0.008272590647012697	0.00907560324641616	0.0072064678098432275	0.0012345367390775254	0.00013895430823261047	0.0008891048154115413	0.00066309999832806	0.0011947581001019313	0.000773614448686996	0.0014027674537965816	0.00019296117218303604	0.0028663267565937956	0.00023738179320558834	0.0013817056356467408	0.0014801555861663472	0.0001408151371554864	0.00013400071297284876	0.0011768928309549098	0.0010790557058863845	0.0005393589288289315	0.0025010205710436426	0.0010442077637852396	0.02476953628477045	0.0005158097618828468	0.00021763457597641454	0.0006859324200430243	4.533746860775844e-05	0.00029760041672937326	0.0005073672737981179	0.0010366110897299559	0.0007548553913659222	0.00023737740591112512	0.0021849212703491582	0.0028671389626727536	0.006750100324566634	0.0002792389734792711	0.0020121281046293214	0.002420884308391624	0.0003127268993291082	0.017182210814624555	0.004747175288234088	0.0027835398434637847	0.005087001755465323	0.0031772120441028572	0.003393830601581205	0.006516372760144186	0.010865166452680305	0.02004759912440814	0.004088230761451265	0.009580069614817928	0.022816486111324856	0.021477234681202644	0.0013931595901806875	0.0016820611770142645	0.01661718031899332	0.0058043207133716265	0.015417189060769648	0.02625199177403238	0.024124432194670645	0.0457606645594019	0.029129594359108984	0.015605379565915093	0.014085820894163388	0.037523420072549024	0.01500582228219294	0.01783976035568884	0.022917663930287425	0.01572824812648619	0.012660955658555776	0.01411277053654735	0.0054826600630959454	0.00018790826709486796	0.0028489241624703792	8.80911389978243e-05	0.0054652507497839516	0.0037384386254691723	0.001948141500368861	0.002753304038214161	0.000392459769895911	0.0014732558529825296	0.00032502412343514154
C[T>A]C	0.0	0.0	0.0	0.0	0.0	0.0	0.0	0.0	0.0026109660574412533	0.0	0.0	0.0	0.0	0.0	0.0	0.0	0.0	0.0	0.0	0.0	0.0	0.006967972474686848	0.005938870782502166	0.00041745436726959407	0.0066663599827832725	0.013512099830284504	0.0034897101121671484	0.007023311712625945	0.0013866429284028782	0.02117649702786984	0.00025220356213974637	0.00038767267292306654	0.0005867491286785079	0.0002730666644349635	0.00017815498959131688	0.0007846479761708102	1.8060745762852957e-05	0.0004689967459762652	0.0009278817338842762	0.0008282925457188353	0.00021134356209640408	0.001266549391385361	2.181732055788929e-05	5.8059166106938406e-05	0.00032279920444979474	7.220272411995628e-06	0.00030141535765902596	0.0001444995730662753	1.4478790874096028e-05	0.011731522875798872	0.000981910745463154	1.8555783672815227e-05	2.7389678490264977e-05	4.65305989806644e-05	1.4920194900935764e-05	1.9137447788326397e-05	0.00015158253293533056	0.00036944610925204274	2.6011917031388677e-05	0.0011899599837831667	0.0005013360780104006	0.0013401167216278947	0.003487166031352161	0.0004770583490086617	0.00010477973842847687	0.007414548448314162	0.010146568370092547	0.0033733316321595546	0.002890905098728925	0.01183325576472265	0.0029771295174742256	0.01566691011602862	0.003382491553797618	0.002423944400845656	0.0011542061157564405	0.003446818054128834	0.007053439061658393	0.0045499479169739615	0.009768231885869144	0.005051858893360071	0.00754267136649784	0.001318271000489466	0.012051428536057791	0.007605833254621262	0.003165659654920309	0.0010607013857254633	0.008154652153430005	0.0057004901719991145	0.00973473892266357	0.0006201946443845283	0.010121190753267567	0.0012777704460167636	0.009931903835349065	0.013464520951236255	0.00508645474226501	0.0018980662923771398	0.006230412581677696	8.795269300470083e-05	0.004380543586585079	0.0011296499950437773	8.870092873341435e-05	0.016739890458394826	0.0014857750472005904	0.0006917064178948711	0.002796156734437823	0.0003518475987557106	0.0006629885569977006	0.0008888684774351886
C[T>A]G	0.020833333333333332	0.0	0.022222222222222223	0.0	0.00625	0.0	0.0	0.0	0.0	0.0	0.0	0.003125	0.0	0.0	0.0	0.0	0.0	0.0	0.0	0.009900990099009901	0.0078125	0.0588905231236411	0.015396902931243184	0.015331911957165998	0.00015137747272737565	0.048105025589171936	0.016131776283858507	0.010980949871520271	0.0013622115174329117	0.016263749023789437	0.0009472540869239306	0.00013186746051787576	0.0008438029961332845	0.0002659100727717878	0.0012271533205721007	0.0011671700527856378	0.0001411208489475658	0.000780147106407784	9.07521152416135e-05	0.0010650021717731903	0.0005609400834962088	0.0019095269989889538	1.2280027552838486e-05	0.0001529862498139608	0.0008739727213237122	0.0014673255620687423	0.0011036012354267955	0.0009754871993326253	0.00014699338542647879	0.038102027804445736	0.000995755070798899	0.0010580231928486112	3.045123764418573e-05	3.867487587839152e-05	0.0010119742760911976	0.00020392884093158574	0.00014360589834065056	0.0015257546764553714	0.0016195608770236637	0.002672689869625203	0.001840353159788001	0.002807316538535786	0.008974387806016778	0.002108359818933344	0.006548291836726309	0.007151769355478604	0.00015063385202066353	0.00191013953352391	0.002918353765544625	0.0019810117194988992	0.00015252484732899824	0.003406452996444319	0.0035675983732783947	0.0016100675120476252	0.012550402336599915	0.006193640321793516	0.016903690632136894	0.011455944467144964	0.005482771330899886	0.004757145289687583	0.010416859474220797	0.012043382589116232	0.005623339011864352	0.011484619372389884	0.0031707468188380034	0.006916227280222645	0.04307427502403551	0.008449766070340169	0.021379454527328014	0.00762494308436897	0.007240149557131717	0.006119267623312722	0.01075864231682401	0.009166135427637662	0.023043800532476816	0.006560497139479892	0.004305629558482988	7.961677931831247e-05	0.0015680172289685983	0.0001300408875755572	0.0008303353213004399	0.009082816520707518	0.0003482151466759528	0.0008889024885354857	0.019322257185525698	0.0005716022320569934	0.0010699623504825634	0.005937888357869544
C[T>A]T	0.0	0.009966777408637873	0.0	0.0	0.0125	0.0	0.009708737864077669	0.0	0.007832898172323759	0.0	0.008547008547008548	0.00625	0.008264462809917356	0.006060606060606061	0.0	0.005780346820809248	0.0	0.0	0.006535947712418301	0.0	0.0078125	0.017526133183785465	0.026343143896737933	0.00744133354190379	0.001518829329330084	0.07768179985074113	0.008961584560308013	0.009657661132391082	0.012235247307472202	0.014756420957087416	0.00028230854644771303	0.0001341832123614649	0.0018103730870372282	0.00026392788957608305	0.001911094811480163	0.00017989476523538913	0.0014323619557703776	0.000829580687709366	0.00018349303201857484	0.0010536733443368446	0.0009842843385899575	0.0013727602702720422	0.0006422556464568398	0.0003688045405283387	0.0008323128292130352	0.0023832432151082066	0.0005604684925346031	0.0012971776631661774	8.167035226468336e-05	0.033111623061144256	0.0005514907270755755	0.00022322798938523153	0.0002693199891995211	5.622067381893428e-05	0.0005057652680948204	0.0013099472633095446	0.00039147435160125045	0.0016239477109839117	0.001632676591564412	0.0011651489507065742	0.0005283250095627497	0.001825294409330536	0.009023772723419785	0.014856820515969775	0.006465224221679857	0.0005324851578494058	0.00015074068255912197	0.0006612602277571576	0.00010809645718927648	0.0009376365343667099	0.017359283712125223	0.0033618353134374055	0.013481573741669792	0.025051314606996965	0.04358056740708152	0.00924897151742296	0.021006456448399356	0.0795551188906535	0.03250531701324076	0.020609982422700422	0.008767976612238718	0.03534235178444571	0.03265809902749252	0.019136346713831208	0.02516986060851621	0.02708023324288587	0.08280757531038369	0.03303151060312772	0.0113721663586902	0.03683725911396047	0.03172585806431923	0.04250256997872544	0.021911493459720682	0.016233631886265903	0.02310391593532903	0.03574606610887471	0.017517084711580522	0.0007637071805277541	0.007936204550695703	0.000331863877961104	0.0020005179505571207	0.003912559544391632	0.0005509685668037392	0.0004680523332618653	0.010854949936306034	0.0006224613913273656	0.0016378978462707108	0.0004123677469379355
C[T>C]A	0.020833333333333332	0.006644518272425249	0.022222222222222223	0.03333333333333333	0.0	0.010638297872340425	0.0	0.0	0.018276762402088774	0.005291005291005291	0.008547008547008548	0.009375	0.005509641873278237	0.006060606060606061	0.0	0.023121387283236993	0.0	0.004807692307692308	0.0196078431372549	0.0	0.0078125	0.010113705131156534	0.005974377708835951	0.0005657642888647189	0.00014276149316861067	0.00047287916517889465	0.004451694707168668	0.0031547566813431736	0.003493005792263391	0.003501558292575649	0.0004710677097373629	2.962045252699213e-05	1.5046665875441736e-05	0.00023168934131877214	0.0005817668084876977	0.0004366222160934064	0.0003824422197952115	1.8597093743144088e-05	0.0005272776607743202	0.00012192954585520718	7.317721565030704e-05	0.0005771752149311163	0.002768244013120357	4.671079898624808e-05	0.00013359683200121812	6.314222299346457e-05	0.0003416361975500422	0.0006283912994757303	7.628322188705681e-05	0.007473442507732045	0.0005530528298950548	0.0015104588119632088	3.127552555061123e-05	0.00043372815066545736	0.0007390166921634876	0.0005199432068297198	0.00040071545186692224	0.00017735530747928682	0.0021570337856752935	0.00021233716283421367	2.029608733067728e-05	0.0012863233427910263	0.00023988594468737304	0.0028477766251868465	0.002396914894105539	0.0006304607347575111	0.00015126366450400058	0.07139674599647643	0.00275912771588481	0.00011655959900631962	0.008098386607728431	0.006172843168927969	0.0025720269593220045	0.004362625274273318	0.0008540550005633579	0.0014507689065883852	0.0012444067371069603	0.002954716755505619	0.002369831850302495	0.001815889826332626	6.0733560066948605e-05	6.0595235800141455e-05	0.0060897772922612866	0.0016962294970337946	4.429772706599601e-05	0.0026825605204225545	0.0006110334473798858	0.0032520401201189355	0.005658628014851589	0.002882299116814009	0.0023254490849653866	5.279156785230136e-05	0.002543791787127238	7.933149392626907e-05	0.0004151782908757102	0.0031846259873919906	0.0008826313731078117	0.009377576374292663	0.00017405690673739826	0.010107335204898243	0.011264750947680643	0.005848555249102499	0.0023830793442604498	0.00041048368520665824	0.0076082593186215745	0.0004755961646721344	0.0005116066328504024	0.0005218622552298089
C[T>C]C	0.0	0.0	0.0	0.03333333333333333	0.00625	0.0	0.0	0.023809523809523808	0.0	0.005291005291005291	0.008547008547008548	0.0	0.0027548209366391185	0.0	0.0	0.0	0.0	0.0	0.0	0.0	0.015625	0.023805560081953395	0.00602733350992409	0.006746656720926375	0.00016841559762007557	0.002336379512721753	0.00020159515228271638	0.003184424585840212	0.0036198823750079327	0.011621574685744662	0.00026444328927736736	0.000338216865981039	1.3634224708950662e-05	0.0007182167003204802	0.00013089517063114277	7.307561632341718e-05	0.0003871389738781649	0.0001936151808923276	0.00019572386219411842	0.0002798158910152902	0.00020962509378383233	8.679112641751455e-05	0.0018661058226775743	0.00015552036880313346	0.00030429814740268245	7.334451756121057e-05	0.00032714740150822073	0.0006386333787448055	1.6395623197455898e-05	0.002149294501689215	0.0010004483396738014	0.0005638553476353121	0.0002746856043385522	3.799768295050293e-05	0.0002947977350287479	1.6606616391981215e-05	6.365424678152588e-05	0.0003631375258561147	0.0002483423417235162	9.47601965545922e-05	0.00021241343913355954	0.00021336895860615224	0.01224960863688416	0.0003401311151010403	0.0023732685092242556	0.0031423033307790317	0.017265947318845905	0.0006720040442303383	0.002733384086538972	0.0004884105009768909	0.0001326032672993849	0.005900948472710583	0.0034283894426496253	0.0025171136143412945	0.003823814507864957	0.0013080941416829099	0.009093285828629838	0.004412476440689728	4.640884989213687e-05	0.004981236257088377	0.007460490439029959	0.0013010736222258052	0.0029130127445964123	0.001712366716840498	0.00766744020916774	4.4195116524890864e-05	0.003279703972091893	0.012067902734124806	0.0026356572242556896	0.011209953248985962	0.007814289665268053	0.003396344966827309	0.009315985642599825	0.0021090894301646814	0.00711274930610471	0.006651017343663	0.0069337787098784605	6.956944946151774e-05	0.0001845219738703794	0.000774220984600806	0.00216335220208889	0.007486757453567708	0.0008643632530072423	0.0006781636375524105	0.024316983908861545	0.0010547846086792132	0.00014903339344800502	0.00038871963276579136
C[T>C]G	0.0	0.0	0.0	0.0	0.0	0.010638297872340425	0.0	0.0	0.0026109660574412533	0.005291005291005291	0.0	0.003125	0.0	0.0	0.02097902097902098	0.0	0.0	0.0	0.0	0.009900990099009901	0.015625	0.03451319482461413	0.001286094104882192	0.0008907395387215574	0.003913031374625345	0.0010045150349317544	0.001235014451552499	5.422462558646204e-05	0.0036503486763711443	0.008998258326807609	1.084013571784295e-05	0.0003422253464039764	0.00012513051336009637	0.00011781951658354647	1.3569018757901494e-05	0.0007644234517743933	0.0006685248823518802	1.608288929391858e-05	2.22016127977155e-05	0.0004134020271407291	0.00019787580662455868	0.00056774430792283	0.0017855376010327796	0.00018812746793765286	0.00011897750453997445	0.0004898436136240396	0.00011891686932644511	1.5813334055221408e-05	1.4690977691035417e-05	0.004283637972024446	0.0005760742530599486	2.411656281850153e-05	3.180856521133189e-05	4.540447923226177e-05	0.00012127391669520571	0.0005082887902616493	0.0003648732064788738	0.0005318182626246231	2.6724850443783924e-05	0.0006058405511749376	0.0002080174180124738	0.00019689717746019972	0.0033498749714711545	0.0019699831916065594	0.00238108986492965	0.0007081090479630558	0.0036826311312817884	0.00871276052179811	0.002864160659804437	0.006890574454785486	0.0032011690606066692	0.0034199378511124254	0.0016977703538809973	0.00011488861216272848	9.560113366784878e-05	0.00013527391175952394	0.0005465018130587405	5.286561376544717e-05	0.004459407741700691	0.0020432937549123334	0.0013584692148159215	5.691298952954098e-05	6.209098094054472e-05	7.787558896371272e-05	0.0011537814372975476	0.0009489305513527438	0.0005994667496947684	0.0012113022424674494	5.7732542045727404e-05	0.004507864082292162	0.0032818619887946088	0.008896540046329456	0.00407470042786243	9.28730380058952e-05	0.003283829056487197	0.0006665495155851439	0.002337686156505634	0.0020071244128649825	0.000168640814416578	0.0004899631645109596	6.94347457699314e-05	0.01992822212443188	0.0003483145640735243	0.0007699895957034455	0.00011610270405573005	0.0005861175851152109	0.001698948265475019	0.004140550561060065
C[T>C]T	0.0	0.0	0.0	0.0	0.0	0.0	0.0	0.0	0.0	0.005291005291005291	0.008547008547008548	0.00625	0.0	0.0	0.006993006993006993	0.023121387283236993	0.009009009009009009	0.004807692307692308	0.0	0.019801980198019802	0.0	0.01780644196352749	0.00891658225951813	0.010696368862844741	0.0336732212649292	0.0016619671705929736	0.0016298187860251912	0.009713536358909852	0.012086563479790634	0.006194267285236727	0.00023870901187993509	0.0006124541794784136	0.00013838734531083777	0.0003045896775225271	1.3862342766440914e-05	1.8070372435252467e-05	0.00034461201311923763	0.00018252699893680087	0.0005147915344436863	9.504901826348822e-05	0.0009285433411044668	0.001096282991181539	0.004965992504286918	0.00012958841899057106	0.001156596711739379	0.00015446018275581174	0.00011920072739489819	0.0001450183835778232	1.5569461667052043e-05	0.0069975026814332875	0.00022725668169173386	0.001519096959310831	3.4425016899155215e-05	4.1856001347054765e-05	0.00011886890620507454	0.0009069370961107669	0.00014822675248636424	0.00036438336988624286	2.1640093065338137e-05	0.0007824114043234221	0.0013373605077613834	0.0018012189408838854	0.027674500394465694	0.009755178485104012	0.0024564971885884484	0.005156541374781142	0.010004147358440487	0.006173748200650694	0.007641228074629747	0.0010388219885740031	0.00012817779591755277	0.00018177324120352545	0.0017371987552851607	0.016585737137832183	0.009936693843801789	0.006345763975665786	0.0032358754890778703	0.004436671142742579	0.009780323158179775	0.020658323300600925	0.007692304314505992	0.024669606203916377	0.00720489636014191	0.007982212706676435	0.013437898436103534	0.011478059491431589	0.0029938126101595347	0.005764865920205837	0.0010798591576620742	0.004345579064497891	0.005912866951689118	0.006118562220751243	0.01058983129442091	0.0021050217762585534	0.000324016884800496	0.0009378947837398084	0.004856632850102665	0.0018030325638631265	0.016298599280097206	0.0021419124456793777	0.005359693752047661	0.031168289921682944	0.0002908629112881884	0.0011069475736223708	0.04659456342961924	0.0006923566023741974	0.0028151570076635885	0.004817498427181281
C[T>G]A	0.0	0.006644518272425249	0.0	0.0	0.0	0.010638297872340425	0.0	0.0	0.0	0.0	0.0	0.0	0.0027548209366391185	0.0	0.0	0.0	0.0	0.0	0.0	0.0	0.0	0.003922653649552984	0.00016936309282981175	0.0002735582152355332	0.00013961759565408717	0.0001845379731798592	6.125012832471664e-05	0.0012362208559417427	0.0013079915065620888	5.663336930016726e-05	0.00025926155083089	0.00013616587712619283	0.0001301674198923627	3.1974946448098986e-05	1.3263769723885531e-05	2.0494876893660363e-05	1.5879295651692877e-05	0.00018706238179035448	0.0002050311803457896	0.00022825869892559907	2.394219010751872e-05	8.812172202606268e-05	0.0003096642233649353	0.00034131782181283664	1.4734822872566258e-05	8.22295970186039e-05	1.1021003676849711e-05	0.00015207243412509381	0.00038241223709234505	1.5899138660258366e-05	2.2954076137651638e-05	2.160694244577651e-05	0.00024052210951681666	4.72674965326563e-05	0.00011212343704014783	1.669641441694035e-05	1.4768160459433341e-05	6.575214729572231e-05	2.543434133443656e-05	8.83418719398635e-06	0.0002004031879681255	0.0004833441143451641	0.0034571378767453962	0.00506259793898869	8.463086935685078e-05	0.00045335985215997894	0.00016262355613183408	0.00020970504567880476	0.0028897926543019477	7.673326697449362e-05	0.008501898802233657	0.0012731144241425432	0.0009748923753471611	0.00011571400182473684	0.00010471786513989766	0.0014973060729082045	0.0005177319706050143	0.0030317252634760546	0.0004914413281950879	0.004877670411713215	5.017666116389455e-05	0.001336473351569454	6.149321364846352e-05	0.0017471487782649093	0.0011842982668245714	4.234100595805572e-05	0.0006032857525573476	0.00011562328021766499	4.343855948805105e-05	0.0006312588608765553	0.0022125194704116047	5.2481532632975954e-05	0.00024543491622599936	7.825922685861842e-05	0.0009396865711262586	0.0007242155222026493	0.0021789237654442728	8.307357461758902e-05	0.00012350479616192217	0.0003251711093105515	0.0007842195877466355	0.006260684931868103	0.000552072103767947	0.0007553661108128627	0.00011790729442014183	0.0008556696694663419	0.00035303238209415415	0.0005344008050728323
C[T>G]C	0.0	0.0	0.0	0.0	0.0	0.0	0.0	0.0	0.0	0.0	0.0	0.0	0.0	0.0	0.0	0.0	0.0	0.0	0.0	0.0	0.0	0.00017320751913242505	0.00014455327637490542	0.003407767717587422	0.0037622589572427873	0.0003549514849212669	4.823571169394093e-05	5.147380077855161e-05	5.553805701409453e-05	4.80807761896784e-05	9.443606123661238e-05	0.00013722135027163503	1.3335317399847768e-05	0.00027313718839992783	1.4293338829786582e-05	2.052256829388211e-05	0.0001394100964104646	1.7830026188685857e-05	0.0001918616206302489	0.0002214173513726561	2.4679847785951327e-05	0.0001411898632439427	0.001931661868344428	0.00013574791981463426	1.1152026918851204e-05	7.202974614473433e-05	1.4750326171610333e-05	1.4518819318658185e-05	0.00015846156584975053	1.575924708812403e-05	2.1402274844617805e-05	2.6821730514985193e-05	2.9900565018618357e-05	5.000348796977478e-05	0.00010512273868600984	0.00019893967167404914	1.398802940230498e-05	2.7281233924994225e-05	0.0002362337184958354	0.00021003561009461463	2.0852842818456037e-05	0.0005105220398607932	0.0035702048474114474	0.00033048595071589223	0.0003261050227877237	0.0009457000468712296	0.000157573131557227	0.00017943287966899784	0.0026987129571646195	0.00010534853618401197	0.00011248678933897625	0.001328550452554897	0.0003858644592021787	8.459184644494665e-05	9.24839133124718e-05	0.0001384279833451558	5.0058854912896186e-05	0.0018234934024621604	0.0004202411996405097	0.004841941139891768	0.0013691935784192388	6.268514941421697e-05	5.811618795728136e-05	6.323031945311349e-05	4.559373727619896e-05	0.0010298216658889056	4.789081933135279e-06	0.00014173112849376202	4.643132419808803e-05	0.0016227213160675494	0.0009067973923530867	5.3527028781849806e-05	0.0016217292561486365	8.50989571084796e-05	0.0003261403737863755	7.155805799742488e-05	0.00034333431603152055	0.0020484128093267388	0.00015939179801753423	0.0005626726495099452	9.525403494666852e-05	0.009135803794268873	0.0005843823983417664	0.0006338608627035141	0.0001240666161417286	0.0001714986997639532	0.00040298726882516606	0.0002499716181795741
C[T>G]G	0.0	0.0	0.0	0.0	0.0	0.0	0.0	0.0	0.0	0.005291005291005291	0.0	0.0	0.0027548209366391185	0.0	0.0	0.005780346820809248	0.0	0.0	0.013071895424836602	0.0	0.0078125	0.010024375983207457	0.0013582789210939059	0.02564219881958262	0.0001623430693761333	0.0023526136655750477	0.001279124793433863	0.0012212782533398475	6.143005705114419e-05	6.0822702989356744e-05	1.190057481450355e-05	0.00013524278848099517	0.00033778128171541364	0.0012201572766294974	1.3054387910039118e-05	1.6199262177114002e-05	1.565501788960668e-05	0.00020316886091067014	2.430279490032308e-05	8.650718595155384e-06	0.0002112896119588288	0.0005767982310295505	0.002053627953814817	0.0003811591616444313	0.0005609960586778111	7.016350202400685e-05	0.00011920663220450652	1.5225231937901752e-05	0.00014086089984756417	0.0003753062784750482	2.6743313399400162e-05	0.0005808064184728957	2.85426867141484e-05	0.000417529018187683	0.00011422032175364565	0.001247981095704832	0.00013892888494714738	0.00011956680388638876	0.00023887794025049484	0.000542014164668809	0.00019188483118031232	2.1614280456661767e-05	0.0035114517233631485	0.009764883909203654	0.006481742329415522	0.0029868685525286653	0.00014707885235088974	0.00020183916527425263	0.007712413748418609	0.007017959890828181	0.003154083209565404	0.0033015159540018247	0.0016961267357745234	0.0010317185930607314	0.0008466063794600934	0.0001259019049451493	0.0004458412597055226	7.010582074591998e-05	0.0005303938562701287	7.614768228248816e-05	0.0013727152230577947	5.759048369436683e-05	6.166012971805433e-05	6.453791270702409e-05	0.0031970548680729655	0.004772724907863769	0.001092559265656906	0.0014346595517838688	0.0022357980125530127	0.002950914942920693	3.4493618895478e-05	5.9074026996958174e-05	0.0021192276991468363	0.0019901336496437067	0.0016217072445249235	0.0007192842750464809	0.0024287965500058247	0.00198740415129235	0.011638684733342416	0.00011911041666416268	9.407633268751682e-05	0.005626934938343739	0.0008944883892848858	0.0003261878117168147	0.00014718115838105144	0.0003691202595762286	0.000724899923564323	0.00012647197813711944
C[T>G]T	0.0	0.0033222591362126247	0.022222222222222223	0.0	0.0125	0.0	0.009708737864077669	0.0	0.0	0.010582010582010581	0.0	0.003125	0.0027548209366391185	0.006060606060606061	0.02097902097902098	0.011560693641618497	0.0	0.009615384615384616	0.006535947712418301	0.009900990099009901	0.0078125	0.00017017351641396796	0.0013282813528858908	0.004846674762952173	0.0039454612998900615	0.0001815463483155659	5.6843692130933103e-05	5.412761876970219e-05	0.001351179953158273	0.0017322381969919623	9.34461570450481e-05	1.4204308348848663e-05	1.3433939317324765e-05	2.4446537991800238e-05	1.5156571776274604e-05	0.0001823602453783491	0.0006452945578970851	0.0008591391692846724	1.7765766453941466e-05	1.1220039055617846e-05	0.00018140771684172828	0.0003864023048846674	0.005973937103265853	0.0001390329555228332	1.425081231980239e-05	0.0003299493900309453	1.3053275098896676e-05	0.0006628651413261363	1.848252509060485e-05	1.4750052534384293e-05	2.4192958987341663e-05	0.00022826253684290186	0.0006779859002003529	4.965598624863083e-05	1.2841091414115469e-05	0.0005157079102426883	0.00013920478358781695	0.0001699941289488057	2.139239596314764e-05	0.00020579132442384072	0.000512096588861953	0.0018125665634351788	0.0064319018122309096	0.009276294655980805	9.400334101897296e-05	0.0008596865424066072	0.003975596974760631	0.0034414718109907886	0.002818468143489991	0.00010867644428091547	0.007814885754574565	0.0033822929280311552	0.000891368016107489	0.0009403205869464135	7.566146658685239e-05	0.0014110375760717749	0.003187109973954524	8.09822241733119e-05	0.00048559088079485073	6.077856277482656e-05	5.576705657186912e-05	0.006268991917080388	0.00020327497164176434	7.021636609633689e-05	0.0011865091656867155	0.006846764179670841	4.151298774068212e-05	0.0011931678013786166	0.005638507156661905	0.0016230172391522764	0.002304257399395298	0.006223829798720574	0.004197692054421367	0.0021163278242738973	0.0060558127024146775	0.006748698888129934	0.004994463120171301	7.764771289417021e-05	0.00017776233925389113	0.0014695077746668251	0.0007874573932114215	0.009210690970992695	0.00045337054138740315	0.0005828008952806587	0.00011523036668526098	0.0004269255444963415	0.00020060978583254018	0.0009363500091868852
G[C>A]A	0.0	0.0	0.0	0.0	0.00625	0.0	0.0	0.0	0.0	0.0	0.0	0.00625	0.005509641873278237	0.0	0.006993006993006993	0.0	0.0	0.0	0.0	0.0	0.0	0.034810058621194725	0.0004131620710129069	0.0007227236797215602	0.0024068714089984667	0.0005220043423979014	0.0045634526173207995	0.0032054515133569956	0.006260200834600627	0.014759429007742807	0.0004782870308529581	0.0001361899501322316	1.3516013400755212e-05	2.6617639671826565e-05	0.00013136892454325096	0.000775171013368828	0.00014967953376436994	0.00042574591138254457	1.816499466980026e-05	0.00082495466805697	2.1147057655429966e-05	2.2344808944463293e-05	0.0022758904883976756	0.0003607112514060206	0.0005133894109099975	0.000508781090119601	2.6392805467480502e-05	0.0003898674806960099	0.00028296828431081434	1.7740971304059365e-05	0.0005668101209409526	2.497216298059747e-05	2.7847740060102118e-05	0.00028440892146728186	0.0010578196756422516	2.4000455923521637e-05	1.5247806573461984e-05	0.00010603090950353471	0.0002301904291225557	9.327933963604878e-05	0.0010435711466217194	0.0008736637739677773	0.004728922393472514	0.01407878550367789	0.009371120219963957	0.001295008856332355	0.017784064805109807	0.012423686128628276	0.00040656252984281796	0.021278843227671814	0.01329123481198106	0.02253913627899605	0.0003640448571967544	0.0024332576650485777	0.0008453262794654847	0.006058003379978298	0.0021649686756740026	0.0002506106547239628	0.006207357888782332	7.907546516118455e-05	0.0008275734524425247	0.0012823366081739518	0.0069573405404933925	7.403724620284104e-05	5.307668964285129e-05	0.00019983209534455551	0.00010119849820752773	0.00013953711031541776	5.391813817609074e-05	0.004212564028826398	0.00693296346015602	0.0018368080020172125	0.00015424211851367868	7.91484092851135e-05	0.0016201059105465099	0.001940319932152586	0.0013789824499772481	8.437438515293787e-05	0.00018921700689307169	0.00032685802067612435	0.0008312037385694555	0.007829321059901834	0.0008322801998822549	0.000951744239987897	0.0028827086138147806	0.0005690854255948191	0.00025374792284572396	0.00020911762874167446
G[C>A]C	0.0	0.0	0.0	0.0	0.0	0.0	0.0	0.0	0.0	0.0	0.0	0.0	0.0	0.0	0.0	0.0	0.0	0.0	0.0	0.0	0.0	0.00017660464150752765	0.0014146562746256794	0.019326332548599993	0.00015193970375666533	7.105394564918426e-05	5.309504445261736e-05	5.505793957977258e-05	0.0014099997581576375	7.030486467012201e-05	0.0001089127927006008	0.00013555789071698996	0.00012863306211749242	2.809757794209356e-05	0.00013273598383055542	1.852581770868321e-05	0.0001403502971309553	1.876149857992882e-05	0.00019845190627000965	8.322503486365148e-05	2.23876061767864e-05	8.303343342405823e-05	0.0004614575632527521	1.5153259238544733e-05	0.00012491827159991605	7.330990100638144e-05	0.00011776161291053408	1.581203619330569e-05	1.864321355642944e-05	0.00015123755376269312	0.0002139489145106162	2.304405795988445e-05	3.2103100152498505e-05	4.805782942139699e-05	0.00011793406980350015	2.0987967113735345e-05	0.00015983186709224879	2.6918919431467786e-06	0.00024178753018107142	1.0164661432482496e-05	0.0009237470136833675	1.696964422679089e-05	0.006183637617299525	0.009299179050650228	0.0024119504867347622	0.019243088303700723	0.00013575126179112844	0.004641899775558259	0.007231986293761958	0.001976350958140859	0.017246554915677722	0.015041161758724423	0.001745436398626198	8.900125221390547e-05	8.487978531390386e-05	0.00016800784763762496	0.0012855351717353679	6.789407549598285e-05	5.884746826621734e-05	7.709497148805935e-05	6.155945345299343e-05	0.00346458469967665	0.0015478223582133161	0.0016869166263922839	4.5176034999263534e-05	0.0010056475838857721	3.99485898340485e-05	0.001292269933492427	4.621301396175108e-05	6.962534520053194e-05	4.385858053426289e-05	0.0013225381914536397	8.651230511485424e-05	0.0020630338324213646	0.0003662918257770719	0.00022666733398162223	0.0009258106147368524	9.966991861691731e-05	0.00022609605861950347	1.572676339320578e-05	7.635791838522368e-05	0.003563446422785504	0.00022715093217830286	0.00048721372576152674	0.04944433848547486	0.0004680383197158735	7.877947198897067e-05	0.0002112304218695962
G[C>A]G	0.0	0.0033222591362126247	0.0	0.03333333333333333	0.0	0.0	0.0	0.0	0.0	0.0	0.0	0.0	0.0	0.0	0.0	0.0	0.0	0.0	0.0	0.0	0.0	0.006803530326760948	0.003486339716942181	0.00030253446744286916	0.00014194979884800334	6.920047724521719e-06	0.0034220999693236986	4.457588399311748e-05	5.448431383714589e-05	6.638022589554432e-05	1.321914915458422e-05	0.00014821208871021278	1.463073358432633e-05	2.873097067380108e-05	0.00033528504554863106	1.822217196861586e-05	1.6539657775387915e-05	1.8773003038840736e-05	2.0086854791259077e-05	9.997197412813787e-06	0.0001930447284889835	9.183206028231328e-05	0.000646744850599811	1.3904941588080556e-05	1.2770464795550243e-05	8.63292490079783e-06	1.3823178906006476e-05	1.7975909406361373e-05	1.619778382307371e-05	1.5044189685123552e-05	2.1603324373905553e-05	2.773638693924236e-05	2.9143833802521844e-05	5.1297581149868476e-05	0.00010927801148288414	2.5602288631840796e-05	1.6153275114449623e-05	0.00017316946075589677	0.00023723614051067906	0.00021631449419554565	1.7383040597934156e-05	2.0705048788362736e-05	0.0003477249561111317	0.013282773436728196	0.006384946012714288	0.000492176010096839	0.003719027075401618	0.0018267527917025554	0.002883079318114426	0.003402419276508211	0.0001355356042501062	0.003600787716642625	4.0675419894529675e-05	0.002499854953190629	8.603972394668165e-05	0.00012337085744513083	4.903317109069389e-05	0.0016505985190066693	0.0005197879452291026	7.522978495008419e-05	5.206528738152355e-05	5.3087682988723244e-05	7.017825696149319e-05	0.0016819113109405714	5.0665306227707136e-05	4.8469694968561316e-05	5.211704112635305e-06	0.00013254927432405176	5.3437337008820614e-05	0.0016194307279642258	3.935689834403441e-05	5.154388104396629e-05	0.00014495765391069358	9.159712556416415e-05	7.667801892673176e-05	0.001760010434378476	0.002267432851549372	8.024803986459645e-05	0.00019486351727765597	0.00030871025382986383	9.308283584078518e-05	0.006192114815618966	0.000371621220682942	0.0004087993409694251	0.00011929812642967453	0.0014208791324218845	0.0001813316042242587	0.0019076087023838502
G[C>A]T	0.020833333333333332	0.0	0.0	0.03333333333333333	0.00625	0.0	0.0	0.0	0.0	0.0	0.0	0.0	0.0	0.0	0.0	0.005780346820809248	0.0	0.0	0.006535947712418301	0.009900990099009901	0.0078125	0.004178756174152128	0.00012723874680507614	0.001004295328147471	0.00015805183181720462	7.877425489734523e-06	0.003453743128197265	6.10302921805356e-05	0.0036249687289142667	0.0004716449766101825	0.00010776554855049566	1.5789360852357795e-05	4.7863926211914754e-05	0.0002513229573124866	0.00013731672860772202	1.983162813893585e-05	0.00040335068464217685	1.9581133652729764e-05	2.3657119014894647e-05	0.0006176282291977611	0.00020976442218627553	3.804123430329277e-05	0.00014064103651714502	0.0001320542790049527	1.5912904530354632e-05	0.0003553349312802696	0.00012245924605155226	1.6638600462581007e-05	0.00015274691137250502	0.0003592792978426109	0.00021481875431938956	7.094174680641736e-05	0.00027045182572517373	5.794513943402055e-05	0.00010924635774307371	2.198764678645708e-05	0.000637508015637825	5.270488170979998e-05	0.0002302635356157938	0.0002460137078216155	0.00019008905806160782	0.0005257191294649624	0.006257562107167907	0.0009747757568278115	0.016798932328634327	0.0005827431873942903	0.00374418007129365	0.0014455918131872547	0.013056219775504002	0.008920294435976334	0.014655037633294999	0.006085696278028778	0.0025893392642358207	9.74593172890428e-05	8.294816413175718e-05	0.00013455725457598984	0.0012842911818093826	0.001705515051123895	0.0032543785434075287	8.910674667390795e-05	4.5000912879124035e-05	0.0012760417450621753	5.4980354057408214e-05	0.004605395015427847	0.00040354149351448735	4.365110922352311e-05	0.00010801618722280248	0.00014733334115927214	5.1176513023631666e-05	0.0006425763497972301	3.749169322564202e-05	6.332159585207379e-05	0.0010917524223676845	0.0021727668441631014	2.8273726943086756e-05	0.0006489525086889669	0.0003409559805359423	0.002023634816010827	0.00016241732993226915	0.0001202796726831206	0.0021082626127960718	0.004339548841145326	0.0006592565011204182	0.000420161281293662	0.02546167103612412	0.0005864564583656078	0.0004885228671798993	0.0003283155627962787
G[C>G]A	0.0	0.0	0.0	0.0	0.0	0.0	0.0	0.0	0.0026109660574412533	0.010582010582010581	0.0	0.0	0.0	0.0	0.006993006993006993	0.0	0.0	0.004807692307692308	0.0	0.009900990099009901	0.0	0.00013812497456900234	0.0013393651400197821	0.0001463233134330634	0.0001370626682658682	0.00018812193659151707	5.022982895691426e-05	5.381139441771703e-05	0.001358084615784708	0.0013272342843962091	0.00010452578253065018	1.6093688657652913e-05	0.0001394011216386889	0.00029008127054145537	0.00035015343257230173	0.00016614396721780373	1.8775870675610506e-05	0.00019255097448728372	0.00021468012545781492	8.99766922511734e-05	1.986732802627004e-05	0.00022973421316635164	0.00035908378932213	0.0003499589149555103	0.00013062997573335316	0.0006749818786954506	1.2394077776484794e-05	0.00037112097949550127	1.5490731178381634e-05	0.0006733434921817139	0.0002129258802993992	2.1187779967479192e-05	2.586352398781116e-05	4.1517669109364814e-05	0.00011819814348634329	0.0004896536714889746	0.00014419181275194133	0.00023283096096243482	0.00022372255589796818	8.715031999712353e-05	0.0005102217878196879	2.1004471525449146e-05	0.00637589520994226	0.0019032809191640873	0.0025663441370667515	0.002788989745007989	0.00966553031447083	0.008954621044750881	0.0018609622541730286	0.006798420819887369	0.021034077716862453	0.003293090663740899	3.620381075769744e-05	0.00011735325910510913	0.000910799115051581	0.00024347160484172912	0.001257169916433018	6.348047919730004e-05	5.7029358898114155e-05	9.281541936980708e-05	0.0012720889824384665	5.761212172218924e-05	0.0015897165601027688	7.584245194032004e-05	5.1362325267997534e-05	0.001002022329532779	0.0005213592513001208	0.00014105511936019055	5.0467858614522664e-05	0.0006525736279407431	3.589431177448907e-05	0.0019481204898791225	0.0016213755019749182	9.79752564655667e-05	0.0009447785060328454	0.000769029514280469	0.00035914745576402427	7.853904044907297e-05	0.00018167377794841273	0.00014436318766923389	7.852082995328852e-05	0.0033734045367789754	0.0004872426685076429	0.0008827952334628064	0.00010355347490568042	0.0018481887676073743	0.00011523305399905487	0.00027330769114123
G[C>G]C	0.0	0.0	0.0	0.0	0.0	0.0	0.009708737864077669	0.0	0.0	0.0	0.0	0.003125	0.0	0.0	0.0	0.0	0.0	0.0	0.006535947712418301	0.0	0.0	0.00017250637777784384	0.0014474238406825084	0.0014916454704590567	0.00015323676386575129	9.314062500270304e-06	6.01938593477522e-05	0.003239495694373175	5.507602762658647e-05	0.0034692820486814783	0.000113309841318699	0.00014500264224955983	0.00032660042423756784	0.0002775645168614133	1.4151902968630639e-05	1.979460502024388e-05	0.00038286267536542177	1.82121303997472e-05	2.349227371541067e-05	0.00024018961462139198	2.1710394400899642e-05	8.240917989458313e-05	0.0001379136454158844	1.254345176243398e-05	0.0001385674385026499	0.00019928608839882457	0.00012063806925448312	1.4199962698025551e-05	1.669055324644758e-05	1.3553724065458382e-05	2.0698470785753657e-05	2.760970607575855e-05	2.87170064339268e-05	0.00048621105291273627	1.2866880943101805e-05	0.00048682931146869706	0.0001366148093995144	0.00023806745566757896	2.7065866948433777e-05	7.979336256893759e-05	2.3005913786122213e-05	0.000204203318959264	0.0035769654846559704	0.0002547959092513036	0.00010535352980684573	0.0016495460962112974	0.003913250380393587	0.001299321908974287	0.0028636483851666927	0.0001638819801960489	0.008325746450279708	0.005598215833628867	0.0003626448269513163	0.00011525206534093951	8.447684340478947e-05	0.0014210411069211697	5.845427759524623e-05	7.077860720785137e-05	4.6840022353336676e-05	7.143223878367467e-05	6.640486379988426e-05	5.8274808820371625e-05	7.153952113789405e-05	0.0016877764033084476	5.3211967827852904e-05	5.0226200116276635e-05	4.512424113121423e-05	0.0001359528832110777	4.868198684031726e-05	0.00020142230432356554	0.004045243995331927	4.754008819318279e-05	0.00024278675174625914	0.001967512313007507	0.00035840979753067634	0.0032437872428427135	0.00038620248277941376	9.399839181303454e-05	0.00017168390326709301	0.0005311005290856108	0.0008506591342243146	0.011410122722920295	0.0005482310837344312	0.013693642176233851	0.0028955510506528176	0.0011530826728268326	0.0012641457426119042	0.0003334853404471848
G[C>G]G	0.0	0.0	0.0	0.0	0.0	0.0	0.0	0.0	0.0026109660574412533	0.0	0.0	0.0	0.0	0.0	0.0	0.0	0.0	0.0	0.0	0.0	0.0	0.0001577207155835791	0.00015313989287986157	0.00018419349004338158	0.002723120575029156	8.018104829894265e-06	5.4221622626111314e-05	0.0032281329877578992	6.127257975768186e-05	0.0005381392299097505	1.2488304253474243e-05	0.00014625129327198723	1.2753829086829059e-05	0.0002665620078338562	1.3849628055540979e-05	0.00017628907507358092	0.00014206985758325068	1.722769963405536e-05	2.03778693981616e-05	9.788272449901605e-06	2.193318231370142e-05	8.742867766919904e-05	1.2802701732001514e-05	1.6369379350848093e-05	1.1459768183434906e-05	7.753383010964866e-06	0.00012031987360146738	1.5471569829936266e-05	0.00015301181128928677	0.00015178745513294564	2.399797219074892e-05	2.413580922487781e-05	2.5197921966541116e-05	4.847605483352935e-05	0.0002907300145829559	1.7884521519426314e-05	0.0003941483247651418	5.4867817134031644e-05	2.6219967295963577e-05	3.0101839409341452e-05	2.131988332244967e-05	2.0582157923417264e-05	0.00929010660992675	0.0018038466614617938	9.249851517702063e-05	0.007375798663041893	0.0037444377177497912	0.00020212029541700905	0.007677459974130839	7.38003012020301e-05	0.0001424794892207622	0.0033014295068304537	4.1514759963342035e-05	0.0009781328543482027	9.67328818329736e-05	0.0001296742877008763	4.8519112211145426e-05	0.004350832357089056	5.477056058557756e-05	8.239075044403717e-05	0.0013449703366150835	0.003448692107968905	0.0015797165254631867	0.004505097878982879	4.6458340773690666e-05	3.9989362396677696e-05	4.52981084091426e-05	0.0012679395043395667	0.0012129031655795965	0.0005924514166493335	0.0031432371025970542	6.093515294762763e-05	8.505243943049801e-05	8.946566274654899e-05	3.731070811575118e-05	6.838467526267373e-05	3.848779655421103e-05	8.883327936272452e-05	0.00018482466121315185	0.0001186887182121579	8.041814070591173e-05	0.008012767484337227	0.0004078465686321953	0.00028653284321115773	0.013110562915406231	0.00015400882836253676	0.0002102024359807229	0.00011396544076643866
G[C>G]T	0.0	0.0	0.0	0.0	0.0	0.0	0.0	0.0	0.0	0.0	0.008547008547008548	0.003125	0.0027548209366391185	0.0	0.0	0.005780346820809248	0.0	0.0	0.0	0.009900990099009901	0.0	0.00015966478930454185	0.0013233704057557664	0.00174200465922945	0.00014152167065179888	7.487504684024456e-06	5.022370671229404e-05	5.295525392606686e-05	6.420009170735502e-05	4.9103019178800414e-05	0.00010843282244124935	1.4472413240906002e-05	0.0001265889855942949	3.3183294757167625e-05	0.00013593122042537115	0.0004455252344760852	1.3506737093624246e-05	0.00018524823753070978	2.136890369707498e-05	8.874695262679076e-05	2.331170426344696e-05	8.94169302950582e-06	0.0003486347407586016	5.151097917500894e-05	0.000304720434260521	0.00019033389754597878	0.00012442730273026263	0.0006683339932330732	1.5199385285620038e-05	0.0003667140912620851	0.0002447754296406704	2.5210986522861636e-05	2.4888177587913707e-05	5.0218414044359575e-05	0.0002740056955501487	0.0004700059855631722	1.708162675357876e-05	0.00011886035829547124	1.779442900867209e-05	8.302300557286275e-06	1.9306055341933362e-05	0.0005045492910833206	0.006118486361167225	0.005289691328365468	0.00659919003414058	0.00699511926350011	0.00017629117732433165	0.004610901138662491	0.00010612673570950334	0.006932516329218136	0.0031146482793274	0.0032378093212868495	0.0003695386512308756	9.435726276844983e-05	9.283878276015469e-05	0.00013777353889924397	0.0012351944946745307	0.004483172297240112	0.005779836717233094	6.815773607384726e-05	0.0035370656921022555	4.1634962411158656e-05	0.001574773759342884	0.0017884217083243593	3.518838528181193e-05	4.5769603175477964e-05	4.237524912579177e-05	0.0011986108428343606	6.149271346474156e-05	0.00012745116101962035	3.7797198761908365e-05	5.74029170871021e-05	0.0006215082435832713	0.0021209105650497667	0.00037688827078790303	0.0007006689328009311	0.00033599574834234893	7.163207725193874e-05	0.004403969175180767	1.2374258742529307e-05	9.246834328240917e-05	0.009540890835874772	0.000634186054215767	0.001070307081028647	0.007709610278838335	0.0010539465871152527	0.0002821844014810629	0.0003256079093208678
G[C>T]A	0.0	0.0	0.0	0.0	0.00625	0.0	0.0	0.0	0.0026109660574412533	0.005291005291005291	0.0	0.0	0.0027548209366391185	0.0	0.0	0.0	0.0	0.0	0.0	0.009900990099009901	0.0078125	0.003941322355395038	0.0060248969962712964	0.0031525841044055137	0.0016268457406411875	7.381816682478977e-06	0.011441298377609615	4.6070627737557476e-05	0.006116619810684485	5.6005677406487685e-05	0.04015808480706827	0.0458002075778235	0.03836574675507284	0.03948000489817853	0.03567869316549087	0.046378066874954826	0.041538413785875666	0.04420232240367004	0.038289583546070344	0.03814655634989397	0.04593556147671822	0.03994547802918151	0.046302033711463915	0.042635783818969736	0.03837758632162507	0.03788225585950704	0.0504947621860825	0.03654745810499833	0.052219392866412875	0.035582558383631745	0.046433075865279894	0.04049089192660091	0.04266648643182485	0.035448902545002214	0.04867331807386884	0.024027654696563035	0.04581090867416749	0.044170595873783663	0.03634628364857371	0.030471394102193523	0.0330084967033925	0.03535825385361743	0.0018147973782053786	0.019380308506944367	0.006347995602056419	0.06057785085548302	0.0009159032608799517	0.04209444525169491	0.030481435134288973	0.015210248795565007	0.024581442995330938	0.015519088733074032	0.02551703557594056	0.0009231822495548399	9.711877778135243e-05	0.003514147423127833	0.00139208337866659	7.234549177280275e-05	4.996511484541938e-05	0.004798304538963333	6.101886946673601e-05	4.832089710639766e-05	0.0015857716097828101	6.738890589699125e-05	0.001179411198151675	0.0010427670914728258	1.5253145129796653e-05	0.003396036914590625	0.0013554158317110208	0.0007350342779668253	0.0008578024576318151	0.001777210780133579	0.000633627542940356	0.005604564529266508	0.0003787064616022462	0.0017705423714085978	0.0003570739190346664	8.76022951333253e-05	0.007535661581514443	0.0014954341309554129	7.715154247289272e-05	0.009908773689333503	0.0009420347936912319	0.0011000801475140453	0.01903657385307032	0.0005645589784121397	0.0008832426530378638	0.0020578336727854855
G[C>T]C	0.0	0.0	0.0	0.0	0.00625	0.010638297872340425	0.0	0.0	0.0026109660574412533	0.0	0.0	0.0	0.0	0.0	0.006993006993006993	0.0	0.0	0.0	0.0	0.0	0.0	0.00015811785373800877	0.0013141286193563322	0.058469308970658156	0.010047855930902908	0.00019235561733241548	0.0013751883873269913	0.0012589587609703227	5.514099609596741e-05	0.00137029420404356	0.08032714373383125	0.046078448731271746	0.04831060774253854	0.052732270361292535	0.05225371692591187	0.06899214676055274	0.07042325056309978	0.06827857383203872	0.04730222887517561	0.05220771330732843	0.04965864121318187	0.0535759489821428	0.06812324516414507	0.04675042337733462	0.05210823176712421	0.05075410161074652	0.05392399413265284	0.04633947737379829	0.0653513945091046	0.025298320478251396	0.04929832658958371	0.057479839917481464	0.057013042955543075	0.047162932964693725	0.05073029264491039	0.06119083899918759	0.047165553030973376	0.055284370038895476	0.04856721718552711	0.042689774831202044	0.03710817324508274	0.03255707310403582	0.009328658995169051	0.013388012706921708	0.011081951554200711	0.06855667683226498	0.00016131101584010028	0.0312530362478032	0.0016059482350061494	0.010720338272816442	0.014123240403755968	0.00016115307602244768	0.032079003012622544	0.0009323070676176867	7.069321814265068e-05	0.00013570289192194895	0.0011153649900352521	0.0044709448534220675	4.108059444998559e-05	8.68091717968649e-05	0.0013404672671060653	0.0035775703751843484	0.0015442914139538499	7.44592186013274e-05	5.063104367985438e-05	4.1370891087704627e-05	4.324671919289787e-05	0.0033503067220232736	0.00016094464432481876	6.563234498302565e-05	3.972660819534293e-05	4.9439327224912143e-05	2.389303671870187e-05	7.957766681736093e-05	4.0966028133395204e-05	0.00017842767564091557	6.663283396356567e-05	0.009359896310902756	0.00020870307027200146	0.0051880813343201885	0.005420755979023894	0.0067447212135949485	0.0017622314963528624	0.00101523031498264	0.013405886793377949	0.0011257050714426576	0.0015753599356307	0.0007170488085946666
G[C>T]G	0.0	0.0	0.022222222222222223	0.0	0.0	0.0	0.0	0.0	0.0	0.0	0.0	0.0	0.0027548209366391185	0.0	0.0	0.0	0.0	0.0	0.0	0.0	0.0078125	0.00384275411399557	0.0004747454673727125	0.0006621995221621082	0.0037141989165102806	6.5422021605401716e-06	5.352856597398936e-05	0.0032668919626449083	4.68685486929311e-05	5.5622743420075354e-05	0.04140133703210008	0.039813614837547036	0.03900483205143802	0.03289191188132571	0.03257685316954107	0.041575303945619695	0.026332627006761436	0.03768089254790167	0.040172257648746504	0.034072316836155865	0.03521258150487307	0.03271766757448155	0.028352943489840892	0.041195811166330275	0.03993364901274924	0.0269255850273668	0.03895785738112225	0.0403464606338261	0.024508751945584332	0.022298738897108258	0.02712237956750039	0.030454070652094795	0.025983825890943477	0.024765475792107465	0.04056771198837519	0.044459401751730396	0.03839620686452145	0.0328932001089736	0.03605365507859643	0.03083382371590123	0.044643244885092935	0.0338711280105763	0.016031725983557378	0.02406464709961209	0.016371873498391924	0.003355291573964082	0.00015990538381056428	0.0018832628128272607	0.012925190168230955	0.01689930114625908	0.014121019587693245	0.005901939203817663	0.01861757020212969	0.0009170098716396358	9.058060901144585e-05	0.0001539180320068478	0.002101408041083634	7.15705942919203e-05	4.74294669374024e-05	0.0005075296960626085	5.946117261048651e-05	4.4628510683488485e-05	0.0016367418372953556	6.451583028358841e-05	0.0012466523530126877	4.017265283200882e-05	3.577477402938544e-05	0.00013442330166828155	0.0012921140317344992	0.0006451715551945201	0.0004285039725512878	0.0013623470109503267	0.00024069003425871487	0.0007731041213015767	3.916203798235006e-05	0.0007426881279929223	0.00086107224896647	9.461459885838877e-05	0.00019647060493663558	0.00034358117857049333	0.0007572327631123163	0.008445405581741575	0.0014964282419106145	0.0007431002741592823	0.00012570809159840425	0.0007320801039181872	0.0002489065873855266	0.0005443467395738871
G[C>T]T	0.0	0.0033222591362126247	0.0	0.06666666666666667	0.0	0.0	0.0	0.0	0.0026109660574412533	0.005291005291005291	0.008547008547008548	0.003125	0.0027548209366391185	0.006060606060606061	0.0	0.0	0.009009009009009009	0.0	0.0	0.0	0.0	0.00018018984469046575	0.00047202901625573466	0.013486267693774883	0.004035693677289738	7.095887121862351e-05	0.0012725030541731789	4.91518000224413e-05	0.001383248942723773	0.004903840942090185	0.049255398990286636	0.04763435915783162	0.040017349796124216	0.03735381112051278	0.044528439884333006	0.04899622246318931	0.04711792234124447	0.0590650025514601	0.03945062595557361	0.04428133133723657	0.0340731298420984	0.03720746810074778	0.06452989645440922	0.046053960956469006	0.047585344676464934	0.04868106968044025	0.058323773019631785	0.042265333233399816	0.06327755339554374	0.027400617380003	0.05793678095908077	0.04100105710821053	0.03971956325534241	0.04739726475207074	0.04078297453462353	0.05157768548878519	0.03896717842423524	0.05050421863664853	0.043050692552565384	0.03747720800889705	0.0411034777527507	0.038039843695828204	0.009512867972519764	0.0056003999474311585	0.0005085081741177238	0.0016555867679281973	0.003685385590662876	0.0011136482168834306	0.007598757363752599	0.0001815429703475699	0.014337872659038216	0.0010423403735946267	0.021545328358541022	0.0008855281281261421	0.0007402661631362478	0.0013578077195184248	0.0032360446847612585	0.0017492245758317284	0.0005128722544271895	7.860626022707276e-05	0.0013819165556658074	0.003519561166588906	0.0005904160148118522	7.47748483219118e-05	0.0021028467100708058	0.0010852974053360803	0.00019032414186798363	0.0012578891541028985	0.005546863444042595	6.623832611426263e-05	0.002599706309406565	5.7576264021520174e-05	0.0015990214437723914	7.814618763513096e-05	0.000959617685507977	0.0033461935990101274	0.0008853358004292279	0.005406557292850419	0.007851691895622433	0.006763557679195359	0.00205884160665103	0.010363139420658436	0.003976513642059757	0.000724900038944362	0.011200033667327193	0.0014148514217259044	0.005341536134219152	0.0013518471692755012
G[T>A]A	0.0	0.0033222591362126247	0.022222222222222223	0.0	0.0	0.0	0.0	0.0	0.0	0.0	0.008547008547008548	0.009375	0.0	0.0	0.0	0.0	0.009009009009009009	0.014423076923076924	0.0	0.0	0.0	0.039617901599279894	0.060479452290611926	0.018629648757501414	0.0478199959838083	0.007951867672378123	0.06868440080146995	0.05902945013464696	0.03060687323870503	0.024853258532463958	0.0014934217881157471	0.00013407381259790776	0.002595616833860421	0.0017808762467920703	0.0025939911234882274	0.00044613032897280135	0.00039108701734444465	0.003661990771306843	0.0018025922832056668	0.002328762529680018	0.0009752932954556991	0.002959376454723554	0.0013258360157911145	0.001935344660173608	0.002914048165407409	0.002639117694018332	0.0020776860909826047	0.0024878496017411264	0.0010572071228914007	0.006469197003458126	0.00302312559538673	0.0015254079786413102	0.0018313680189276644	0.0009394878395289525	0.0012778102067275204	0.001224101289668853	0.002997052530865007	0.0022692931824848787	0.00407714385090331	0.003419019774416959	0.003969634020779541	0.005151506463554209	0.02749978119632588	0.009271517960864993	0.028194077177968582	0.002843443584225836	0.017361078026669613	0.02243904159902196	0.00010748422306738855	0.012657967658710193	0.00013272972761373526	0.012018260703788268	0.024417216854775634	0.030295127096237957	0.030428457295957695	0.03552399192814825	0.02632457298663626	0.05792618764580514	0.037967310781546824	0.02317500617627504	0.04558066758341612	0.02509277154326437	0.03519310534358406	0.062498578439337156	0.03888545551120046	0.035281308406392396	0.008411195489487622	0.01835321546901081	0.05137591790948413	0.0328548554365568	0.042937230977884565	0.024999922300021817	0.04017381523740411	0.043491387071861745	0.023102985940219846	0.024789923256252167	0.038326034601746446	0.00934331590107931	0.004458159395890923	0.004358420166174409	0.013918499113745054	0.005243048615518018	0.0021884343707467067	0.0016783251600413556	0.0029546264706985246	0.0008236322800171764	0.0019584776811358566	0.00043856110711341256
G[T>A]C	0.0	0.0	0.022222222222222223	0.0	0.0	0.0	0.0	0.0	0.0	0.005291005291005291	0.0	0.0	0.0027548209366391185	0.0	0.0	0.0	0.0	0.0	0.0	0.0	0.0	0.006978831502027131	0.026640920192425754	0.040490625523887394	0.020590414028132765	0.0016740497225475781	0.0034463379047943938	0.015560705187154949	0.01205799387464946	0.008698108362989296	1.1597089342884036e-05	0.00035303665987217517	0.0015710609985482215	0.0011633016656945492	0.00013718024311033727	0.00018878729788705632	1.8697163209276678e-05	0.0016614110461081627	1.913380662191539e-05	0.0008390399475975634	0.00020836845226734717	0.0003904080383343549	0.00029921989316629026	0.0006322207195125134	0.00033633800928045405	0.0006962938283703985	0.0005375259076356031	1.7402778122220968e-05	0.00014701774089469492	0.00039677624995556276	0.0005517973566402626	0.0005624840608229533	0.0018793886685800332	4.378111241231778e-05	0.0005192329294283585	0.0017164297976485963	0.0010369344567149597	0.0008799694458523458	2.370874303839207e-05	0.0014230305916730886	2.1132183069014375e-05	0.00020497247579448849	0.006279684711256658	0.005218075740782509	0.006368945084799041	0.0003261143595452067	0.003991477240161008	0.012696510021003552	0.0028089932787097372	0.0034490270328980887	0.002992936478379634	0.005854610975055061	0.002558538505332781	0.01629343928162506	0.007863506264289747	0.007080505435058226	0.00964896327026102	0.00460777374406681	0.002255585489438887	0.0009829598089591285	0.008862362199587392	0.003379212680995575	0.007161778039117743	0.015053980455255783	0.013376527481260352	0.004684878907980238	0.0009952730337428894	0.011344243856151964	0.012608201935936578	0.007638361162360078	0.014177903285708523	0.0061953272038333795	0.007051850935103662	0.01366787116207531	0.004225464741580468	0.013923401984316188	0.004264134733275885	7.792893769525113e-05	0.0002046915908781796	0.000316927498573221	0.0006982965402752747	0.007550915678596866	0.00047673823321818987	0.0005157951874632926	0.01947643498113432	0.0002660208488706357	0.0004403228985163419	0.0006163676966987465
G[T>A]G	0.0	0.0033222591362126247	0.0	0.0	0.0	0.010638297872340425	0.0	0.0	0.0026109660574412533	0.005291005291005291	0.0	0.003125	0.0	0.0	0.0	0.005780346820809248	0.009009009009009009	0.004807692307692308	0.0	0.0	0.0	0.00017823026518432893	0.012222119514864646	0.02774111465579141	0.003721005036482842	0.006184125582355034	0.027713607515175084	0.024772462991828347	0.02723609982435447	0.014974188026610373	1.0439082372208014e-05	0.0009480679786686637	0.0005899376751931514	2.3013631367538754e-05	0.0005893223687559434	0.00043238191096561535	0.0029656654309724514	0.00018122875476132586	2.2191237090167572e-05	0.0004119585081320074	0.0009361914394914258	0.001206670805546342	0.00015378346565745747	0.0009421506345177697	0.001461960009647758	0.0010828633008337209	0.000831815143534906	0.0006403466068954645	1.2501270822439657e-05	0.00558202911448107	0.000575764269410563	2.64846936904744e-05	0.0006907677923325559	0.00045574395175893695	0.001624070617213085	0.0017532897711104863	0.000660702590940386	0.0013147295741407765	0.0006033543970335054	0.0016493310555459081	2.0468462019596048e-05	0.0022859103451955895	0.0012275154091909253	0.009426359935442413	0.00011416575370542591	0.0003255029173558317	0.010257025535659684	0.008511083755166236	0.013168482219896511	0.0034099644153130337	0.008046774386858154	0.006021356453328949	0.005422120885883368	0.006361845887315136	0.01474048398139878	0.006090719127074175	0.018580243253847974	0.0017034107365387974	0.02973349009671189	0.03483123033495965	0.021539188020355617	0.011931235292633478	0.026842821055055012	0.02347524679540462	0.007976414617068849	0.00908402895530702	0.00436117681999443	0.008504941628179268	0.015696198733138964	0.011655569572943164	0.009946321669287207	0.024931146612864465	0.01528035867806779	0.011339864799399892	0.012624468258144443	0.02770071822215377	0.017455825739934552	0.0035486966805009863	0.004215232007024625	0.0008334462421528181	0.0008179210376546148	0.007200955398147018	0.0006569400174239223	0.0009125474571216133	0.00011072051478386282	0.0002927180713480886	0.0006775226701939042	0.0002770347504136969
G[T>A]T	0.0	0.0033222591362126247	0.0	0.0	0.0	0.0	0.0	0.0	0.0	0.0	0.0	0.003125	0.011019283746556474	0.006060606060606061	0.0	0.0	0.0	0.004807692307692308	0.0	0.0	0.0078125	0.0001532636402709249	0.01239901027156228	0.007529044853805201	0.010361115948421394	0.006069854703482811	0.010162395783321313	0.0170844727689924	0.021765636468411682	0.03263954439819805	0.0012323253754787683	0.0006353731335952178	0.001235045605851647	0.0012066531703426885	0.0018702519966489522	0.0004529693035142403	0.0013843927493327915	0.0016231224298853331	0.0005369682026451196	0.0015655641965500442	0.0009579055784250938	0.0026353819663375425	0.00011188987227515572	0.0012833882386754916	0.0018489820928590526	0.0014539934274372206	0.0003034887118676128	0.0013199560466817188	0.00015792989341077143	0.0037867221976657347	0.00019082146001587428	0.0005205614905030828	0.0002592408566219675	0.00046305132712339995	0.0012908033745829366	0.0004833559546484576	0.00037813571420685873	0.0011548548294897003	0.0010242350544381802	0.0033332850060496986	0.0027870893359992098	0.0027944619800150303	0.009421044827650903	0.00952437263720466	0.0027185919915969515	0.0002881273861105878	0.0038990015630129904	0.004673245599954704	0.002679805078644922	0.011055621593949664	0.008200293926991153	0.00897274055625962	0.004503506816074628	0.027656830394477517	0.010081403782646901	0.03467972708762297	0.01854647867245973	0.02117647998544234	0.01531448871207533	0.025309510539578264	0.018596931816181658	0.031766444110623536	0.01742355246988277	0.00973289524897049	0.02184711305513205	0.00932222518536409	0.007781290582761673	0.01828631278806304	0.03330603464636126	0.030065618686066723	0.012126391952112563	0.025394446716431	0.0338047641845759	0.04013820189800622	0.02409016722705196	0.04293251401305187	0.012436724695460831	6.788694263141376e-05	0.0003726260091725642	0.001784846897358639	0.00081882272036468	0.007780846813338067	0.0006561870285743753	0.001877494447902946	0.007715757011425669	0.0009525029874089599	0.00020714111540496498	0.00038621121069659615
G[T>C]A	0.0	0.0033222591362126247	0.0	0.0	0.0	0.0	0.0	0.0	0.0026109660574412533	0.0	0.0	0.0	0.0	0.0	0.0	0.005780346820809248	0.0	0.0	0.0	0.0	0.0	0.00015795335012188725	0.00589967204483786	0.01672854967711606	0.03455132870077078	0.0016807492877219223	0.013140457350037783	0.008359542602097102	0.018417831949856234	0.027890634536034218	0.000941016377874389	0.000645363261717973	0.0003472618005975942	3.069780144572104e-05	0.00012795842799402562	0.0004330798366951569	0.0006703868028153128	0.00018487514730893613	0.0015678840137410433	8.382764962837876e-06	0.000940577638914979	0.0007906471713567189	0.0050934999631783665	0.00041347073434836704	0.00013017856053059243	0.000863546006861508	0.0001267240335879054	0.000145856212293517	0.000148514200332626	0.0010000201364596078	2.0826556940205932e-05	0.0005978830678218444	2.1371654381729375e-05	3.787679469021078e-05	0.0004957351538914702	0.0001867613296830882	0.0006369383288234032	0.00030036748334635985	0.001548441254906182	0.0018757505266292335	0.00018607686701737396	0.001323436057632165	0.02279446807080038	0.005192572970130128	0.00011278723160489005	0.00264448433169067	0.0037363631980692666	0.022006648274287013	0.013108922498288338	0.023988570314745473	0.003055068923540747	0.003349365243220939	0.006598869496195757	0.011264417868925219	0.017514966952458404	0.012874617962529132	0.011286095667949709	0.027200654357508125	0.009641698462804516	0.02514107060299423	0.018366410118836076	0.0180848648232363	0.026909471880123794	0.0076457600414371555	0.01066378557848171	0.011807674390318065	0.0024361695040833226	0.008349364988374602	0.001306883994396654	0.022607564188968646	0.015963488968790105	0.011990727922251958	0.011362068585434768	0.009291070851344533	0.016805454350487022	0.014211572949048533	0.015231300346596284	9.108102443840706e-05	0.004448965607488028	0.00012124881276419823	0.0008240894219172909	0.007468229944434886	0.0003943167671122597	0.0006356358866041557	0.0028823938100441893	0.0002724730801715394	0.00012210899351688622	0.0006042610206695308
G[T>C]C	0.041666666666666664	0.0	0.0	0.0	0.00625	0.0	0.0	0.0	0.0	0.0	0.008547008547008548	0.00625	0.0	0.0	0.0	0.0	0.0	0.0	0.0	0.0	0.0	0.00014287821851569594	0.027106152837129516	0.004164829254388268	0.06143137354903313	0.0039041681329186014	0.03631111543976548	0.05635669460983035	0.035442592708933546	0.026357194094435345	0.00046444770737099565	0.0006612290892174705	0.0014469676847075296	0.0012356789578085688	0.0005725213755273501	0.000798805034079726	0.0013842360406456737	0.003730631540440265	0.0018265465804972378	0.001083526588597076	0.0014619341137687408	0.0010028118466679362	0.0015830845753360442	0.0003612589696661879	0.0005465957826802783	0.0012949186048542398	0.0008215452879868619	0.00013163789082297416	1.6072306554076755e-05	0.0013557754249999166	0.00022569278699024898	2.6826376061661575e-05	0.0018884594907723348	0.00040295555765314944	0.0013380254177231543	1.8258725340782e-05	0.0017422803347816184	0.0011460732816637822	0.0006855465913882789	0.0014140628017502866	1.865295923317227e-05	0.0008650531735842676	0.0035132834325563096	0.008899996750856542	0.01615940650970323	0.002484054411502305	0.01028001878252263	0.021587967672185335	0.007737301602315082	0.023703985109998008	0.014328181793324263	0.0002686653203365923	0.00044006901722646403	0.03694189045564928	0.01454987413138195	0.0039316576177930215	0.021637770572050494	0.018662551459514048	0.011138430085247637	0.039410923320974504	0.029974801563005474	0.02283107041290763	0.007030503407145571	0.013079478514985926	0.010391903858142036	0.013966805955903477	0.003318930405845978	0.018236430285329897	0.011023496878957387	0.022481429200670464	0.0448772418578051	0.038615865972383485	0.025292613395930908	0.04024580420024179	0.027699098303682796	0.004929684861989354	0.028994071961965896	8.737492025423548e-05	0.00015434547432599825	1.1879031795706341e-05	0.0008720771604047272	0.010629370654538653	0.0012681222719747116	0.0022161998137352357	0.007758013161109759	0.0006254705970155567	0.0005944137449120508	0.000959305944287141
G[T>C]G	0.0	0.0033222591362126247	0.0	0.0	0.00625	0.0	0.0	0.0	0.0026109660574412533	0.005291005291005291	0.0	0.003125	0.0027548209366391185	0.006060606060606061	0.006993006993006993	0.005780346820809248	0.009009009009009009	0.0	0.006535947712418301	0.0	0.0078125	0.00013178762643075394	0.0034057918161690182	0.0010216727786049311	0.00018056736619484378	0.003026153544939268	0.0012502904841820337	0.003082825065689396	0.009087923197994145	0.014398540332944526	0.0009436155841721351	0.0006301712454835039	0.001548050162893105	3.086638593676129e-05	0.0006020221120274371	0.0004550443555513455	0.0006801090849599752	6.382084569897181e-05	0.0004945483755285247	9.100583452187939e-05	0.001431554030129336	0.0004859243299604604	0.0003113038776798688	0.0009012871862752547	0.0011671203784878017	0.00018133474929465113	0.0005662228723349071	1.593232656782095e-05	0.0003930363918463349	0.003356571547912762	0.0005518505855127446	0.0005695278312023843	0.0007135390227775003	4.52143200124672e-05	0.001035450067998633	0.0001975486343224527	0.00039013846823520197	0.0008219489099749631	0.000598349193703318	0.0020965071405275155	0.0005063051989372139	0.0007692744687131952	0.009022010003904315	0.004897177374877993	0.0023061188900985207	0.0012399232165656697	0.003921446284751519	0.017091478467463943	0.01860672203864655	0.015134084259158163	0.008512722023335998	0.005980625427000736	0.003440911499121085	0.00432003792840847	0.007976683549632598	0.01654334177084747	0.0055885726793891794	0.0018440407501707783	0.0056735504905566	0.001951338780348136	0.007501950297448732	0.010510798503094177	5.885139399794384e-05	0.006251658473235211	0.007859584105830807	0.006944224927433735	0.001148485990328041	0.025212855672437244	0.0021842561930414776	0.007407839820814168	0.011823997611246705	0.0013414163988920696	0.006378112849171597	9.283502818956654e-05	0.026519786436826127	0.010215784759238672	0.011257480884270823	8.863487486225522e-05	0.00018550524622290923	0.00032825540746964115	7.786708028092955e-05	0.012189835319835375	0.0003010565381962877	0.0008555365861390325	0.00011637423183426838	0.0013519603306848037	0.00018688775103460075	0.0021984325649730997
G[T>C]T	0.020833333333333332	0.0033222591362126247	0.022222222222222223	0.0	0.0	0.0	0.009708737864077669	0.0	0.0026109660574412533	0.0	0.0	0.003125	0.0	0.006060606060606061	0.006993006993006993	0.0	0.0	0.0	0.0	0.0	0.0	0.0001679060812286337	0.015127380931421401	0.000625511107211143	0.03451991028137889	0.006335231058689517	0.014831861964646493	0.018703860154239596	0.028498662510389232	0.015057075729323867	0.0014928593185263325	0.0009417522969490915	0.00034141029467535936	0.0006853006483401804	0.00032899531272523536	1.940555677426103e-05	0.00016179276199450697	0.00019576903448778913	0.0004985691550121783	0.001563259106661326	0.0005475481881912686	0.00038947971749173234	0.005299314200699094	0.0007816948807600185	0.00022705676152507672	0.0016999135232483174	0.000116353036254464	0.0003680531730141683	1.6727947849894257e-05	0.0037217639339559424	0.0005508730857418768	0.0015772380214949806	0.00025523279441301246	4.7162964943385836e-05	0.001084292027789893	2.0534246642329763e-05	0.0009625401754130479	0.001025507667910833	0.0006427696561533363	0.002363971557160033	0.0009120376186251763	0.002283203651880458	0.03105175385744791	0.014255970121001535	0.02200279040947303	0.0009388523454323107	0.02694543823961507	0.012508702853030724	0.031113087967469786	0.02884556928537954	0.02458018279162532	0.00031357023657952463	0.012137662216483217	0.016631179526781656	0.03024706869192306	0.012224315698703973	0.02300249177265005	0.015136613885751604	0.011003005110227183	0.00857790028310732	0.025127604472699207	0.020977762447354588	0.02122682897464954	0.05090785840259802	0.020224172281356114	0.01910528396550645	0.0065955397172425875	0.015092768212666358	0.009670688636601971	0.023032216229861926	0.016332891310284172	0.017747940545973187	0.0301887355810909	0.050975094735375814	0.03259439824701072	0.013934976975887782	0.033419789995188694	8.351162342128762e-05	0.020277222461033927	1.1679689530137765e-05	9.83312409166608e-05	0.005664144110029818	0.000500812921897337	0.000605333318401167	0.009888717841146682	0.0008112707090748326	0.0004881706989204355	0.00041232364419846625
G[T>G]A	0.0	0.006644518272425249	0.0	0.0	0.0	0.010638297872340425	0.0	0.0	0.0	0.0	0.0	0.00625	0.005509641873278237	0.0	0.0	0.005780346820809248	0.009009009009009009	0.004807692307692308	0.0	0.0	0.0	0.007095204032115933	0.006329154555211015	0.0004000912221481946	0.006895380709667572	0.0003478466739346771	0.0012680902808686518	0.0012246363703191706	0.0034312819834784922	0.0012441469058891937	0.00010559737782514869	1.389789449240683e-05	1.3363169907292548e-05	2.8143857379430752e-05	0.00012370211595132396	0.0001824681192351163	0.00015056863359681538	0.0001929547808052796	2.1711372986567626e-05	7.588472025862435e-06	2.4072511485986926e-05	0.00021001288477144077	0.00014216095879566375	0.00014620773550375242	0.00011875744384120573	0.0001818044770324715	3.597134321554053e-05	1.714327794953815e-05	0.00014563401987980406	0.000685303257190802	0.0005315044893171909	0.00021423133850252194	3.2246347234122046e-05	4.6951141330503126e-05	1.0167821135271206e-05	1.8778532745261506e-05	0.00013480781558855082	6.54453010311242e-05	2.2849969820118555e-05	7.494738655160351e-05	0.00019358110553517352	0.0005100988897332663	0.0001318556996824548	0.00016509120508096902	0.011362830743184768	0.0003098272360706827	0.009728510864325928	0.001745651522236615	0.0029632945907609605	0.00199393528951448	0.00532090077279945	0.0033268584766280754	0.0003495527657137005	0.00010132516665511605	0.002272275954890669	0.0001363139043085149	0.00218474596427716	0.0017519676668804145	0.0001285543765775292	0.004965123446258528	5.234774583380365e-05	5.1565308137018456e-05	6.377692599592086e-05	0.0015976938512893065	4.692997311668581e-05	3.627491229860667e-05	0.0003653109103500925	0.00014942782067641478	0.0012513315157239506	0.004367621817549055	0.0023412867303340855	0.0012854819378893018	0.0022175200411801905	0.005404981243813035	0.00023801811967405688	0.0003475404072019975	0.0008969748646589058	9.528843593356655e-05	0.004544496031094001	0.0005701159618491743	9.189266712047149e-05	0.016854071869312023	0.0007124348343228678	0.0003460140904526158	0.00012777895814159782	0.00029463251532815886	7.417501036302572e-05	0.00014797075649090137
G[T>G]C	0.0	0.0033222591362126247	0.0	0.0	0.0	0.0	0.0	0.0	0.0026109660574412533	0.010582010582010581	0.0	0.003125	0.0	0.0	0.0	0.0	0.0	0.004807692307692308	0.0	0.0	0.0	0.0039270812271376175	0.001391250015535196	0.007006482558118912	0.00012662838530884567	8.253038262673671e-06	0.0022795182835193837	0.0012828491114817908	0.0013470142776039241	5.6731063058839633e-05	0.0001131620673639255	0.0003442995104188474	1.3092359512503015e-05	2.5225941206092705e-05	1.3835218654415751e-05	2.1323492197257485e-05	0.00014416119746877594	0.0001770913891775812	0.00019892839704680585	0.00041251775304261833	0.00020799793757076646	7.456657151948545e-05	0.0006547447055477671	1.632198373991411e-05	0.00012721400087926075	2.173822865504263e-05	1.2501265048855232e-05	0.0003680048895231492	1.653520584270833e-05	0.00015793343069544236	0.000229379130649731	2.5680224618330126e-05	0.00026084017588071665	3.9016260068836496e-05	1.1446194769972862e-05	0.00019981134859748287	1.5198971409791472e-05	0.00017896809950750298	3.0561578333597504e-05	7.6139245420033775e-06	0.00018720975943904204	0.0005098040112949711	0.00025142607209660046	0.00040195418497814895	0.011356962429168288	0.0010682696125196942	0.0001629444614692669	0.00029831976729717725	0.007882372911857173	0.00031221200528705993	0.00013291683498459423	0.0013746375073999512	4.056964292615762e-05	0.0009179626445284094	8.552621404315597e-05	0.00012483269140770302	0.0005774740343418438	7.384396376160164e-05	0.0012343948353736897	7.44636480601003e-05	5.528154610877734e-05	0.003521878110904003	6.529466362350008e-05	7.511974004350862e-05	5.3564222092237834e-05	4.4170410982921935e-05	4.5291743630472836e-05	0.00030174128822792336	0.0022605155043306613	6.982975417750854e-05	3.9493613530165396e-05	0.0013720074201953598	0.001079366305246155	0.0002661697068734137	0.00036688211538351244	8.420630677667218e-05	2.9311068406076533e-05	7.781584165466468e-05	0.0046134909628347195	0.0008708800023135068	0.0037562143155905623	0.014219255855564324	0.0004684826963616327	0.0005807785057486247	0.0029069417011232334	0.0010662782227574552	0.00017198097351055642	0.0002464333708652362
G[T>G]G	0.0	0.0	0.0	0.0	0.0	0.0	0.0	0.0	0.0	0.010582010582010581	0.017094017094017096	0.0	0.0	0.0	0.0	0.011560693641618497	0.0	0.0	0.013071895424836602	0.0	0.0	0.00686129499062864	0.026425007757455054	0.04858401308949922	0.02534575696655962	0.0032332290630399784	0.040082672466012485	0.035301591743499124	0.009085230717339158	0.021387571947796676	0.0004588074284956919	0.00015239388880187706	0.0008792136386714231	0.0007188413710558707	0.0010023546599611532	0.0010707596459338478	0.0006705834541935953	0.0005048097509315117	0.001842450258063585	0.0018201122890841106	0.00020864176828718387	0.0011354699045006526	0.0005773649202412139	0.0012695074224593791	0.0008329830391073104	0.0017024081034446145	0.002433906541345355	0.0006890105441600464	0.00015983286051807848	0.00037559472640622785	0.0005571747591186654	0.002004372590206396	0.000679459378757491	4.112038590886133e-05	0.0019089036108632424	0.0017919145046025342	0.0013343161471188305	0.0015992888183688893	0.0006234029908415524	0.002072556688339128	2.0513046330857175e-05	0.002319947108021721	0.0014849889458345344	0.0019943071644672587	0.0003320179260707023	0.0009723760139489784	0.009722160332343804	0.0016950300580831643	0.0049101901999977875	0.017060688308628075	0.00311350813809154	0.0033576191064004692	0.007648676423232878	0.022166049533491765	0.012445249898014	0.0193161347741664	0.011176570319008114	6.897185607975688e-05	0.03276394698634445	0.00889028734187566	0.031484773714183845	0.018245239924869497	0.01916183067677424	0.02933413442627289	0.019070113184034645	0.01662412450057778	0.0005026316601588885	0.008418957722351787	0.029545441116569406	0.009342373732335377	0.015407847187911767	0.028647507051584153	0.015328999621030051	0.015588420917145303	0.01589882916898709	0.008489204292932545	0.0067858059452248175	8.502557825552881e-05	0.011320552374146373	1.2546670322649774e-05	8.220508871759271e-05	0.004836167374365519	0.000816015686992322	0.00041476454074220386	0.002727391873367051	0.00015394157006463072	0.0001687737559051631	0.00012082592476359816
G[T>G]T	0.020833333333333332	0.0033222591362126247	0.022222222222222223	0.0	0.0	0.0	0.0	0.023809523809523808	0.0	0.010582010582010581	0.0	0.00625	0.0	0.006060606060606061	0.0	0.0	0.0	0.0	0.0	0.009900990099009901	0.0	0.017597176414408645	0.00016689068482992754	0.059177922054382846	0.0001892576681209775	0.0004844606001261651	5.5282834049593107e-05	6.135547916908741e-05	0.006513077801948538	0.004721850935719183	1.0129438799635363e-05	0.0003413610955823772	0.00032587292118124256	0.00046848096034877133	0.00020513457406410392	0.0001653962680817831	0.00015844910590006472	0.00044967571067329416	0.000913440992932169	0.00022272326336308316	0.00022101838674603026	8.395511052076977e-05	0.0003044793375701634	0.00013627427697555344	0.00030933044208226833	0.0001964314356004822	1.5983656677310608e-05	0.00016198114179200122	1.0663188835791563e-05	0.0003513193920509289	2.2866528285480514e-05	2.2020789483893525e-05	2.973798972889046e-05	3.859678726485643e-05	6.150139088937089e-05	2.1854951997843378e-05	0.0001538811125543778	0.0003150243778246003	2.3028755798962326e-05	0.00035366834992409146	0.00019455711213073475	0.0018494077469604657	0.012370900035884442	0.0020224045590612303	0.002608747405964302	0.001428568797248304	0.003809695652406297	0.00031963082626517575	0.0016116262394968589	0.0004292635575791188	0.00014518426286107083	0.005906895082858829	0.0015879678148152457	0.0023639853708683693	0.0008530485944346792	0.008957999187989934	4.9184528413477215e-05	6.480265159769156e-05	0.0005229287305376821	0.005075425183604349	0.008821264326994496	4.869414938685133e-05	0.004045406254672362	0.0017533403151803674	5.011022065640914e-05	0.002684488011634578	0.00011770512736816332	0.00014631166527110184	4.854384896317118e-05	7.597050702472446e-05	0.0023036265866762436	4.886711818236357e-05	0.0005818342167133825	0.005475051629995759	0.0033938216936197333	0.00030932300193339476	0.0031944155366342123	0.002036587039175266	0.00017961225378405857	0.0011175153692606944	9.888744661186418e-05	0.08315342509521434	0.0006158737206726736	0.0007162418820850991	0.00011045459094367489	0.0009309200010918392	0.00015237525268164552	0.0008052391162848903
T[C>A]A	0.0	0.009966777408637873	0.0	0.0	0.0	0.010638297872340425	0.009708737864077669	0.0	0.015665796344647518	0.010582010582010581	0.008547008547008548	0.021875	0.008264462809917356	0.006060606060606061	0.027972027972027972	0.005780346820809248	0.0	0.004807692307692308	0.10457516339869281	0.009900990099009901	0.0	0.006966853170669371	0.019403971083440632	0.0032819415311377336	0.00225227175004093	0.001196672518803123	0.04387833857237188	0.0011168738901843644	0.008371600091778546	0.01209746746618522	0.0009350595321136551	0.002017765525684583	0.00012992040327760942	0.0011396297140380909	0.0011669827074607256	0.00047029583324853855	0.0021197766118888502	0.00045661059566791927	0.0003452819344674399	0.0008720512817339652	0.0004142713042254022	0.0027646624214037936	0.0018860916357089051	0.0025387235849256384	0.0007658834828087634	0.0008574113888654336	0.0010299972948981625	0.0001966257625161001	0.002175016153832544	0.0004981746404436785	0.0014761260965140772	0.002051554442064757	0.00027233143731086515	4.614997570614438e-05	0.0019064164974569706	0.001436218534792536	0.002686172648369837	0.0008544200413125113	0.0016633897541882409	0.0007442985844371296	0.0009073242101210562	0.0004564288222418047	0.0018302335138385057	0.022399476180520055	0.01567911827557968	0.014352254407869455	0.05184719288316713	0.0026246844804387512	0.043871175543789026	0.025227767190607427	0.017633455462607268	0.049845965271049585	0.0001359976989953	0.0003243879609307878	0.0002900254185606861	0.002453091486484144	0.013504256173288863	0.0009917208863443935	0.0032008837289163538	0.0005988152730935514	0.004196359595989445	0.0020402771908245385	0.009932433785647798	0.03189787422815447	0.007181198976077381	0.00013464671515982902	0.0010903493743479279	0.0028095876326551914	0.027559457030751633	0.015155207911427349	0.01864037956427178	0.009738939738118313	0.000597539299009949	0.013489623893345501	0.0041968551290705374	0.007456829320553252	0.0001999903059365544	0.01160760053762021	0.01991160547183929	0.008800686851602742	0.007375564532242897	0.010511291608527084	0.016912624693574612	0.0018236631659399054	0.007559278134663311	0.0073025570061877	0.025784940379297176	0.006510161716971736
T[C>A]C	0.0	0.0033222591362126247	0.0	0.0	0.0	0.0	0.0	0.0	0.0026109660574412533	0.0	0.0	0.0	0.0	0.0	0.0	0.0	0.0	0.0	0.006535947712418301	0.0	0.0078125	0.00017317370365690674	0.0004684790935341322	0.0003000612095869456	0.003772892085727694	0.00019063601127695568	0.0022461238973326735	5.318501534329125e-05	4.0506399681874383e-05	0.00610954561888585	9.310554807307229e-06	1.3731034930554146e-05	0.00012243244195953633	0.0012437492305698787	0.0006069259880209941	1.7115882982173006e-05	1.5463969191977613e-05	0.00047403342514984107	0.00048764150410094895	0.0006222141430412984	0.00018583341438557584	0.0002875604688075248	0.0030088924574919753	6.490217178510667e-05	0.0003331780127748859	0.0008762539845230581	0.0008421278650773304	1.550854104691093e-05	0.00037613588392810887	0.00014537164487623058	2.1985966376561524e-05	2.3742785171356207e-05	2.9364886611059694e-05	4.3112012983332e-05	0.0010036963435034422	0.00018820075048401472	0.00025519654782222266	0.00030287742832345245	0.0002467674704338279	0.00010455309936425122	0.0009133667489228938	0.00022498979581851011	0.011180421058848648	0.053807932929909576	0.009374453732111633	0.08765917295799551	0.01697189760691157	0.004774709796050496	0.0028729249597664866	0.008776886688833876	0.0029808791872625	0.060682435132578004	3.47864186753936e-05	0.001064061087035121	9.023943990361913e-05	0.00014214530172154032	0.0012951568287171047	0.0006860491397885761	0.00047491126516815827	0.004862347348551215	5.647810177105586e-05	0.001316495037112645	6.676031371734231e-05	8.126546483910157e-05	0.001163059404771738	0.0010184332893571838	0.0001047524066369977	0.0013003969158644514	0.00693305128496487	0.0015615431537517146	0.0023054286009565315	0.0012975148407019157	0.0010615006377827643	0.0020120236154390144	0.0016163968346933593	0.0018536696731284194	0.0024076880179802456	0.013605867629375046	0.0017385773122170695	0.006283011318523788	0.003723426140882952	0.00488225534420984	0.0004397833021362611	0.00031102767672143195	0.01339555754290975	0.0007121868748266259	0.00015259413870291266	0.00019525574354021096
T[C>A]G	0.0	0.0	0.0	0.0	0.0	0.0	0.009708737864077669	0.0	0.0	0.0	0.0	0.00625	0.0027548209366391185	0.0	0.0	0.005780346820809248	0.0	0.0	0.026143790849673203	0.0	0.0	0.00015215756850339588	0.00347474817862299	0.0004196613358773799	0.00014355876214969607	7.27632726010457e-06	0.003476692570351179	0.0012884954060274287	0.004877356069793993	0.0014030991375551258	0.0004508155804047585	1.2411492243266229e-05	0.0005961092884542185	0.00027987032565135006	8.81394475928197e-05	1.8209288569265666e-05	0.00016677380145439083	0.00047027750565592204	0.00018763065343682623	0.0012858238763770347	0.0009904922142129088	0.0005775513160724724	0.0003254473483222879	1.3388655915013314e-05	2.6551114640681846e-05	0.0001746974908462915	0.00011183984275562231	1.6636368817872843e-05	1.6516794858691266e-05	6.291478799677241e-05	0.00024287273513218322	2.6324231126148538e-05	2.337297460299868e-05	4.0750581125825515e-05	0.0002942287787060066	0.00048475764035103754	0.000375725803066092	0.00023243829386381304	0.0006036590845413094	0.00036580971014673746	0.00017732838284743397	0.00020147372935259343	0.02379412557508203	0.01523473804449176	0.03342077746593592	0.058644160986150974	0.01718538774910815	0.003217209109987855	0.001680933126630402	0.007031198656671219	0.014357312165312372	0.011717414592193571	3.551700505738087e-05	0.0010228639091031137	0.0007793757055873001	0.00014235814473809733	0.0013088201527397688	7.743601165151326e-05	0.004343971188626224	7.742247146343548e-05	0.0014011116430246147	5.9920117350121796e-05	0.010516489362141106	0.0016863532417809076	0.000437756276021012	0.0009754669129710931	8.646609488572139e-05	0.00023638636926170297	0.0012408696068034529	0.0017586691132074762	0.0008838160298297196	5.28075470654877e-05	0.0006498218952215535	0.0007745247482474649	0.00041113119194906023	6.82078242860594e-05	3.4921009283773755e-05	0.000796687804291131	0.0016715373668571714	0.0011692593129463157	0.0007811651531543706	0.011402582974555592	0.00041626143326301294	0.0006412649710218031	0.0029416453833935614	0.0037535147653689205	0.0005809810324785753	0.0006492608441638609
T[C>A]T	0.0	0.0	0.0	0.0	0.0	0.02127659574468085	0.0	0.0	0.0	0.005291005291005291	0.0	0.003125	0.0	0.0	0.0	0.005780346820809248	0.0	0.0	0.0196078431372549	0.009900990099009901	0.0	0.00696108232703315	0.006130201367825802	0.017829751794649632	0.00016856294628501313	0.00012621504769253612	0.019028759277584278	0.0033008096020066373	0.0017318151821707171	0.010413672904813397	0.00017217888478068558	0.00014142719809502824	0.0015185220396750287	0.0012586168393664816	0.0006076426915235009	1.9243865253685766e-05	0.00014970479212711096	0.003652405993643171	0.0004948383975634456	0.0010449717195896019	0.0005540754997225432	0.0022177278268137764	0.00040274722447011324	0.0012282613391492046	9.955360593119532e-05	0.0009759094746477151	9.540018053898752e-05	4.8397510732266033e-05	0.0007623073992739656	1.4624488131769859e-05	2.302976509672489e-05	0.0002207016715448875	0.0002610372200658866	3.768784799730087e-05	0.001050162106397508	0.00048544037298722543	0.0013822809301548547	0.0003631053826032175	0.0010615054797628676	0.0003972076876940936	0.0002153805163654521	0.0004860452568365868	0.006786817853049212	0.0026984711111972524	0.016690442576206957	0.10079768428980466	0.009839792827134024	0.005766477435288633	0.018794684065304858	0.01674950420085015	0.035562272552476924	0.03804775082460722	0.0001182684132084634	0.0025115765819363725	0.007987387706552771	0.0013430125384359744	0.00800709399990009	0.002949347072150828	0.004460000704321771	0.0007300781975348274	0.0008024996236435314	0.001266079463366538	0.0003605890882979716	7.482341691882222e-05	0.000371660227639507	0.0009754240226683429	0.0003769647593880756	0.0032448545751519297	0.032829427015096856	0.0028900921245703535	0.0004521896984735096	0.003562848891180601	0.001671938057689836	8.452663833055417e-05	0.0002164134906220144	0.0007186665103128931	0.0032199055140751573	0.0036835224856726708	0.004726404525122663	0.00442154837608481	0.011872009063746292	0.012287259076447923	0.0013870667102148925	0.0012971541244553892	0.019465514236855833	0.00043028857877458834	0.00042001745775298554	0.0005405171073633679
T[C>G]A	0.020833333333333332	0.0	0.0	0.0	0.0	0.010638297872340425	0.0	0.0	0.0	0.0	0.0	0.00625	0.0	0.006060606060606061	0.0	0.0	0.0	0.0	0.006535947712418301	0.0	0.0	0.003900943381365851	0.001444166172201057	0.00016486034170048178	0.0001297308883809466	0.0010479989916382167	0.00019767054665599887	5.66165454689363e-05	0.0034459841871903748	0.00043401457836005585	1.1395574423971336e-05	1.2295551603769864e-05	0.0003318055697795978	2.736364577581824e-05	0.00013537099506877494	0.00017159568912466133	0.0006786243950750696	0.0004906560872230603	0.000865545572210888	1.1419255444203437e-05	0.00011331960699530132	0.00021136909737630666	1.6207614332996857e-05	8.060582390993417e-05	0.0005739395616731106	0.0003415107048665697	0.00012719354053303118	0.00014971355969300773	1.8476664291747753e-05	7.354772259422136e-05	2.4475581791884165e-05	0.0005620176196433661	2.689548288456593e-05	4.286520539846001e-05	0.00011121327954141269	2.211695672777604e-05	0.00014847899144645758	5.096349625410853e-05	0.00021902470259406855	0.00020544780326812147	7.341691926667368e-05	5.135209101012423e-05	0.03525536789018879	0.015173654135555778	0.016614897427651227	0.01938203709016465	0.03424333373169161	0.02523014129371885	0.005366930602787714	0.0010637133270643417	0.017634771510408483	0.00023989213505010075	0.0003698709771870228	0.00011568471019194959	9.66061960514317e-05	0.0015022025912193033	5.732945434038425e-05	6.354491093544228e-05	0.0004128930302265215	0.001922564899352846	0.0014293758430377105	0.001326702256830183	0.0054135069095447965	7.998078316979416e-05	0.0030777341598076	3.8877627443072176e-05	0.0002520648438125371	0.0001353487241790801	0.001238218030404344	0.0015953203439030676	4.0913202136815694e-05	0.0013833520524158605	0.0001207115487868935	0.0019419518176202594	0.00015662318493944974	0.0017894944885278985	0.0003826990666720575	0.00010370187291338253	0.011427879533082606	0.003183041706749158	7.623311209925875e-05	0.006954418230950956	0.0010304639643037815	0.000523772382100252	0.010153593233357176	0.0003129868259142906	0.00015370029082738374	0.00016924475461404327
T[C>G]C	0.0	0.0033222591362126247	0.0	0.0	0.0	0.010638297872340425	0.009708737864077669	0.0	0.0026109660574412533	0.0	0.0	0.0	0.0027548209366391185	0.0	0.0	0.011560693641618497	0.0	0.004807692307692308	0.0	0.0	0.0	0.0001716704052197533	0.00014426955602252168	0.0001647792174949806	0.0001547331560761107	0.00017980061574941408	6.0071884443732697e-05	0.00325184323755355	5.388890753410169e-05	0.0009327072628659903	8.436024246044302e-06	9.41841269383765e-06	1.2791361740819485e-05	2.8178993986147728e-05	1.3292085018980331e-05	1.7876090552593066e-05	1.5627214221605476e-05	2.0444947682115297e-05	0.000911403181836205	8.823240905112422e-05	2.06191837051644e-05	0.00022981311851581388	1.4750586451696198e-05	1.5907482297670448e-05	0.00013000994690672867	6.776285180169015e-06	1.4890334650163481e-05	1.4340483331984067e-05	1.6335188252215667e-05	0.00014546901696967167	0.0002326602412774224	2.3232201818052952e-05	2.542717073337382e-05	4.659856778079586e-05	0.00011711031641310138	1.943737885384909e-05	0.0003793276697969622	2.740522869121992e-06	0.0002267169521227316	8.70217525494211e-05	0.00019123040501946604	0.001322342701812985	0.0034801613212183144	0.0020946761437836336	0.002579813565436402	0.0031798667963915477	0.009772263747496856	0.021662427903158258	0.007287804750917418	0.013160286444770034	0.0024182110161961533	0.0032070291158113715	0.00041790028282012655	8.762166086832329e-05	0.0008956318638446904	0.0001658395105578573	5.165746216006413e-05	0.0017333350133247897	0.0005636745539643082	0.0018351037839610912	6.11848196439123e-05	0.001383075677078169	0.001532458182177224	7.026420975344743e-05	5.372265645084282e-05	4.351530527964527e-05	0.00010446083490115975	0.00013008673962008934	5.268169863237105e-05	0.0006881950559979049	3.7459306546460614e-05	5.762680210940415e-05	0.00023476286705223916	8.872254736598398e-05	0.00038166184541429607	7.48600804789291e-05	0.0009724296461654087	0.005255821836723736	0.0044354353035341645	0.0021128858594271463	0.00374286883689629	0.006767855697937759	0.0008297631338315757	0.0003787707818276025	0.000124527143443339	0.00020806469726342174	0.00017034133298840049	0.0002578200126415873
T[C>G]G	0.0	0.0	0.0	0.0	0.0	0.0	0.009708737864077669	0.0	0.0	0.0	0.0	0.0	0.0	0.0	0.0	0.0	0.0	0.0	0.006535947712418301	0.0	0.0	0.0001373298950312219	0.0013739255951101634	0.000199614824644596	0.00013532328157350542	0.000496778656377174	4.8970689479632866e-05	4.471499414906798e-05	0.0034889694146764145	0.0013118674594985397	9.689834408417504e-05	0.0001486685003026551	0.00012896247957399417	3.230615523479662e-05	0.00033987210732910243	0.00018151919435571842	1.6402118096663748e-05	2.1843463204878148e-05	2.1894100597216447e-05	9.126457374278542e-05	0.000510713464586674	9.408841518771272e-06	0.0001427338385190383	1.7546296342620894e-05	1.3356826577922674e-05	0.0001899373799187465	1.3116878835931289e-05	1.722712460074714e-05	1.377964497265611e-05	0.0006923036994972182	2.2676107469661955e-05	2.5616135159652865e-05	2.9099588603412152e-05	4.244930633663369e-05	0.0003065783891847134	0.0001892750765485667	1.5385077713026565e-05	2.3470685154094573e-05	2.433003206080694e-05	8.419920598889694e-06	0.00019110891225842836	2.0854673577474437e-05	0.008935761749714824	0.0019466061036238428	0.006676661724116751	0.0028673349390960163	0.017026664697470235	0.0002376717070485903	9.877105098405637e-05	0.00863461450512945	0.00014205173214778614	0.001245316069271189	3.962286425081568e-05	0.006246656852344543	0.00010316527265139832	0.0013608437957773223	0.0001421583936868663	7.837170569893214e-05	4.9317294572280226e-05	7.369588236706455e-05	0.0012606373385843676	4.4770973943331644e-05	6.924224866064254e-05	7.040524424732924e-05	0.0011604035929178838	0.002697681278587467	0.0001165902257389872	0.0001460168526215838	0.008359939441383132	0.0006566421426641037	3.466482380736619e-05	6.218145135781334e-05	0.00024073829406989262	7.859178549980487e-05	0.0003515655539259727	0.00331067378960912	3.396309079060297e-05	8.781221382436253e-05	0.00019988502691291386	0.0005968101653493607	8.083484484342824e-05	0.008420511664837217	0.0009278175468757132	0.0003099844594275926	0.015314276485535913	0.00027303978630475876	8.014760886216472e-05	0.00018735113354250292
T[C>G]T	0.0	0.0	0.0	0.0	0.00625	0.0	0.0	0.0	0.0	0.0	0.0	0.0	0.0	0.0	0.0	0.0	0.0	0.009615384615384616	0.0	0.0	0.015625	0.00016489314962489442	0.0013375846382677624	0.00038437051161724307	0.0037891942803908465	8.282499220294958e-06	6.249702262065537e-05	0.003122023836520338	0.0015389960084274078	0.003461724875371161	1.0978017650335463e-05	0.00014177805663523487	1.2708249044048533e-05	0.0002925136419047273	0.0001376218486821213	1.7139739129461e-05	0.0001508454522082216	1.5897401041474315e-05	0.00022408995169090015	9.183733498743233e-05	0.00020860122865046593	0.0002241380052462008	1.45084780247277e-05	0.00013775296046223784	1.2053537487898442e-05	7.243828697473808e-05	0.00011777067980197633	0.0003695514881693925	1.5871504823682935e-05	0.0004011770245480421	1.9758194355929184e-05	1.9440704924327576e-05	2.8875283128672268e-05	4.468706964686347e-05	1.2411879798817753e-05	0.0005865372378349243	1.8265299987414476e-05	0.00017047628699703543	2.166856195682953e-05	0.0003752468581414563	0.0005560841275795059	0.00018618879142880975	0.00020862641147657715	0.005458677060636212	0.0065757363609186565	0.00739911527570517	0.0021292096121938034	0.008574957378892158	0.00012076402392876806	0.017204870049593677	0.003164996275112157	0.0013578733360473977	3.66642927054552e-05	0.002615725061608996	0.0009326255885383503	0.003433973573549282	0.0002205064347968148	0.001637593039228537	5.180302350005943e-05	7.694884559022564e-05	6.147638542485165e-05	6.06183421861283e-05	7.016547460440928e-05	7.764803829554687e-05	0.0011739356286390678	0.0010768548245834138	0.0002893324550809776	0.00013594561879246172	5.370009907790633e-05	6.8439420320304e-05	0.0008797996551423593	0.0004220482620591615	0.0011160867515437592	8.597994153532915e-05	3.290039376555678e-05	6.166014078210569e-05	3.778635068082532e-05	0.0019476148023624676	0.00040192585771704894	0.001781835704837229	0.0035769011211315956	0.006696324851405212	0.0015244147711860948	0.0004988814542531699	0.0028817253935213534	0.0004114805409228949	0.00028915131135568323	0.00022704793713616643
T[C>T]A	0.0	0.0033222591362126247	0.0	0.0	0.00625	0.0	0.0	0.0	0.0026109660574412533	0.010582010582010581	0.008547008547008548	0.0	0.0027548209366391185	0.006060606060606061	0.006993006993006993	0.005780346820809248	0.0	0.009615384615384616	0.006535947712418301	0.019801980198019802	0.0078125	0.004145737515347612	0.011729187686683958	0.0004547828427267678	0.022435910556266023	0.0017307545831998954	0.014905180474076072	0.008757964744658025	0.007134626604358537	0.009218160978809679	0.07585871048499006	0.08009586336251413	0.08208181384440087	0.08900564272043039	0.0856001604219329	0.05838385688542485	0.07462646612982868	0.06635371597332171	0.062457142160976656	0.08623956189946473	0.08564732735225207	0.0884457910859861	0.05975518885178239	0.0744522083105416	0.08405276408644981	0.07595329165034242	0.07698456306920153	0.0856656793443641	0.07493679109565514	0.05858933253866278	0.09257031426299764	0.06555634957266034	0.08373208489388732	0.09098193528260229	0.0853574984120124	0.07479318158705642	0.07929359967839882	0.07732450903987514	0.08212859351643535	0.08497940774915141	0.07630421364312512	0.07342229052155014	0.035028387706280466	0.04175580027969294	0.0529549650710963	0.002013225659773535	0.023461321897936965	0.01763943217268226	0.043198634427996256	0.05163088843464749	0.014847906355044007	0.02559489032386663	0.044870502233228936	0.007290268539657932	0.0006826933678722948	0.0013212438776172995	0.006179031997644555	0.01156594453748542	0.017094764516330876	0.009093693172219103	0.004702187588223886	0.011737218740655347	0.009643185779342348	0.019488264611698478	0.0011381429855318356	0.016728732930010592	0.0004069806868020542	0.025653834974741288	0.0371930505723114	0.0030368487216006898	0.014180879808172899	0.031585305051363546	0.011559320859088036	0.0005304466623526494	0.0011986945281466485	0.008950805621265129	0.004280866757599264	0.08034173530168079	0.011743685995635082	0.08967547694020052	0.12647841888081973	0.004868641441096719	0.0019518249921765883	0.0035056480341547546	0.0010993948963437961	0.0018012377321279945	0.016772971591645962	0.003367910352477613
T[C>T]C	0.041666666666666664	0.0	0.0	0.0	0.0	0.0	0.0	0.0	0.0	0.0	0.008547008547008548	0.0	0.0027548209366391185	0.0	0.006993006993006993	0.0	0.0	0.0	0.0	0.0	0.0078125	0.003769873467068103	0.001253974105789894	0.007777748004773161	0.0038938484829571856	7.096960044391001e-05	0.00235481821918714	0.008153764612340643	0.0005921712182862481	0.00336262826929616	0.13597931053290804	0.12016256596100365	0.12689901486813454	0.13246552538404724	0.1285127922270678	0.14720461894255285	0.13243038829833276	0.14385994218419612	0.13098813797356035	0.12261530453211837	0.13572149664235195	0.12155535550213468	0.12346651419424509	0.1342673504446822	0.13244884049428973	0.12304572869424037	0.11966548697783878	0.1194390200013791	0.1504485869076972	0.06958299076371778	0.13793760082016082	0.14222466131728762	0.10420439908268775	0.1479731234539472	0.13229620415859392	0.11579218607692272	0.11111896587044301	0.1192845009132231	0.12513194440447167	0.08821366715427101	0.10382317260791263	0.0977299705362494	0.006937362454657737	0.008863780750693344	0.019231345113601275	0.004299004482408422	0.023442249073224296	0.0057647045225983845	0.031580003188528216	0.0090852970973035	0.030885692593666535	0.019925021049491683	0.04872648098416241	0.0002470152787605807	0.0055349782980584055	0.0012864462967584543	0.0002043594322880389	0.004526966630445287	0.00030160406476351754	0.013280348283884948	0.003545872111765616	0.0035449611429146074	0.004240864902454251	0.0030787895791020976	0.0012644437765869415	0.004206112059247945	0.0001570873606189932	0.0006954806904044568	0.008213408071567925	0.000693702517007848	0.0011393898145894222	0.015198073990168117	0.0022301279768411563	8.381085904515231e-05	0.0032725750266621115	0.0046978763040518255	0.0015367993840419457	0.07416605526277151	0.028993982947948586	0.08611167158434589	0.10462656463921173	0.008102408033801642	0.00962516216754105	0.003219039698058035	0.012940537213622734	0.0009172654518402843	0.007991814911047073	0.0438510717471619
T[C>T]G	0.041666666666666664	0.0	0.0	0.03333333333333333	0.01875	0.02127659574468085	0.0	0.0	0.0	0.0	0.0	0.00625	0.005509641873278237	0.0	0.006993006993006993	0.011560693641618497	0.0	0.0	0.006535947712418301	0.009900990099009901	0.0078125	0.010106278872048593	0.008496225241616893	0.0006142269907466427	0.002398626461846251	0.00033895359897288726	0.008738115109097012	0.0001744236790600332	0.007398444497963491	0.0005086928476283138	0.052540847465839355	0.06535024738821205	0.05372166978193854	0.05594017638231415	0.05530058742505706	0.043718305002125764	0.06152378013857873	0.05144880362913673	0.05538783583649306	0.05825066617726177	0.04548338407118895	0.051863103458623466	0.04373895332916672	0.057713109864021304	0.06454130864055124	0.04406611058651066	0.04963276041322755	0.05468097146726387	0.0433001857173187	0.024733704399786123	0.04608552303993177	0.047255208784498334	0.05989249820001713	0.05332130946837688	0.04877652578002392	0.05388733456684141	0.05516952794453386	0.05390211986351684	0.07277423459359776	0.055034088098733766	0.05611858161879351	0.05132339786247296	0.013955600469079002	0.010442498056449439	0.016459708180360792	0.0022633035059265974	0.02502255054364931	0.0029814742597233284	0.004911211479040042	0.015536852329350348	0.027425084247567424	0.003503774610795241	0.03866456655095825	0.00031136297907076595	0.00018319297796237622	0.001981829298393397	0.00886654126874034	0.007856508917237956	0.0003144460624273422	7.97693337951274e-05	0.0013952923777936753	5.5733799489205406e-05	0.0015852400472578401	0.00283078595612628	0.0003505007186900036	0.009181845108280892	4.698861916170118e-06	0.015445691908013847	0.0004793336022464968	0.007170216001264529	0.004023091322562451	0.00017066594421991818	0.001541139707012279	0.00022043213971982578	0.0032549317512047013	0.0032687438260483475	0.001465104103354542	0.03245275266675826	0.019938869104155856	0.05577059775725373	0.05481297251748052	0.008821757642383155	0.0027114202938865804	0.001116060578112059	0.001355762900950247	0.0007641050042303966	0.00683309228986628	0.0006773455898800861
T[C>T]T	0.020833333333333332	0.0033222591362126247	0.022222222222222223	0.0	0.00625	0.010638297872340425	0.009708737864077669	0.023809523809523808	0.0	0.005291005291005291	0.0	0.0125	0.005509641873278237	0.006060606060606061	0.0	0.005780346820809248	0.02702702702702703	0.0	0.006535947712418301	0.0	0.0	0.004097588973966411	0.003331392246975285	0.00032385196219998326	0.012329768137704767	7.540331611994097e-06	0.02127198517059851	0.008368709005354358	0.004471013509386765	4.870904223063989e-05	0.10892862124110703	0.10382662657542359	0.12112610730656956	0.09059068098116464	0.11651248166560688	0.12050375544670074	0.11877258482069586	0.11895117028245178	0.14320479563911745	0.11381037226354496	0.13620126973944216	0.10449509025431941	0.12242482531641453	0.1125494777143403	0.12485654293213362	0.1306670192005326	0.11552618091751775	0.12848526508091873	0.13391307047817366	0.07841599997802673	0.11086351776532098	0.12652838609549225	0.11640879466416819	0.14360725488519033	0.11233873968181053	0.13425807420251382	0.14066811790238565	0.12638644640421226	0.12091315936428655	0.12118872657387839	0.11084372713152506	0.1141911283969077	0.007794888158032166	0.0005161895259199456	0.03420516813658889	0.0015940071817702056	0.021772312522093325	0.0006213652099145974	0.013074693896862938	0.001344717005142385	0.0033095844391238484	0.05851758179465092	0.07023913853410668	0.008731743581864305	0.0023372579640512617	0.021986725389198408	0.011795107957554469	0.011734965128392654	0.006502901639516489	0.0017774668431776277	0.031049858897370896	0.0035400043202605366	0.02279943164843138	0.0010426744654938314	0.025274191864547137	0.01684660788517638	0.0005767164253768666	0.01679021425747764	0.012670884695577166	0.04142127244362245	0.014854132469195497	0.021478973851856823	0.00016041306641595727	0.003765050876473888	0.007160956145257978	0.0036246600087353428	0.001491235032354959	0.03295617049968534	0.06844128832199567	0.07920808166498139	0.11315366004728543	0.006159687321073161	0.36400764406933744	0.42671364745872403	0.0029746269228690366	0.3109222265724285	0.2033416592156788	0.20117271149432975
T[T>A]A	0.0625	0.03986710963455149	0.06666666666666667	0.03333333333333333	0.05	0.02127659574468085	0.04854368932038835	0.047619047619047616	0.031331592689295036	0.037037037037037035	0.017094017094017096	0.046875	0.03305785123966942	0.04242424242424243	0.04195804195804196	0.03468208092485549	0.02702702702702703	0.04807692307692308	0.032679738562091505	0.0594059405940594	0.0	0.11924555873947487	0.033701078156940165	0.0922023049308295	0.038286942050218944	0.07427074755741908	0.046180261166027026	0.04355070881105421	0.04838391411422688	0.025778962969950456	0.0012049222161498627	0.0019406948265245879	0.0051435885096335916	0.002474141540091148	0.0021185272973450156	0.00392015593572058	0.0016737884304053458	0.004062049397967598	0.0005089820184857239	0.0019428549999431874	0.0038504672898308757	0.0028737910790613895	0.0027062937355127655	0.0023851609617482716	0.002144939224967796	0.000930126075511769	0.0009446312724839938	0.004140792493417822	0.0037885107232248725	0.026008229990177576	0.0014346004678224833	0.005273337520187362	2.6902405570575585e-05	0.0006405686059731727	0.0002614083603525975	0.0013903064713197575	0.0037502403076205334	0.0017897984595080794	0.0019482262807248997	0.0031347431372551475	0.0018414074091950695	0.003938675938136078	0.0010952738635448633	0.0006771323067610784	0.020722252052638824	0.0019578552420035714	0.00015982588578596947	0.011240659459595343	0.009157630018078098	0.0022754297321358496	0.007040011534241227	0.029273821450197236	0.01056706225399335	0.05741882310955196	0.03912193763110614	0.061519734477222345	0.051254808081052	0.04922681592754179	0.021286549299094754	0.046105140750781204	0.049259545287144234	0.04079170171560971	0.05481201954297388	0.02159835734883904	0.032566261197053345	0.04687900967513581	0.07931216427675923	0.03126031150861755	0.0439508426726458	0.049445731431531297	0.04053278089920014	0.05741390723541567	0.027245712786436654	0.03810764152824872	0.026379986939287125	0.034041032520615196	0.022662883909253074	0.052127097192591426	0.044619727952656285	0.03266749678213624	0.025350489517313356	0.007816698935045089	0.0726899521230558	0.004367608188529625	0.005499134613975302	0.08769760430316643	0.09973587985324273	0.2538675514272574
T[T>A]C	0.020833333333333332	0.009966777408637873	0.06666666666666667	0.03333333333333333	0.0125	0.0	0.009708737864077669	0.023809523809523808	0.005221932114882507	0.0	0.008547008547008548	0.015625	0.024793388429752067	0.006060606060606061	0.027972027972027972	0.011560693641618497	0.018018018018018018	0.02403846153846154	0.0196078431372549	0.019801980198019802	0.015625	0.04833662145356194	0.015537742113902115	0.027642166379730073	0.00015585764485121512	0.03241765001625715	0.0033838291194138058	0.015629426222154925	0.0061835041536495595	0.014825690316969954	0.0001432967082838273	0.00014058352798134805	0.0006286082282212097	0.0007038314604215253	0.0006040562034812666	0.00046119729312512627	0.00014399064355548048	1.9450723674784213e-05	0.0008918100390077245	0.0002763636658165325	2.1315362968477098e-05	0.0007688791576391046	3.3321647972322156e-05	0.0003418962494803451	0.0005881337379940344	6.10978186664248e-05	0.0007792693146609853	0.0003603675104394946	1.3855198177665166e-05	0.007524718759065764	0.001003941809671305	2.155978312307748e-05	0.00028270253428299775	0.0004228090057803689	0.0002959714955403956	0.0008604852357101676	0.0010009037257871242	0.00022992265081058695	0.0006807679926592399	0.001401424129109455	0.0004999566896278031	0.0033610149689272603	0.027820287972287586	0.030869773960293913	0.06550532820847037	0.013051327891034371	0.03249018508493297	0.0005065363980470614	0.002965872725938647	0.025648247182605496	0.007091781852489809	0.022232006780039372	0.006484472315562296	0.01135508948853713	0.01003935481055161	0.016417506803370337	0.01931275260817946	0.018913774186148632	0.011300540533621093	0.008496185879835904	0.008968885163024316	0.011517992115781724	0.007524697237130117	0.0006878970666561318	0.01028434372052688	0.0022801554303778313	0.03183899409363957	0.03223179583115597	0.008479714006881866	0.007637228060526525	0.013123389397876556	0.0036033014015004364	0.015314507912306714	0.022938375162051487	0.02063171851379998	0.006516905506740286	0.028255903372549313	0.007263478157154728	0.011126306830526466	0.010856960098882209	0.005458623133548215	0.005981667829964999	0.00025930994681844455	0.0004868230182260423	0.00010249133675524005	0.000294562384437319	0.00013866871426967712	0.000306566286610415
T[T>A]G	0.041666666666666664	0.03322259136212625	0.022222222222222223	0.0	0.025	0.02127659574468085	0.019417475728155338	0.0	0.0391644908616188	0.021164021164021163	0.008547008547008548	0.009375	0.013774104683195593	0.024242424242424242	0.006993006993006993	0.023121387283236993	0.018018018018018018	0.019230769230769232	0.026143790849673203	0.019801980198019802	0.0234375	0.02533774789719608	0.005801146985198886	0.029685754105733674	0.01758289833280199	0.10877788992262004	0.03387753626236367	0.021246724922778817	0.008928279142826092	0.021114447416428737	0.0006716050381860716	0.0015750778005877751	0.0018594720484981133	0.001807431737369581	0.0018873284967682385	0.00249472501836812	0.003462969221793439	5.590214199600088e-05	0.002090318053225136	0.0008185710870002105	0.0014502925682066071	0.0014406412294798187	9.526334045018349e-05	0.000921610862120111	0.00011940414209686395	0.0024128968088141557	0.0017292731754567582	0.000644932977699827	0.00015418994607587373	0.037799292299355663	0.001389800386051479	0.0014942309653399207	0.000248813627057298	4.320565205793693e-05	0.0001330165718181446	0.0009238574591441085	0.0003838037173697352	0.0013503448913341574	0.0010581083038514079	0.0023395332550246602	0.0005258472026449459	0.003938770067063542	0.030601635794555687	0.005387628043163176	0.03342222873283844	0.013367154217207269	0.0037301476674967823	0.00845484155613993	0.00036640362430271636	0.01713981681636804	0.04296915250387048	0.002096142811642608	0.013196450992979607	0.021836026211982017	0.015049618148823152	0.019724342486205037	0.00959736210530198	0.02783425155068538	0.05078372755320885	0.016733317044474998	0.013583290059739402	0.024934662716387817	0.004068967044677807	0.023372308961660128	0.014326998097294272	0.029778447084938098	0.08114927295278472	0.014489792647593078	0.021479711496755906	0.01157621843779071	0.01738587856887365	0.011870142308611869	0.020909546287796486	0.013810690799479384	0.008697821240843322	0.012177389298700185	0.016578300818935635	0.005181948492961352	0.011476032840430238	0.003139189041034207	8.612567851603018e-05	0.005700046157657013	0.0007367814212048214	0.001024330446742495	0.007824673038350584	0.0005861287595197647	0.0012548964116107547	0.001054891839663599
T[T>A]T	0.0	0.023255813953488372	0.022222222222222223	0.0	0.00625	0.010638297872340425	0.009708737864077669	0.023809523809523808	0.028720626631853787	0.05291005291005291	0.042735042735042736	0.03125	0.0440771349862259	0.006060606060606061	0.02097902097902098	0.017341040462427744	0.02702702702702703	0.028846153846153848	0.013071895424836602	0.0297029702970297	0.0390625	0.05763656577531315	0.088844969022534	0.006391086204786935	0.10176270313604303	0.28439194631003345	0.06867791682006431	0.08072596494370902	0.04285214569034717	0.03522424782861846	0.0014543340962937267	0.001641058758261265	0.0033790732366144717	0.004489560987085888	0.0011530822165595886	0.0017269449008946271	0.0029605530341305047	0.0012033189400210505	0.0013408751918442088	0.0017616150304390968	0.0005477015338477851	0.0030075914248263017	0.0014696754142022022	0.0021167217991970716	0.0005748794794761745	0.0035504247880295712	0.0004180421810207464	0.003384931569514958	0.0014303160554413057	0.04100652643259248	0.0005832141509058042	0.0010336726057884524	0.0031126898446015615	0.0009377982296266854	0.0021500067899429378	0.0009958812540350618	0.002750528906034283	0.0023620587258697265	0.0023054171411120462	0.005470900047732712	7.774162576074049e-05	0.006373965962069053	0.04863580600368652	0.04244248030151145	0.045596307371597394	0.05540224863590832	0.052135017558241334	0.11993681413710156	0.024193801138705142	0.05300308531519812	0.02072999609519818	0.054090716041844795	0.035538218358317636	0.11244168665461142	0.09381486310840276	0.13119346609281687	0.09257523790182874	0.0992331194468797	0.09269866922923997	0.11263901801502296	0.0948672568741898	0.07250382448353013	0.07840172640807105	0.07006194431046263	0.09971564656077865	0.09564420382922541	0.346532486597138	0.13769896827304523	0.056151171337420806	0.09034844967227824	0.08684816791168037	0.12658061222071998	0.1040071748288434	0.1262682123836401	0.062310449286832624	0.08812367396453376	0.10650570699380521	0.0015857024073066591	0.01986217801995701	0.018818951269059064	0.00407030568714093	0.010437581602090287	0.0006072577252039658	0.0016761302814687806	0.0027126973518811024	0.0006331194612497131	0.0006575078685726913	0.006410578845234376
T[T>C]A	0.0	0.016611295681063124	0.022222222222222223	0.0	0.0	0.0	0.019417475728155338	0.0	0.013054830287206266	0.015873015873015872	0.02564102564102564	0.015625	0.01652892561983471	0.012121212121212121	0.006993006993006993	0.005780346820809248	0.0	0.004807692307692308	0.0196078431372549	0.009900990099009901	0.015625	0.001146306220058239	0.001377323510469136	0.0065017430705187305	0.00016775631380178645	0.015039816240114806	4.623943492192891e-05	0.0004738555227862445	0.0061220210338036795	0.007459836977023862	0.00016142455056075624	0.0006290242799231788	0.0006278406430979658	0.0007118931006440183	0.00011862863012845365	0.0007967226635987041	0.0003889061671496527	0.0008167368560815249	0.0009095566213160899	0.0014143759937644243	0.0002183491186584837	0.000903894656497665	0.0016884589566875342	0.0012794322676395263	0.0008330615121462839	0.0005090062520157816	0.0005555205316096584	0.0003862250653537052	0.0006863840686957388	0.003343641048699877	0.000975911376969513	0.0014846732022763907	0.001176139820278271	3.85303402840524e-05	0.002925337556659762	0.00020585737254991682	0.00023664353683886801	0.0013156839109016495	0.000729757839656873	0.002890141740760193	0.0013652715252225733	0.0050116886502011085	0.008937445438902581	0.013728953011411634	0.011240252015375547	0.009040842371536198	0.01511442622929087	0.0121218263191906	0.01563634232605178	0.01696412640464971	0.014084602495008924	0.008664408463370014	0.004493436981349227	0.011231589828277957	8.347669202840492e-05	0.01640330598051981	0.02615119533997207	0.011071500896876337	0.02339107605987919	0.016942818246186202	0.012026458156900446	0.011927176499691602	0.0015816472499751316	0.013283571553976824	0.017624823638488264	0.008873645091343219	0.013175198143384567	0.00852934811718098	0.005684410911190999	0.012946522288022946	0.007967814534775082	0.0061584528388941165	0.010808555294598907	0.002118083809902657	0.0033565455990217197	0.0049321760237601275	0.0049391517286411874	0.07033720056290853	0.0805306069088974	0.1587128519713188	0.1021727746442536	0.009797385379266263	0.015437585568927676	0.0006716258276661653	0.00012563990293481712	0.002340368907508866	0.0003500561769622914	0.00045881053644125023
T[T>C]C	0.020833333333333332	0.0	0.0	0.0	0.00625	0.0	0.019417475728155338	0.0	0.007832898172323759	0.015873015873015872	0.0	0.00625	0.013774104683195593	0.006060606060606061	0.006993006993006993	0.0	0.0	0.0	0.013071895424836602	0.019801980198019802	0.015625	0.005230250736430044	0.012248839874813653	0.005360900421402819	0.04357543493632422	0.02571304389352627	0.02752888324244594	0.015081859500405645	0.008931718691220619	0.028150657021226096	0.0009095674788053514	0.0002665601334208647	0.0018982601080952768	0.0017756550895725982	0.0003379705607009597	0.0017513551542679955	0.0010125768514763266	0.0011629888294700582	0.0009099900265792003	0.0003972650338333278	2.1656679041778018e-05	0.00217129934812018	0.0015798453438261048	0.0009108167116238612	0.0017863530308430066	0.0016904303449080732	0.0020821467375851674	0.00036282201622474535	0.00015537041015747512	0.006917409008345009	0.00036093619685581584	0.00022589085896336847	0.0006899671274974631	4.179550132302401e-05	0.001047561260987245	0.00047768317452405	3.586684621316218e-05	0.0005903920998115235	2.2737750887219247e-05	0.0018809109189278552	0.0001886817022994313	0.0022807818670090543	0.0015326630232175278	0.004841449784963088	0.006638947200605175	0.0019395503679280781	0.03406158310007387	0.006624483271683339	0.010191148066410671	0.005226616461512098	0.014255421456434903	0.0007539984253303023	0.009815045750736934	0.0061667375647108235	0.019980153975126654	0.026939131432088512	0.021608231260775376	0.019170219981737176	0.01824014692461085	0.0018904890153789377	0.019864944894802172	0.038725444185235644	0.00560371413927399	0.008012887839034965	0.013395693831540791	0.01884324355855987	0.02473349280583971	0.02207909978208287	0.006582326869978231	0.010894377461868075	0.008286625353137058	0.013623461794043895	0.02001055406540545	0.027594810681065774	0.018202692184040952	0.011228610579223496	0.0242327066998277	0.02028462929476948	0.015523755292630548	0.026537469283647294	0.01594531284584957	0.03247230485491826	0.00033048236324529403	0.0010146344828212705	0.002976435361128113	0.0008996959684794725	0.001160590254115515	0.0006784895154978417
T[T>C]G	0.041666666666666664	0.019933554817275746	0.0	0.03333333333333333	0.0125	0.02127659574468085	0.02912621359223301	0.07142857142857142	0.018276762402088774	0.015873015873015872	0.0	0.015625	0.027548209366391185	0.012121212121212121	0.013986013986013986	0.023121387283236993	0.009009009009009009	0.0	0.013071895424836602	0.009900990099009901	0.0078125	0.01032214014695629	0.012232033570266487	0.01900239043063009	0.013338677195136777	0.018044920371651313	5.085135926189237e-05	0.005603001458183307	0.0091652439101266	0.004654523633916044	0.0007063325266483242	9.982545301705933e-05	0.0015147654258334433	3.120926673963999e-05	0.0003434230292478705	0.00017252736044828034	0.0010316725729908886	0.0001826544949574741	1.8366489971511135e-05	0.0006752685327748851	0.00021371056576370337	0.0007595610807034145	0.003896067945260445	0.0003349006823542546	0.0005150657496266802	0.0002798843131772981	0.00030109454278958846	0.0003211380366683348	0.0005449669180713005	0.009327619654839567	0.00019994563314145567	0.0005659003100260725	0.00012930105921665582	0.00038488684855421065	0.0007366971017051539	0.0005216858888023415	0.0003755790672339025	0.00022715392763841008	0.00024286641948368732	0.00042291118568432435	0.0013094026836015342	0.0038513219025825733	0.001238958078804883	0.015099421319922039	0.002469022040981291	0.0006857698002803634	0.00937246688653796	0.004908811799794637	0.002770578677832049	0.027943541115517914	0.02811476396758768	0.008780342797481761	0.0006809953839098422	0.004169937725920496	0.005720810237002388	0.0013248510124294194	0.008316755131006232	0.004423992232367025	0.006835861978442078	0.004893536231395514	0.006034884745388591	5.915799387304172e-05	0.0068882199413389305	0.001763749609536771	0.0011705430936868847	0.009237644960982725	0.009993639411323132	0.005624395592673499	0.0032940857777388	0.007637474315163047	0.002297544496088201	0.001384614708335087	0.006219467612869936	0.005469953735481352	0.014633322269972503	0.0018139679752079137	0.006488511520704769	0.022350158055814067	0.018015162125636447	0.06591265384261585	0.0314575141154999	0.011056832206149668	0.0012085855517739684	0.00084034547301734	0.012844814297201542	0.00055033803835438	0.0003802604989548408	0.00042050821961686717
T[T>C]T	0.0	0.013289036544850499	0.022222222222222223	0.0	0.00625	0.010638297872340425	0.0	0.023809523809523808	0.010443864229765013	0.015873015873015872	0.0	0.01875	0.0027548209366391185	0.01818181818181818	0.013986013986013986	0.0	0.018018018018018018	0.004807692307692308	0.006535947712418301	0.019801980198019802	0.0078125	0.024823866045113382	0.04282124995567692	0.04365662305864712	0.0709074267831498	0.06663354227232815	0.026598429154189897	0.05449249648082747	0.05337511408028188	0.035026540251615994	0.000977918109233434	0.0006153468132945961	0.0014255041497163593	0.004334799166672273	0.0008655250172889642	0.0007791783271860871	0.0006720890958877297	0.001625895858046945	0.0009211441571684247	0.001414911714777389	0.0005623024646261995	0.0038162793105203058	0.0022706303417107383	0.00035975890650860083	0.0007900809303369704	0.0014719937896907165	0.001748947965281926	0.0009844085901116045	0.0001466089689966974	0.01635349774450749	0.0002271532680928146	0.002032681709852113	0.0006900265189002237	0.0027156577225441376	0.002230988833977762	0.0017137702106132173	0.000156194734756914	0.0013013456734804036	0.001587053336200109	0.004324246099573005	0.0005035022447681969	0.002251409023644649	0.03147606911797153	0.059208422699705984	0.009580066931277238	0.003848211983887133	0.01690658175914341	0.03778849391159479	0.007381923513425778	0.042825315022770705	0.00011624436896781478	0.00642340491732333	0.02922860570598679	0.07365036589737765	0.07224077899500005	0.06878286513714105	0.059886396933247224	0.027760547821422156	0.037878117802973434	0.08741424755442449	0.07681450680282188	0.07028637985722061	0.05728820375366639	0.09523216924151154	0.06985127045521682	0.03771480196363599	0.07972290010689388	0.0755857110730412	0.02619959068110993	0.06660681943081581	0.03172176742293548	0.03902527164918591	0.06492293196896753	0.06181799449562517	0.04474229230586327	0.05780123146673095	0.044732803469764736	0.009165239018112335	0.00018884447294920104	0.04460864516953981	0.01017474682551236	0.010266474377044792	0.0007068924399515289	0.0016696776451896292	0.0028333049150780698	0.0006488178769258412	0.0009850693742230027	0.0007586987802714123
T[T>G]A	0.041666666666666664	0.0033222591362126247	0.0	0.0	0.0125	0.02127659574468085	0.009708737864077669	0.023809523809523808	0.013054830287206266	0.015873015873015872	0.017094017094017096	0.009375	0.008264462809917356	0.04242424242424243	0.006993006993006993	0.005780346820809248	0.009009009009009009	0.014423076923076924	0.006535947712418301	0.009900990099009901	0.0078125	0.03033874197985841	0.00033039539784019317	0.0016523403544210062	0.0037654475365807476	0.0006831134195447269	5.865089569464864e-05	0.0032744387676777033	0.0018213396411732238	5.635529646172807e-05	0.00010473289814229643	0.00013810841285007846	1.3216791963405957e-05	0.0002574390579944772	0.0005790067962892929	7.50968566872119e-05	0.0006740196696673971	0.0008431697569060261	2.5251758227569312e-05	0.00023078174428691378	2.27085193326759e-05	0.0003798273388547223	1.600588928594584e-05	0.00014065319072506643	0.00013018448479121315	0.00020096770724451946	1.1404150157702842e-05	1.687490076278705e-05	0.00015661888409358209	0.00013767076746574092	0.00021324259511800185	2.6977928647880242e-05	2.6772516161064977e-05	0.0004871491679045702	1.2744962185647233e-05	0.0008556864997841584	0.00023610878949971732	0.00011314777147024792	0.0005471136471993457	0.0007457264982718073	0.0001939200811018801	0.0001887338596942748	0.000449927367977312	0.005397293648980013	0.0003193441023610156	0.0006764846228998852	0.00014593986433565935	0.01701546267151776	0.017803763787310654	0.008919750808679643	0.011363562359713381	0.018240086650017705	0.0010124859739128525	0.0009290683330582105	0.0022108705585288093	0.006093164603982822	4.248610857362115e-05	7.287591302831568e-05	0.002270624619089522	0.003239002417756934	0.0013185387212514945	5.1818707721348963e-05	0.0015726223135794784	8.657545166407526e-05	0.0012108822229297425	4.859115537669004e-05	0.0005036497019658665	0.00014787491261921773	0.002200294645265013	0.0017196376075025784	0.0032207073210540785	6.349252310315603e-05	0.004820029122862975	0.0019248560329080753	0.0032171383274607955	0.004706774531871805	0.007841472953740759	0.01827236138850371	0.011619274467526586	0.0036640940503499856	0.001969343508370902	0.007844922372166156	0.0013624216577560455	0.0015642301937683972	0.0001412517325380226	0.00032636368518882997	0.0002197389909845426	0.0003465058488988776
T[T>G]C	0.0	0.0	0.0	0.0	0.00625	0.0	0.0	0.0	0.0026109660574412533	0.0	0.0	0.00625	0.005509641873278237	0.0	0.02097902097902098	0.0	0.018018018018018018	0.0	0.006535947712418301	0.0	0.0078125	0.003902431905288744	0.008938033352332096	0.0006955311147865998	0.010103893434646053	6.306974983687642e-06	6.522101000074961e-05	5.0266402593303526e-05	0.0035230972921312335	0.0035882398518786835	1.3446728631724768e-05	0.0003427946357573153	0.00034132221439430604	2.8512371366768433e-05	0.0001363844347126328	0.0001814437213122251	1.5109978381007525e-05	0.0008639465775679077	0.0002109559193849815	9.517701151880823e-05	0.00022158845647245155	0.0002805949286921248	0.0003829560434137708	1.5116497212513848e-05	1.416071444961233e-05	2.194322095578003e-05	0.00012576167230616227	0.00037729983482042513	1.830534117377847e-05	0.0006517182835760418	2.1760788163070248e-05	2.245624160193406e-05	3.3964719205739474e-05	4.638882453358748e-05	1.244094378452405e-05	0.0008909592452142473	0.00014098851464245602	0.00016980185915105238	2.245887787379683e-05	0.0007775586920281891	2.2676558936194015e-05	0.0005102426282642338	0.004213816171582179	0.00022249824197569286	0.0023813739819621344	0.0003867850233644917	0.010047111730989334	0.007923641735242142	0.00043703316554697156	0.005063728732446585	0.014155060712386999	0.0004995717842932017	0.0017592898278253294	0.00010929072160786671	8.729053336221269e-05	0.0014324375934092021	0.0004613409621649672	0.00790902480550958	0.00043644837241003535	0.001827890240520108	5.905886507371604e-05	5.805810844268812e-05	0.0040580414064439185	7.959522018147895e-05	5.520822873118062e-05	3.7999968191240966e-05	5.3864734628922566e-06	0.00011918638825475497	0.0011771411439442348	0.000599987121693151	3.3844830779561095e-05	5.555038427130364e-05	0.0005341017951059478	8.192960457431427e-05	0.0062554971427573975	0.0007568248712574063	0.0031513072206390707	0.008897026357747273	0.011592020291317007	0.0008425114657841046	0.0008532046336269788	0.029061546955783002	0.002255084798952815	0.001295564551704016	0.007474529365760058	0.0009437503257735202	0.0006705829307486359	0.0002800653323598407
T[T>G]G	0.0	0.013289036544850499	0.0	0.0	0.0125	0.010638297872340425	0.019417475728155338	0.023809523809523808	0.015665796344647518	0.010582010582010581	0.008547008547008548	0.015625	0.02203856749311295	0.01818181818181818	0.013986013986013986	0.005780346820809248	0.018018018018018018	0.019230769230769232	0.032679738562091505	0.039603960396039604	0.0234375	0.010226258033348631	0.0033270285397456463	0.02539232171306684	0.003794412821404815	0.007081868320739118	0.00356672324508693	0.0032863208975522393	0.0013211705778879966	0.0005659079728626474	0.00047015659357105705	0.0001464012180969878	0.0001293197207098584	0.0018221532612144706	0.0005846784624858098	0.0007701126467086558	0.00036634091171844634	0.0004907531165570262	0.000521256802861926	9.570787334212251e-06	0.00021202954967803117	0.000668113757066367	0.0017623202197298324	0.0003473283232125252	0.0006040553140591938	7.718635823073521e-05	0.0005515626701996029	0.00037235524550518573	0.0006724356981053828	0.0037454409811878277	0.0005776096133090551	0.00020185161623744165	0.0006884788626402015	4.5267847759598116e-05	0.0001235898479881476	0.0013002125155140308	0.00016198945267096882	0.0005208806135964632	0.00023776402154297444	0.001416143589125277	0.0005302095100811193	0.0009316457360206567	0.012324264971427856	0.005488794342556666	0.0016467835722919033	0.01914636773491299	0.01726845534948766	0.004591808540667658	0.0017778170808764372	0.01261211491538855	0.008111611309348518	0.0020083279799156233	0.0016657131569753397	0.010940850686719851	0.010152631402010885	0.0035860061715978155	0.00742362801641792	0.00448950498112487	0.009837988006336904	7.789624829794105e-05	0.004833698034942607	0.008922830943436825	0.004138816875284317	0.004548453751007096	0.01179906155631007	0.001041237428680659	0.004830432364983798	0.008862721414347761	0.006948176359485629	0.004293401266013353	0.009350864411342833	0.0014056221869457228	0.008055407168962182	0.0008052260775255493	0.01576024454294212	0.005259181950920261	0.009024096262025844	0.0036142732151389382	0.0001674830928722391	0.001140287262792509	0.0035512180410690263	0.08865656735099525	0.0003926122524893246	0.00044118052511689994	0.005479415784188639	0.00024206524681407116	0.0002584851590930135	0.0002722405662634866
T[T>G]T	0.041666666666666664	0.016611295681063124	0.0	0.03333333333333333	0.00625	0.010638297872340425	0.06796116504854369	0.047619047619047616	0.03655352480417755	0.010582010582010581	0.008547008547008548	0.015625	0.01928374655647383	0.01818181818181818	0.02097902097902098	0.023121387283236993	0.009009009009009009	0.04326923076923077	0.0	0.009900990099009901	0.03125	0.0001810841259358476	0.012279240165101431	0.03541321666549993	0.008609342294892462	0.0006730120214266753	0.005946115922207233	0.013844096559779365	0.04958493092412912	0.027774780378272353	0.0002517706133228653	0.00014770024031522075	0.00012751644162993959	0.0021403600540930174	0.0015228453917866594	0.00016636403346288522	4.918268345324585e-05	0.0016427270397263863	0.0018464014460704043	9.29915606047263e-05	0.0009131907782491219	0.001816616263488246	0.0011220252411506795	0.0003469990305681902	0.00012637522358959055	0.0007850204715606428	0.0005406388969343954	0.0006396365036825018	6.654681922309985e-05	0.00016150197356997554	0.00020409755504609696	0.0005665825956236511	0.00026000573398791786	0.0004700079698372574	0.0013172833172513017	0.0022210140404060564	0.00038232074851109584	0.0006591577723082465	9.9361934606433e-05	0.0023299211673069964	0.0003031500184462434	0.002345810662496707	0.02314327082167452	0.024019324145275276	0.028289395023649463	0.0014808555961294855	0.04231937372876822	0.012034726781728762	0.03132532745802072	0.037733799205523014	0.0013619171873891181	0.005823171972838755	0.001899719278025184	0.01595384555549839	0.01023394787766785	0.004284143809849306	0.008800644755283018	0.021858546671806183	0.005595988590810848	0.005038164927776954	0.009001454182672244	0.005993039094760363	0.00763475266778511	0.0017630644786906149	0.013111894838296426	0.00463725862338903	0.0013508520740625736	0.014597829617974921	0.005483347505236918	0.006174185780960952	0.015208803578553119	0.0035541874062744584	0.010560123341114344	0.018117703368028752	0.03168900242855404	0.02933503314787523	0.018607246173503685	0.03269281116337158	0.01966958469937139	0.0035299614095115547	0.0007875340987569763	0.0046199238110148505	0.0003957656275083468	0.0010000146837244284	0.005068691421526258	0.0004514187058302748	0.00012345914009214237	0.0011473104736041504
