MutationType	Chicken__mock_1_SNV	Chicken__mock_2_SNV	Chicken__mock_3_SNV	Chicken__mock_4_SNV	Chicken__starting_clone_1_SNV	Mouse__MEF_No_Treatment_Exome_1	Mouse__MEF_No_Treatment_Exome_2	Mouse__MEF_No_Treatment_Exome_3	Mouse__MEF_No_Treatment_Exome_4	Mouse__MEF_No_Treatment_Exome_5	Mouse__MEF_No_Treatment_Exome_6	Mouse__MEF_No_Treatment_Exome_7	Mouse__MEF_No_Treatment_Exome_8	Mouse__MEF_DMSO__Genome_1	Mouse__MEF_DMSO__Genome_2	Mouse__MEF_DMSO__Genome_3	Mouse__MEF_DMSO__Genome_4	Mouse__MEF_DMSO_XPA-/-_Genome_1	Mouse__MEF_DMSO_XPA-/-_Genome_2	Mouse__MEF_DMSO_XPA-/-_Genome_3	Mouse__MEF_DMSO_XPA-/-_Genome_4	Mouse__MEF_No_Treatment__Genome_1	Mouse__MEF_No_Treatment__Genome_2	Mouse__MEF_No_Treatment__Genome_3	Mouse__MEF_No_Treatment__Genome_4	Mouse__MEF_No_Treatment__Genome_5	Mouse__MEF_No_Treatment__Genome_6	Mouse__MEF_No_Treatment__Genome_7	Mouse__MEF_Water__Genome_1	Mouse__MEF_Water__Genome_2	Mouse__MEF_Water__Genome_3	Mouse__MEF_Water__Genome_4	Mouse__MEF_Water__Genome_5	Mouse__MEF_Water__Genome_6	Mouse__MEF_Water__Genome_7	Mouse__Liver_No_Treatment__Genome_1	Mouse__Liver_No_Treatment__Genome_10	Mouse__Liver_No_Treatment__Genome_11	Mouse__Liver_No_Treatment__Genome_2	Mouse__Liver_No_Treatment__Genome_3	Mouse__Liver_No_Treatment__Genome_4	Mouse__Liver_No_Treatment__Genome_5	Mouse__Liver_No_Treatment__Genome_6	Mouse__Liver_No_Treatment__Genome_7	Mouse__Liver_No_Treatment__Genome_8	Mouse__Liver_No_Treatment__Genome_9	Mouse__Liver_Primaclone__Genome_1	Mouse__Liver_Primaclone__Genome_2	Mouse__Liver_Primaclone__Genome_3	Mouse__Liver_Primaclone__Genome_4	Mouse__Liver_Primaclone__Genome_5	Mouse__Lung_No_Treatment__Genome_1	Mouse__Lung_No_Treatment__Genome_10	Mouse__Lung_No_Treatment__Genome_11	Mouse__Lung_No_Treatment__Genome_12	Mouse__Lung_No_Treatment__Genome_2	Mouse__Lung_No_Treatment__Genome_3	Mouse__Lung_No_Treatment__Genome_4	Mouse__Lung_No_Treatment__Genome_5	Mouse__Lung_No_Treatment__Genome_6	Mouse__Lung_No_Treatment__Genome_7	Mouse__Lung_No_Treatment__Genome_8	Mouse__Lung_No_Treatment__Genome_9	Mouse__Skin_No_Treatment_KRAS_G12D/p53-_Genome_1	Mouse__Skin_No_Treatment_KRAS_G12D/p53-_Genome_2	Mouse__Skin_No_Treatment_KRAS_G12D/p53-_Genome_3	Mouse__Skin_No_Treatment_KRAS_G12D/p53-_Genome_4	Mouse__Skin_No_Treatment_KRAS_G12D/p53-_Genome_5	Mouse__Skin_No_Treatment_KRAS_G12D/p53-_Genome_6	Mouse__Liver_No_Treatment___Exome_Dystal_node_1	Mouse__Liver_No_Treatment___Exome_Hepatocellular_Carcinoma_1	Mouse__Liver_No_Treatment___Exome_Hepatocellular_Carcinoma_2	Mouse__Liver_No_Treatment___Exome_Hepatocellular_Carcinoma_3	Mouse__Lung_No_Treatment___Exome_Lung_Non-Small_Cell_Carcinoma_1	Mouse__Lung_No_Treatment___Exome_Lung_Non-Small_Cell_Carcinoma_2	Mouse__Lung_No_Treatment_KRAS(LA2)__Exome_Lung_Non-Small_Cell_Carcinoma_1	Mouse__Lung_No_Treatment_KRAS(LA2)__Exome_Lung_Non-Small_Cell_Carcinoma_10	Mouse__Lung_No_Treatment_KRAS(LA2)__Exome_Lung_Non-Small_Cell_Carcinoma_11	Mouse__Lung_No_Treatment_KRAS(LA2)__Exome_Lung_Non-Small_Cell_Carcinoma_12	Mouse__Lung_No_Treatment_KRAS(LA2)__Exome_Lung_Non-Small_Cell_Carcinoma_13	Mouse__Lung_No_Treatment_KRAS(LA2)__Exome_Lung_Non-Small_Cell_Carcinoma_2	Mouse__Lung_No_Treatment_KRAS(LA2)__Exome_Lung_Non-Small_Cell_Carcinoma_3	Mouse__Lung_No_Treatment_KRAS(LA2)__Exome_Lung_Non-Small_Cell_Carcinoma_4	Mouse__Lung_No_Treatment_KRAS(LA2)__Exome_Lung_Non-Small_Cell_Carcinoma_5	Mouse__Lung_No_Treatment_KRAS(LA2)__Exome_Lung_Non-Small_Cell_Carcinoma_6	Mouse__Lung_No_Treatment_KRAS(LA2)__Exome_Lung_Non-Small_Cell_Carcinoma_7	Mouse__Lung_No_Treatment_KRAS(LA2)__Exome_Lung_Non-Small_Cell_Carcinoma_8	Mouse__Lung_No_Treatment_KRAS(LA2)__Exome_Lung_Non-Small_Cell_Carcinoma_9	Mouse__Lung_No_Treatment_KRAS+/-__Exome_Lung_Non-Small_Cell_Carcinoma_1	Mouse__Lung_No_Treatment_KRAS+/-__Exome_Lung_Non-Small_Cell_Carcinoma_2	Mouse__Skin_No_Treatment_BRAF_V637E__Exome_Melanoma_1	Mouse__Skin_No_Treatment_BRAF_V637E__Exome_Melanoma_2	Mouse__Skin_No_Treatment_BRAF_V637E__Exome_Melanoma_3	Mouse__Skin_No_Treatment_BRAF_V637E__Exome_Melanoma_4	Mouse__Skin_No_Treatment_BRAF_V637E__Exome_Melanoma_5	Mouse__Skin_No_Treatment_BRAF_V637E__Exome_Melanoma_6	Mouse__Skin_No_Treatment_KRAS_G12D/p53-__Exome_Skin_Squamous_Cell_Carcinoma_1	Mouse__Skin_No_Treatment_KRAS_G12D/p53-__Exome_Skin_Squamous_Cell_Carcinoma_2	Mouse__Skin_No_Treatment_KRAS_G12D/p53-__Exome_Skin_Squamous_Cell_Carcinoma_3	Mouse__Skin_No_Treatment_KRAS_G12D/p53-__Exome_Skin_Squamous_Cell_Carcinoma_4	Mouse__Skin_No_Treatment_KRAS_G12D/p53-__Exome_Skin_Squamous_Cell_Carcinoma_5	Mouse__Skin_No_Treatment_KRAS_G12D/p53-__Exome_Skin_Squamous_Cell_Carcinoma_6	Mouse__Skin_No_Treatment_KRAS_G12D/p53-__Exome_Skin_Squamous_Cell_Carcinoma_7	Mouse__Skin_No_Treatment_KRAS_G12D/p53-__Exome_Skin_Squamous_Cell_Carcinoma_8	Mouse__Skin_No_Treatment_KRAS_G12D/p53-__Exome_Skin_Squamous_Cell_Carcinoma_9	Mouse__Skin_No_Treatment_NRAS_Q61R__Exome_Melanoma_1	Mouse__Skin_No_Treatment_NRAS_Q61R__Exome_Melanoma_2	Mouse__Skin_No_Treatment_NRAS_Q61R__Exome_Melanoma_3	Mouse__Skin_No_Treatment_NRAS_Q61R__Exome_Melanoma_4	Mouse__Skin_No_Treatment_NRAS_Q61R__Exome_Melanoma_5	MouseATC__Bone_Marrow_PBS_Exome_1	MouseATC__Bone_Marrow_PBS_Exome_2	MouseATC__Bone_Marrow_PBS_Exome_3	MouseATC__Thymus_PBS_Exome_1	MouseATC__Thymus_PBS_Exome_2	MouseATC__Thymus_PBS_Exome_3	MouseATC__7298_PBS_Dck-/-_Exome_1	MouseATC__7298_PBS_Dck-/-_Exome_2	MouseATC__7298_PBS_Dck-/-_Exome_3	MouseATC__7298_PBS_Dck-/-_Exome_4	MouseATC__7298_PBS_Dck-/-_Exome_5	MouseATC__7298_PBS_wt_Exome_1	MouseATC__7298_PBS_wt_Exome_2	MouseATC__7298_PBS_wt_Exome_3	MouseATC__7298_PBS_wt_Exome_4	MouseATC__7298_PBS_wt_Exome_5	Celegans__No_treatment	CelegansPFAS__Control10_Group1	CelegansPFAS__Control11_Group1	CelegansPFAS__Control12_Group1	CelegansPFAS__Control13_Group2	CelegansPFAS__Control15_Group3	CelegansPFAS__Control16_Group3	CelegansPFAS__Control17_Group2	CelegansPFAS__Control1_Group1	CelegansPFAS__Control2_Group1	CelegansPFAS__Control3_Group1	CelegansPFAS__Control4_Group1	CelegansPFAS__Control5_Group1	CelegansPFAS__Control7_Group1	CelegansPFAS__Control9_Group1	CelegansPUVA__1203-1196-T160-F10	CelegansPUVA__1203-1196-T167-F10	CelegansPUVA__1203-1196-T39-F10	CelegansPUVA__1203-1196-T42-F10	CelegansPUVA__1203-1196-T46-F10	CelegansPUVA__1203-1196-T58-F10	CelegansPUVA__1203-1196-T9-F10	CelegansPUVA__3157-C5-F10	CelegansPUVA__3886-5027-T190-F10	CelegansPUVA__3886-5027-T2-F10	CelegansPUVA__N2-CL1-F10	CelegansPUVA__N2-CL5-F10	CelegansPUVA__N2-CL6-F10	CelegansPUVA__N2-CL7-F10	CelegansPUVA__N2_ctrl_1_wild_type	CelegansPUVA__N2_ctrl_2_wild_type	CelegansPUVA__N2_ctrl_com	h5FU__Untreated_control_HumanSmallIntestineOrganoid_STE0072SC12A_GRCh38_pass_filtered_SNV_VAF30_70	h5FU__Untreated_control_HumanSmallIntestineOrganoid_STE0072SC23B_GRCh38_pass_filtered_SNV_VAF30_70	h5FU__Untreated_control_HumanSmallIntestineOrganoid_STE0072SC31A_GRCh38_pass_filtered_SNV_VAF30_70	h5FU__Untreated_control_HumanSmallIntestineOrganoid_STE0076SC12C_GRCh38_pass_filtered_SNV_VAF30_70	h5FU__Untreated_control_HumanSmallIntestineOrganoid_STE0076SC23A_GRCh38_pass_filtered_SNV_VAF30_70	h5FU__Untreated_control_HumanSmallIntestineOrganoid_STE0076SC32A_GRCh38_pass_filtered_SNV_VAF30_70	hArsenicUVB__NTERT1_control_replicate1_final	hArsenicUVB__NTERT1_control_replicate2_final	hArsenicUVB__NTERT1_control_replicate3_final	hCX5461_RPE1__RPE1_B2D1_U1	hCX5461_RPE1__RPE1_B2D1_U2	hCX5461_RPE1__RPE1_BRCA1_2	hCX5461_RPE1__RPE1_BRCA1_4	hCX5461_RPE1__RPE1_BRCA1_U1	hCX5461_RPE1__RPE1_BRCA1_U2	hCX5461_RPE1__RPE1_WT_1	hCX5461_RPE1__RPE1_WT_2	hCX5461_RPE1__RPE1_WT_U1	hCX5461_RPE1__RPE1_WT_U2	hCisplatin__MCF10A_0	hHFF__Control_1	hHFF__Control_2	hHFF__Control_3	hHFF__Control_4	hHFF__Control_5	hIR_organoid__hCR_0Gy_1_human_organoid_colon_SNV_hg38	hIR_organoid__hCR_0Gy_2_human_organoid_colon_SNV_hg38	hIR_organoid__hCR_0Gy_3_human_organoid_colon_SNV_hg38	hIR_organoid__hCR_0Gy_4_human_organoid_colon_SNV_hg38	hIR_organoid__hCR_0Gy_5_human_organoid_colon_SNV_hg38	hIR_organoid__hCR_0Gy_6_human_organoid_colon_SNV_hg38	hIR_organoid__hCR_0Gy_7_human_organoid_colon_SNV_hg38	hIR_organoid__hCR_0Gy_8_human_organoid_colon_SNV_hg38	hNHU_BaP__NHU_Control_1	hNHU_BaP__NHU_Control_2	hNHU_BaP__NHU_Control_3	hTK6__TK6_mock_1_mock	hTK6__TK6_mock_2_mock	hTK6__TK6_mock_3_mock	hTK6__TK6_starting__starting_clone	hBEAS2B__ETH20200707_1_0_1perc_DMSO	hBEAS2B__ETH20200707_2_0_1perc_DMSO	hBEAS2B__ETH20200707_3_0_1perc_DMSO	hBEAS2B__ETH20200707_4_0_1perc_DMSO	hBEAS2B__ETH20200707_5_0_1perc_DMSO	hBEAS2B__S_000806229_1perc_DMSO	hBEAS2B__S_000806230_1perc_DMSO	hBEAS2B__S_000806231_1perc_DMSO	hBEAS2B__S_000806232_1perc_DMSO	hBEAS2B__S_000806233_1perc_DMSO	hBEAS2B__S_000817682_0_1perc_DMSO	hColibactin__5aHumanIntestinalOrganoid_ΔclbQ1_isogenicColibactinKnockOutStrain_genome_hg38	hColibactin__5aHumanIntestinalOrganoid_ΔclbQ2_isogenicColibactinKnockOutStrain_genome_hg38	hColibactin__5aHumanIntestinalOrganoid_ΔclbQ3_isogenicColibactinKnockOutStrain_genome_hg38	hColibactin__5ahumanIntestinalOrganoid_dye1_DAPI_genome_hg38	hColibactin__5ahumanIntestinalOrganoid_dye2_DAPI_genome_hg38	hColibactin__5ahumanIntestinalOrganoid_dye3_DAPI_genome_hg38	hColibactin__6aHumanIntestinalOrganoid_ΔclbQ1_isogenicColibactinKnockOutStrain_genome_hg38	hColibactin__6aHumanIntestinalOrganoid_ΔclbQ2_isogenicColibactinKnockOutStrain_genome_hg38	hColibactin__6aHumanIntestinalOrganoid_ΔclbQ3_isogenicColibactinKnockOutStrain_genome_hg38	hATC_DAC__Aplan-CEM-PBS-C1_vs_Aplan-CEM-PreTreatment	hATC_DAC__Aplan-CEM-PBS-C2_vs_Aplan-CEM-PreTreatment	hATC_DAC__Aplan-CEM-PBS-C3_vs_Aplan-CEM-PreTreatment	hATC_DAC__Aplan-CEM-PBS-C4_vs_Aplan-CEM-PreTreatment	hATC_DAC__Aplan-CEM-PBS-C5_vs_Aplan-CEM-PreTreatment	hATC_DAC__Aplan-U937-PBS-C1_vs_Aplan-U937-PreTreatment	hATC_DAC__Aplan-U937-PBS-C3_vs_Aplan-U937-PreTreatment	hATC_DAC__Aplan-U937-PBS-C4_vs_Aplan-U937-PreTreatment	hATC_DAC__Aplan-U937-PBS-C5_vs_Aplan-U937-PreTreatment	hIPSC__iPSC_DMSO_Control_hg38_4_s1	hIPSC__iPSC_DMSO_Control_hg38_4_s2	hIPSC__iPSC_DMSO_Control_hg38_9_s2	hIPSC__iPSC_DMSO_Control_hg38_9_s3	hIPSC__iPSC_DMSO_Control_hg38_9_s6	hIPSC__iPSC_H2O_Control_hg38_1_s1	hIPSC__iPSC_H2O_Control_hg38_1_s2	hIPSC__iPSC_H2O_control_hg38_45_s1	hIPSC__iPSC_H2O_control_hg38_45_s2	hIPSC__iPSC_Hamster_S9_mixor_DMSO_Control-S9_hg38_118_s1	hIPSC__iPSC_Hamster_S9_mixor_DMSO_Control-S9_hg38_118_s2	hIPSC__iPSC_Media_Control-S9_hg38_129_s1	hIPSC__iPSC_Media_Control-S9_hg38_129_s2	hIPSC__iPSC_Media_Control-S9_hg38_129_s3	hIPSC__iPSC_Media_Control_hg38_128_s2	hIPSC__iPSC_Media_Control_hg38_128_s3	hIPSC__iPSC_Media_Control_hg38_128_s4	hIPSC__iPSC_Media_Control_hg38_8_s1	hIPSC__iPSC_Media_Control_hg38_8_s2	hIPSC__iPSC_Methanol_Control-S9_hg38_127_s1	hIPSC__iPSC_Methanol_Control-S9_hg38_127_s2	hIPSC__iPSC_Methanol_Control_hg38_120_s1	hIPSC__iPSC_Methanol_Control_hg38_120_s2	hIPSC__iPSC_Methanol_Control_hg38_120_s3	hIPSC__iPSC_Rat_S9_mixor_DMSO_Control-S9_hg38_131_s1	hIPSC__iPSC_Rat_S9_mixor_DMSO_Control-S9_hg38_131_s2	hIPSC__iPSC_Rat_S9_mixor_DMSO_Control-S9_hg38_131_s3	hIPSC__iPSC_Rat_S9_mixor_DMSO_Control-S9_hg38_86_s1	hIPSC__iPSC_Rat_S9_mixor_DMSO_Control-S9_hg38_86_s2	hIPSC__iPSC_Rat_S9_mixor_DMSO_control-S9_hg38_119_s1	hIPSC__iPSC_Rat_S9_mixor_DMSO_control-S9_hg38_119_s2	hIPSC__iPSC_Rat_S9_mixor_DMSO_control-S9_hg38_37_s1	hIPSC__iPSC_Rat_S9_mixor_DMSO_control-S9_hg38_37_s2	hIPSC__iPSC_Sodium_chloride_Control_hg38_6_s1	hIPSC__iPSC_Sodium_chloride_Control_hg38_6_s2
A[C>A]A	0	2	0	0	0	2.90030499755189	0.978931004654682	0.645569440469093	1.27395977290002	0.874508050912516	0	1.18593623138032	0.240176392806888	337.248007059179	390.395690164874	399.279788718321	470.808585227511	485.522319122676	497.096348595777	404.833064380185	461.29101172843	52.7640255678628	123	69.4190279290253	70.4569908587867	78.0552547716743	29.8705484502008	9.34106902804045	232.781905994225	193.688948617632	170.334278799235	153.594708365436	87.9611152499219	56.7191038371216	101.279950044725	73.5215396938768	42.83028975584	73.4545319189937	53	75.8030072107329	52.7451558388597	69	88.8598114639707	42	92.590904816848	14	115.784521333195	66.7317062088989	22.887726123673	78.7696513319232	37.7001857226553	40.6111832824319	22.6424014014769	24.8852292795913	40.3238817325041	17	18.759066396555	38.0370941960492	13	22.2674583374822	19.4422522193959	24.7974569659807	13.3615540717895	1.80481454111107	0.982526605985809	5	4	3.81226573050084	65	0	0	0	0	2	0	2	0	3	0	2	0	1	2	0	2	0	0	1	0	0	1	0	0	0	0	0	0	0	0	0	4	5	8	8	6	0	0	0	0	0	2	1	0	1	0	0	0	0	0	0	0	0	0	0	0	0	147	0	0	0	0	0	0	0	0	0	1	0	0	1	0	201	208	231	204	334	308	184	135	364	225	192	323	269	213	151	115	0	27	20	12	27	23	20	17	14	7	69	52	58	43	63	57	17	46	85	67	61	59	57	53	44	73	30	18	85	88	78	65	97	63	4.597618188	3.257059086	2.362140588	11	18	20	0	10	7	9	13	17	22	18	18	17	24	19	43	53	55	39	30	29	27	24	23	9	8	9	8	5	1	0	1	0	10	13	13	16	0	14	16	17	23	21	21	13	16	14	19	25	15	18	16	13	11	22	15	11	12	13	11	10	21	17	13	14	19	15	10
A[C>A]C	0	0	0	0	0	1.54382005667837	1.06040829387371	0	0.972285358819598	0	0	0.628284399867126	0.261999919354911	133.578985896962	157.033489351636	176.12594632507	204.463847612132	209.224676024077	197.938278804099	168.203556925364	183.436147385675	26.0677595102603	48	29.4395700539096	31.3540716156939	22.9397366134027	11.0643786534017	9.71193347333176	88.1111512878275	92.259388111594	101.160498968822	55.805358522905	25.4742203965622	16.0339450576619	40.7290887164912	42.1267542214822	24.6767217909953	42.9692207707792	26	35.7002619971563	33.4911310341429	28	35.8121091717661	21	64.0330734503253	16	93.8981851136931	30.5846220702366	13.7844668630763	32.6852086246036	25.3385579219762	14.5754295053899	20.2541414345652	18.4986880298814	23.5910673792216	19	16.4418535205337	24.5080039033369	11	15.9082605957033	13.0987675256474	13.6583342028544	6.36969603267722	2.71516586229196	0.946223423333868	1	1	4.34234949161565	54	0	0	0	0	0	0	0	0	0	0	0	0	0	1	0	0	0	0	0	0	0	1	0	0	0	0	2	0	0	0	0	1	1	1	2	1	0	0	0	0	0	0	0	0	0	0	0	0	0	0	2	0	1	0	0	0	0	22	0	0	0	0	0	0	0	0	0	0	0	0	0	0	71	70	67	76	113	105	73	64	112	96	106	92	94	79	79	72	0	11	8	3	7	9	12	6	5	3	43	23	32	22	41	18	11	19	36	33	121	15	25	11	14	20	17	15	37	39	45	35	48	45	0.678455431	0.40155523	0.488718742	5	4	7	0	5	4	4	3	5	4	4	5	1	7	8	14	18	17	19	22	24	4	7	4	8	3	6	3	8	0	0	0	0	2	0	1	0	0	0	1	2	2	7	3	0	1	7	3	1	0	1	1	0	2	3	2	0	1	1	1	2	1	1	1	2	1	2	0
A[C>A]G	1	0	0	0	0	0.923718575040256	1.60692280726695	0	0.773429951022961	0	0	0	0	47.622796392441	41.9487742367304	49.0378722856641	49.4217601674157	52.7021967726832	55.861350534253	47.3311364248444	48.6368584023095	3.98353372848784	5	1.99597923415011	5.84263541547639	5.30664719040116	6.60083400137028	1.69791054158207	24.4107283806242	15.5297758854008	19.8394205234256	17.0194846833505	7.85531668049316	4.24052320995303	12.0991477194461	3.96466508750356	2.98315978564984	5.94440600569141	3	0.996187268934306	5.9526156959569	5	5.98834985648661	4	11.9302135974052	1	8.84152024731323	11.9259914740229	3.9754263816339	4.97930146487954	0.991037681861773	0.962578118605442	0.98357287998006	0.894209089323585	7.79182162695715	6	6.88893010606797	3.89962389529505	0	3.94212683738635	2.93872253765633	0.778773285708274	0.883054308692182	0	0	0	0	0	44	0	0	0	0	0	0	0	1	0	0	0	0	1	0	0	0	0	0	0	0	0	0	0	0	0	0	0	0	0	0	0	8	8	9	8	6	0	0	0	0	0	0	0	0	0	0	0	0	0	0	0	0	0	0	0	0	0	30	0	0	0	0	0	0	0	0	0	0	0	0	0	0	23	15	18	18	20	22	19	16	19	23	20	20	17	24	20	16	0	4	1	3	1	2	2	1	1	0	9	5	5	8	4	1	2	5	4	6	5	6	1	6	1	2	3	3	14	12	9	9	14	13	0.880548538	0.274077379	0.162906247	0	0	1	0	0	2	1	0	2	2	0	1	0	2	3	7	7	3	0	0	0	0	2	0	14	1	2	2	8	0	0	0	0	1	0	1	2	0	3	0	1	1	1	1	0	2	2	2	0	1	0	0	0	0	1	1	0	2	0	0	1	0	0	0	1	0	1	0
A[C>A]T	0	2	1	2	0	0	0	0	0.44582079420162	0.73897288446955	0.0409907777565272	0	0	119.436619596509	136.308912748317	165.606664852202	246.051068874252	168.29586636701	178.04772387802	146.847079890586	164.035010917098	42.8952060984373	70	40.1869009612148	51.26916448115	48.2125112817591	18.8262506321706	15.636393204983	110.3579441751	100.210067079535	143.460703525684	48.942018537682	37.3776991025165	22.8752292185386	53.4540292990837	47.6711200034651	31.3348394114293	45.4810316806984	23	39.5600990435382	33.8375653360401	32	49.9418707540722	38	56.698983511819	10	70.0305992412665	33.1641405839497	9.34969047106497	34.5415307483059	27.2313775467197	17.9262843843235	19.5372757927007	7.04262588780443	19.5104235905181	16	10.8018567718406	20.3056105480286	2	15.8556270376308	14.7069133730375	8.23489749253977	1.78867964236833	0.638156603565958	0.719870291166722	1	1	1.70054422668029	53	0	0	0	0	0	0	0	0	0	2	0	2	1	0	0	0	1	0	0	0	0	0	0	0	0	0	0	0	0	0	0	6	2	6	8	8	0	0	0	1	0	0	0	0	0	0	0	0	0	0	0	0	0	0	0	0	0	62	0	0	0	0	0	0	0	0	0	0	0	0	0	0	59	54	64	63	72	73	63	45	64	66	58	75	64	60	49	51	0	18	13	10	15	18	12	4	4	4	32	25	27	18	24	25	16	19	44	30	91	21	27	28	24	18	14	10	40	32	38	35	46	25	0.606279322	0.350564089	0.30952187	11	8	9	0	9	4	6	9	14	6	10	4	4	4	6	13	15	15	27	22	20	17	11	13	8	2	1	1	4	0	0	0	0	5	1	6	2	0	5	2	5	6	10	1	4	7	8	9	7	6	5	1	6	5	6	10	2	7	4	7	8	4	6	10	4	6	2	2
C[C>A]A	0	1	0	0	0	1.7217701521991	1.4032977848626	2.43494053303669	1.90327119927131	2.8298693831257	0.157458166924348	0	0	176.151534365326	190.713955171436	232.732166883395	268.788666680972	244.54359199168	256.751874376147	226.048688168002	213.103565031294	41.116549901017	87	49.6693953848229	48.3846367422135	47.4971403385547	23.3284512143659	14.4913768830623	151.878842541663	112.488082663312	146.376614235171	89.9418455158714	44.3427633936535	32.9979155532396	35.6484497422815	61.9063938294283	31.9709555072655	48.9182248096483	31	56.9641587187564	28.9664673508326	33	64.9785895881678	34	81.9216436053214	13	78.7901318606866	45.9571541976529	16.982147326438	59.9591843714925	30.948057173917	18.8185116933551	13.9553775428263	15.7113513908453	18.8332862024155	9	19.9385278457508	26.8527402039583	13	26.803577650518	20.8765363328592	17.5769342727431	11.8408996097091	0	0.997239190161871	1	2	1.98501137411664	56	0	0	0	0	2	0	0	1	0	0	0	1	0	1	0	2	0	0	0	0	0	0	0	0	0	0	0	0	0	0	0	2	0	5	3	1	0	0	0	0	0	0	0	0	0	0	0	0	0	0	2	0	0	0	0	0	0	51	0	0	0	0	0	0	0	0	0	0	0	0	0	0	143	119	131	123	202	195	135	141	196	136	133	162	164	134	151	125	0	19	13	9	19	23	11	13	7	3	76	38	51	39	47	41	35	55	82	80	118	44	45	57	41	42	140	20	633	897	1265	680	1264	1141	1.125947311	1.109057301	1.075181233	17	22	15	0	11	6	14	16	8	17	17	16	18	17	13	30	41	39	27	26	24	17	10	13	21	6	9	9	21	0	1	0	0	6	6	12	6	0	12	8	8	10	16	12	9	6	10	5	9	10	7	12	13	8	11	15	11	10	6	9	7	6	6	14	17	12	8	7
C[C>A]C	0	1	0	0	0	1.87054232389136	2.47072986213563	0	3.21172217754118	0.973294028490683	0	0	0	154.737735053753	196.589721303198	189.268244996775	241.761725756225	228.924618605519	235.089769883296	175.847827162359	178.975551940206	28.3739032243077	75	29.8290663851999	40.9027481660144	33.8087596522014	15.9953360277335	7.18863443222501	103.155182196421	98.6180180101563	109.037432268033	64.6096818210014	30.8483871267393	24.8177424328718	32.4957474678122	43.6236403067473	28.8541593007873	30.709281368612	22	39.8521361130259	26.8234958784258	25	45.9138236496646	23	53.707546791164	9	58.150073161642	35.8024711782473	14.9062072424367	25.8954065108043	18.8272716976598	22.8688197366908	20.7303828572402	11.9825039445644	22.2263923460972	25	12.7847582264032	11.6933787058568	5	15.644359663944	19.516212679525	15.5407298867194	8.52863693658668	0	1.9563434960091	0	1	0	66	0	0	1	0	0	0	0	0	0	1	0	1	0	0	0	0	0	0	0	1	0	0	0	0	0	0	0	0	0	0	1	3	0	7	8	5	0	0	0	0	2	0	0	0	0	0	0	1	0	1	0	0	0	0	0	0	0	18	0	0	0	0	0	0	0	0	0	0	0	0	0	0	42	27	32	35	37	41	37	32	32	41	34	35	34	36	30	34	0	6	7	6	8	8	8	1	6	2	31	24	28	26	32	36	7	24	51	38	59	24	37	29	19	29	73	18	277	383	611	318	532	495	0.425839047	0.682006501	0.464282805	8	7	5	0	6	6	5	4	5	5	11	9	7	3	7	21	25	21	9	12	12	3	4	3	14	9	12	9	12	0	0	0	0	2	2	0	2	0	1	2	1	2	1	0	1	1	1	3	1	0	4	4	1	2	2	0	2	1	1	0	3	3	1	2	2	2	3	0
C[C>A]G	0	0	0	0	0	0	0	0.959032969409031	0.906655723774931	0.988407979408802	0	0	0	47.6426728645706	53.6477516765135	55.4680745518167	50.0756146956008	62.3457332956667	56.4440322904109	57.7688391475106	57.8756943915314	6.99053794597359	14	7.99550739960877	7.8798050744341	4.60229659750278	1.83836923607156	0	26.7845000607244	26.7249456636202	21.6010098582716	19.1421291162486	9.00610431653876	2.45348967489208	10.600481257052	5.99609838787287	2.99853177718844	5.99575987417415	7	1.99942591895745	3.99710246966467	4	4.99930158797115	3	13.9938629885664	3	12.9786543327325	3.99802805793832	2.99885172439266	5.99839942459891	1.99870226021328	6.97901502543198	1.99742147652366	2.98046396599118	3.99126731246187	2	7.9898593663739	3.99071303310581	1	1.99770764708737	0.998164274667806	0.979213726952748	0.7950235830525	0	1.86401152031072	0	0	0.999382667303688	66	0	0	0	1	0	0	0	1	0	0	0	0	0	0	0	0	0	0	0	0	1	0	0	0	0	0	0	0	0	0	0	5	4	7	6	7	0	0	0	0	0	0	0	0	0	0	0	0	0	0	0	0	0	0	0	1	0	30	0	0	0	0	0	0	0	0	0	0	0	0	0	0	29	27	26	29	30	30	30	23	27	26	13	25	27	24	22	24	0	4	3	1	1	5	3	1	2	2	5	3	7	2	10	8	3	4	10	6	12	7	5	2	7	9	32	1	77	97	153	77	150	136	0.765066763	0.152973421	0.285085933	3	2	1	0	2	3	2	1	2	3	1	4	1	4	2	6	5	4	2	1	2	1	2	2	11	2	7	3	8	0	0	0	0	1	0	1	0	0	1	1	1	1	1	0	1	2	0	3	0	0	2	0	1	3	0	0	0	0	1	1	0	1	1	2	1	0	0	0
C[C>A]T	0	0	0	1	0	0.766172767388707	1.04689233002984	0.69219756774536	0	0	0	1.24372491331972	0	112.524418234596	130.336097303796	175.775441772153	213.889170470472	196.40410524339	203.500662648891	184.472278265832	175.897229682533	44.6952542471223	92	61.1896053493108	45.2501426759624	51.5062982444129	20.9127520298422	7.97027539610968	133.435611735695	114.524914518199	160.359032437142	73.7954237593525	48.1288167367397	39.1620527649935	32.2697120223991	34.5688747746981	36.1349076703864	43.0997219826676	13	44.2180938304315	32.9695073000697	29	46.5846606424876	28	78.0587871713737	6	79.4160784356846	39.013324665787	22.2994109174961	25.5210438237807	34.573816202331	14.1050063206353	21.3484236201935	8.48034205054864	14.890713851524	6	12.4799643393906	15.9589687599802	2	11.3798194272921	17.7651078428163	5.76315015862319	6.22199250694556	0	0.780631634893312	1	0	1.57582662650805	60	0	0	1	0	1	0	0	0	0	1	0	0	0	0	0	0	1	0	0	0	0	0	0	0	0	0	0	0	0	0	1	1	0	3	3	3	0	1	0	0	0	0	0	0	0	0	0	0	0	0	0	0	0	1	0	0	0	27	0	0	0	0	0	0	0	0	0	0	0	0	0	0	18	16	11	16	12	17	13	9	13	16	14	17	19	16	12	17	0	9	14	10	17	24	13	7	12	6	76	38	41	33	56	42	31	48	82	63	168	53	50	39	56	52	101	9	450	672	894	538	976	872	0.411403825	0.305946842	0.374684369	9	12	15	0	5	5	10	9	13	17	14	18	9	14	13	30	31	28	17	14	15	12	10	5	21	20	21	24	12	0	0	1	0	3	6	4	4	0	7	7	7	9	10	7	1	7	5	6	4	10	4	6	9	4	4	8	6	3	3	5	3	3	7	5	8	7	4	4
G[C>A]A	3	1	2	0	0	0.67424990954172	0.77613511207364	0.58261939589679	1.0995872924629	0.836979675278984	0	0	0	131.787406453292	133.357583339855	146.874804683329	210.374927269033	180.764986544773	184.812928913017	187.840247925429	165.092595003616	90.8547344733649	187	105.539588327149	69.9218661600151	57.7235369440197	28.2178594557483	3.93043154451654	161.194441736666	117.073547105601	177.741808886593	76.0266875138592	72.4164958393002	39.4615867661625	75.9204501686625	35.7503664824174	20.0992502236406	23.2937335571015	18	34.0431754471398	15.1372852685842	21	33.5014353386595	28	32.378919718619	8	47.0070580819185	29.5977642986405	18.2991806461687	25.3685931114609	19.4386721543098	14.749933175243	12.5687311040443	16.9048856452851	14.4182511871936	9	11.9273633598998	15.9726994291802	6	20.1060269016064	15.7531706058677	6.16299521007944	5.25388565811928	0	0	0	0	1.48891369735567	64	0	0	0	0	1	0	1	4	2	2	3	1	2	2	0	2	1	1	1	0	1	0	0	0	0	0	0	0	0	0	0	5	6	5	5	5	0	0	0	0	0	0	0	0	0	0	0	0	0	0	0	0	0	0	0	0	0	53	1	0	0	0	0	0	0	0	0	0	0	0	0	0	39	31	36	33	47	37	34	29	44	42	35	46	40	44	36	42	0	26	11	15	18	32	24	8	9	7	51	45	25	35	78	34	21	54	82	74	92	55	51	44	37	35	18	23	76	59	62	49	96	57	0.642367376	0.605519791	0.472428118	20	20	22	0	13	5	12	13	13	19	19	23	13	9	15	26	18	28	40	47	48	23	26	24	12	3	4	3	9	0	0	1	0	40	31	46	34	0	29	36	31	40	51	32	47	32	41	57	48	42	51	35	40	27	44	50	39	32	32	32	38	30	43	36	34	30	40	28
G[C>A]C	2	2	0	1	0	0	0.734872914077586	1.65124190294192	0.335232837584075	0	0.0131237432400952	0	0.151738360152994	79.672735234887	100.075350430306	101.359122050972	141.608184319982	108.662364975548	130.740907305405	100.843466718794	102.630318309913	50.8848136531833	103	57.3570304522197	48.9189042219551	35.2227827474856	10.7817843188151	1.77782431784435	92.4266789426449	45.9572988734118	86.8674431797735	33.4686076731437	43.6187515402589	23.6799596982878	37.5448007922429	18.3839648160232	17.7053143541978	19.1207360120088	17	10.600404708275	11.1695943195352	7	13.6916461866331	11	20.3196100228016	7	43.183123576655	17.6652118349931	10.4920607316092	24.2318151252913	8.0554271174835	10.1750730072275	7.69335457759736	10.8006898681193	7.88588656426034	4	8.81594953413161	9.3005075615696	9	13.6700871576652	8.33286602309877	4.98867777841117	0.639321572111467	0	0	0	0	0	45	0	0	0	0	0	0	1	1	1	2	1	1	1	0	0	0	0	0	0	0	0	0	0	0	0	0	0	0	0	0	0	4	4	5	4	3	1	0	0	0	0	0	0	0	0	0	0	0	0	0	0	0	0	0	0	0	0	15	0	0	0	0	0	0	0	0	0	0	0	0	0	0	18	14	17	24	24	13	18	14	18	18	15	22	18	13	24	21	0	9	3	7	3	7	9	3	7	2	22	19	14	12	27	10	15	22	26	20	303	12	20	21	17	32	7	13	27	34	24	17	36	25	0.230963551	0.146599528	0.195487497	8	4	8	0	5	3	3	5	7	6	2	9	7	8	4	17	17	17	20	22	22	13	7	7	10	11	8	7	7	0	0	0	0	6	1	2	1	0	3	4	4	3	7	4	3	4	2	6	7	3	4	1	4	0	3	3	2	2	0	3	4	5	2	2	3	2	2	2
G[C>A]G	0	0	0	0	0	0.999999529289499	0	0.999999306543948	0	0	0	0	0	29.9119891808891	31.9710383288098	41.3953202671581	36.8111080159439	45.9849935604957	45.8921204453407	32.2544811415178	37.5203598448819	5.96299601094173	19	7.98609059979835	11.6129865595104	4.36748336366834	1.53616588420179	0.176202280891821	19.161237275186	10.3835397178005	19.3582713999706	3.31147889409476	5.57268033476817	1.24757455707568	5.98346180518203	3.99559778698648	2.98900390372781	1.99759976446202	3	4.99708064145007	6.96482081411064	1	3.99887887463171	3	3.98740480764005	2	7.91315550400277	7.97240720694408	2.99886448999771	8.99764068804577	0.998182041822943	2.97488242305188	1.98440609947349	1.99402035036525	1.98883839913977	1	0.998890233742064	1.9913307120823	0	1.99534748982014	3.98384656378892	0.911962738700703	0.831360434518088	0	0	0	1	0	59	0	0	0	0	0	0	0	1	0	0	1	0	0	0	0	0	0	0	0	0	0	0	0	0	0	0	0	0	0	0	0	7	5	8	8	7	0	0	0	0	0	0	0	0	0	0	0	0	0	0	0	0	0	0	0	1	0	15	0	0	0	0	0	0	0	0	0	0	0	0	0	0	8	10	8	8	12	7	10	8	13	5	11	15	8	10	7	8	0	2	1	2	1	3	2	1	0	0	1	1	4	7	6	2	1	6	4	6	8	2	4	3	2	2	6	5	11	9	10	5	17	11	0.541320823	0.382433552	0.228068746	3	1	2	0	4	1	1	1	5	1	0	6	0	0	4	3	5	5	6	7	6	3	3	4	4	0	2	2	6	0	0	0	0	1	2	2	1	0	2	0	1	0	1	1	0	3	2	3	6	0	2	2	3	0	1	3	2	2	1	2	0	3	0	2	1	1	1	3
G[C>A]T	3	0	0	0	0	0	0	0.433807628197639	0	0.737480199803798	0.00505358981736648	0	0	100.680658527747	126.027569519909	159.836565215554	223.713858864066	190.241899023903	159.341017145767	157.703061115013	156.662339123392	90.3381874621189	214	135.419783038811	110.987736897268	83.7608936799592	31.1794579262165	7.3261482491985	191.46927135914	113.150031078436	192.755855991896	82.3826429558424	91.8180266818969	50.5031539687531	84.045222074983	22.9853293532939	21.7035101154008	34.4731297852832	15	20.1641744807963	19.475421829013	25	26.439196309053	19	34.4729008199786	9	66.4194295777092	23.3654544521821	12.2958531324862	30.8783280048683	22.5559132089448	17.3088989016652	19.6658827797525	15.1993031097079	8.92123774838311	11	10.7777266997056	17.2405536239054	10	14.5563855018783	15.5046175966149	12.4106032398714	8.89129083551187	0	0.856402033636897	1	1	2.62459730465205	48	0	0	0	0	0	1	0	0	0	0	0	0	1	0	0	0	2	0	4	1	0	0	0	0	0	0	0	0	0	0	0	5	6	3	3	5	0	0	0	0	0	0	0	0	0	1	0	0	0	0	0	0	0	1	0	0	0	23	0	0	0	0	0	0	0	0	0	0	0	0	0	0	33	29	29	26	31	29	23	24	27	30	20	31	25	38	23	27	0	18	12	8	16	19	12	10	9	6	35	21	24	20	56	34	17	39	64	62	45	44	50	64	37	36	12	11	39	42	42	32	46	25	0.259833995	0.305946842	0.268795308	15	14	23	0	4	6	7	7	10	7	14	19	7	4	9	27	23	19	22	29	28	18	14	10	13	7	10	8	7	2	0	0	0	19	7	22	19	0	14	18	16	10	23	9	15	18	17	17	30	18	12	11	20	10	14	16	14	12	15	17	17	11	17	12	16	21	27	11
T[C>A]A	6	1	1	0	0	1.29878452369098	0	0.557664403925004	0.342653981003252	1.64476433684478	0	0	0	128.255595051191	182.221550835186	197.67568758974	228.671218673398	215.062280852155	208.616304024256	251.352400755172	217.743481245294	95.880523824868	219	97.6025857611276	93.0435421742067	92.5093214756915	27.2661488028546	6.50134610721184	217.717480723962	161.881565718055	233.218492962144	107.163339076019	86.2016461238414	66.8461383902457	85.1714388593269	59.3986384508073	30.2159064703112	46.6364427024734	19	49.1149212431205	28.0374427313833	41	41.5756261806506	35	61.2341209932669	10	57.651573655404	47.721244837372	20.3117552649253	45.0935555540503	38.0406548653679	14.6644842448268	21.0682949836945	24.7009761879854	12.0534923093371	12	15.7076431342068	17.2830736280036	4	14.8031296500297	22.1064285021043	15.3692273825536	11.6385867256958	0.32063867367566	0.910055918843799	1	1	0.768885049695674	46	0	0	0	0	1	0	0	0	1	1	0	0	0	0	0	0	1	1	1	0	0	0	0	0	0	0	0	0	0	0	0	3	3	4	2	3	0	0	0	0	0	0	0	0	0	0	0	0	0	0	0	0	0	0	0	0	0	165	0	0	1	1	0	0	0	0	0	0	0	0	0	0	69	56	61	66	89	84	59	38	75	63	49	87	81	62	45	50	0	24	16	6	26	17	7	9	7	8	76	53	40	48	92	54	36	61	106	79	68	61	70	69	47	67	18	22	78	65	70	58	88	48	8.834355828	9.484352094	6.711737395	20	23	21	0	11	13	13	14	20	18	15	15	18	15	19	37	32	34	24	26	25	23	25	20	4	1	2	1	4	0	0	0	0	13	11	13	15	0	18	11	12	14	16	20	19	17	18	27	22	22	18	6	18	13	11	14	16	9	17	15	15	16	20	18	19	9	18	9
T[C>A]C	1	0	0	0	0	1.23887232896291	1.10709022752297	0	0.942192314335451	1.62091620729138	0	0.939710812880355	0.481419883267113	114.136459992666	147.946254530888	156.10819681392	212.179575037448	156.799531173976	171.768047038942	176.800727835242	164.887215057943	79.8063896110132	183	101.550460381969	91.8961526754221	70.834898714157	25.3731305361306	0.964680752526117	178.793700564569	118.774777882916	189.006362942741	75.4806587082599	77.4750644232182	41.0221878379291	70.328421768572	41.1806317911696	28.6374630794377	39.1121493308679	22	42.6536840167051	29.5645377564062	29	48.7597986729645	29	53.2479015244514	13	80.4488070921199	29.6157409040336	16.7556448333587	44.6089058652079	23.4313765410612	19.8917148534813	22.1709718736402	15.9487269672606	13.514959087809	8	9.6346456330483	18.6828123245692	9	18.6168259265675	12.0358962091252	17.663756987245	3.58598780726157	0.893642943285372	0.919784963859238	1	1	0.569676859216549	37	1	0	0	0	0	0	1	1	1	2	1	2	2	1	0	1	2	1	1	0	0	0	0	0	0	0	0	0	0	0	1	3	2	5	3	2	0	0	0	0	0	0	0	0	0	1	0	0	1	1	0	0	1	0	1	1	0	18	0	0	0	0	0	0	0	0	0	0	0	0	0	0	23	20	13	19	21	19	16	17	21	24	20	28	30	22	16	20	0	15	8	5	7	12	13	4	6	1	51	39	41	44	62	40	21	53	56	59	79	43	54	35	43	46	11	13	69	53	70	69	68	48	0.310357272	0.203964561	0.244359371	15	11	10	0	7	8	7	13	8	6	13	7	6	7	12	14	16	16	16	18	19	17	16	18	4	4	6	6	5	0	0	0	0	4	3	4	6	0	3	2	9	6	8	4	10	8	2	3	5	8	6	7	10	6	6	7	10	4	5	3	7	6	4	5	3	6	4	6
T[C>A]G	0	0	0	0	0	0.88541243788421	0	0	0	0	0	0	0	18.7912093075493	27.6486056819735	31.8744212230715	34.6060556343962	36.6764886072231	39.2386844857284	33.1165564424594	32.5065539965447	9.94855934074298	32	11.9561854483799	5.91206885113358	9.3715153650532	1.59961237603597	0	28.833723629283	18.0737553720096	25.1845800815369	17.3176372049845	13.2110988040472	7.66866754463104	11.7262866755541	6.98436170799251	5.99082535306646	4.98716448301571	0	6.99332313311713	0	9	1.99894575858561	2	3.99364584452433	0	2.98607015091044	3.99370783932424	0	7.99199140784722	1.99489914447085	0.990859136517324	2.98714885015862	1.95925643594236	2.97562970733233	1	1.99290915091261	2.97999691887702	1	1.98987797789765	4.96869166124901	0	1.96453007075458	0.993774154519108	0	1	0	0	27	0	0	0	0	0	0	0	0	0	0	0	0	0	0	0	0	0	0	0	0	1	0	0	0	0	0	0	0	0	0	0	2	2	3	3	3	0	0	0	0	0	0	0	0	0	0	0	0	0	0	0	0	0	0	0	0	0	39	0	0	0	0	0	0	0	0	0	0	0	0	0	0	43	39	43	38	41	40	46	37	33	42	28	44	44	41	30	31	0	4	1	1	0	0	1	4	2	1	9	12	7	4	11	7	5	7	13	15	4	3	9	5	6	8	5	7	10	19	10	9	13	13	0.29592205	0.140225636	0.13847031	1	2	3	1	3	0	3	0	3	0	3	2	1	2	4	2	3	2	3	2	3	0	0	2	6	2	2	2	7	0	0	0	0	1	1	1	1	0	0	2	3	1	1	2	2	1	5	3	1	2	0	2	4	0	2	1	1	1	2	2	1	2	0	1	3	2	2	0
T[C>A]T	1	3	2	2	0	0.665254192066279	0.386674097771328	0.575536090446122	0.359044256150684	0	0.00878014500876323	0.482958697694901	0.16058955997175	197.480226107285	306.393931270444	327.749207221469	414.595049070928	340.63569598702	333.666752603291	393.718508644856	355.052685202395	139.258185733162	373	193.728556933019	221.542633952481	196.053193878733	57.2047640434851	12.4947944516797	376.348588922735	290.437605897525	421.458757206585	195.597329869396	186.033684621825	115.028777786812	171.864640107444	78.0186152942336	43.0297394925867	58.7022197822468	32	71.6118726933211	45.2501669789072	51	70.6794766953242	39	97.7795067280212	16	147.213752558351	57.1546417031009	31.0501129644571	71.3843379127347	47.6379756468999	43.2439383354069	36.6873196112262	27.6140122022375	34.2627711584401	16	23.1851955160015	35.2613438522203	21	33.2145418159619	28.3035077602233	15.1593850441797	14.3224558725062	0.50418769408734	1.65270842997912	2	3	0.501929892606745	55	0	0	2	0	0	1	0	0	0	0	0	0	1	1	0	1	0	0	0	0	0	0	0	0	0	0	0	0	0	0	0	6	5	6	6	8	0	0	0	0	0	0	0	0	0	0	0	0	0	0	0	0	0	0	0	0	0	65	0	0	0	0	0	0	0	0	0	0	0	0	0	0	60	43	51	54	60	62	54	40	59	54	34	49	56	52	39	48	0	19	27	17	32	43	30	18	14	18	103	95	71	66	111	61	53	111	175	134	113	102	94	95	61	112	27	30	126	81	90	83	121	67	0.67123782	0.841353815	0.741223426	22	20	34	1	12	14	26	26	34	34	30	29	24	20	21	37	44	44	45	42	45	54	42	39	5	7	2	3	5	0	1	1	1	25	27	23	25	0	32	28	29	39	52	37	27	26	29	34	46	36	31	21	19	29	24	31	32	45	24	27	31	28	35	16	26	39	33	27
A[C>G]A	2	0	1	0	0	3.39142154091343	1.65013238824229	1.1812959206786	0.371884936135346	0.843344863161047	0	0	0.180422848181556	263.464006463353	311.616845372921	260.351405604282	322.159332083048	398.448186942331	398.381509259387	305.98004839015	359.409639524577	29.0426303428568	27	21.4139004213226	26.2148800911351	24.2566416007292	12.3342660948664	6.20321059513334	140.852784339503	130.488842248609	110.7875306488	114.908598126729	47.5997002954333	32.103943241767	52.275422591648	21.8811009845607	11.9560491963591	13.9124463090131	9	21.9511670238887	14.938208933613	14	17.9755145991789	15	18.9219930205723	8	39.6452225730966	17.9328615659369	10.9578918170553	11.9693579979826	11.9184170499972	11.7083018628743	11.8757464156016	8.5054902778733	7.797539450515	8	11.902290413207	12.80532290711	5	9.84875809421101	6.89238686912581	9.44114663041386	4.84922525115801	0.982675407157296	0.990643765597863	2	2	1.97618370343503	44	0	0	0	0	0	0	0	0	0	0	0	0	0	1	0	0	0	1	0	0	0	0	0	0	0	0	0	0	0	0	0	6	8	10	9	5	0	0	0	0	0	0	0	0	0	0	0	0	0	0	0	0	0	0	0	0	0	45	0	0	0	0	0	0	0	0	0	0	0	0	0	0	55	46	45	47	52	58	45	39	46	44	43	49	48	51	38	45	0	4	12	4	2	3	4	5	4	7	42	31	27	17	53	28	8	14	41	32	34	24	32	23	27	22	11	4	25	18	32	24	37	16	1.7105738	1.109057301	0.863403112	3	7	5	0	8	8	4	7	6	8	3	6	4	7	3	12	11	11	16	14	14	5	7	5	10	0	1	2	6	0	0	0	0	2	0	1	0	0	2	1	0	2	7	0	3	0	1	2	2	0	4	0	0	1	1	2	1	1	0	3	1	1	1	2	1	1	2	2
A[C>G]C	1	1	0	0	0	0.245133752969324	0.100866366273887	0	0.0825621534040556	0	0.00574913218623141	0.1447894422957	0.0698404296094324	61.435791325701	64.5484409143952	54.3023119191809	76.7999376175573	57.6489235597647	71.2349595829177	52.5703654126829	71.6641251824821	5.8424958673379	9	5.84018433312752	6.54025649223343	6.50656619974535	5.57577794654509	6.95399725004938	36.5813268361767	31.0350560982295	24.6000463465694	26.7625322919939	11.4911058112663	8.60943770130854	13.4033504440613	6.78994463005923	10.7686476076439	9.66930994322011	4	6.91955178517144	8.80461345032001	8	11.9007948361231	11	8.78474118943538	1	21.0560101750269	11.7512837913579	2.93460581231074	1.97289174539505	5.77504205877021	6.98090187309199	2.71475966961762	3.09058158663131	3.34600928205273	3	0.942329399193913	0.890621511233508	4	3.72091112018441	3.57982925862991	1.33765752810946	1.97822009596071	0	0	0	0	0	46	0	0	0	0	0	0	0	0	0	0	0	0	0	0	0	0	0	0	0	0	0	0	0	0	0	0	0	0	0	0	0	2	2	5	4	3	0	0	0	0	0	0	0	0	0	0	0	0	0	1	0	1	0	0	0	0	0	15	0	0	0	0	0	0	0	0	0	0	0	0	0	0	12	13	13	11	15	13	11	13	13	16	12	10	14	13	13	10	0	2	6	2	4	2	3	3	1	4	24	13	18	19	33	8	11	11	27	19	22	19	28	20	21	21	6	5	13	11	12	17	11	11	0.433056658	0.184842884	0.203632809	2	2	0	0	4	4	3	4	2	2	5	5	2	6	3	0	2	0	4	4	4	0	3	0	4	1	2	1	3	0	0	0	0	1	0	1	0	0	0	0	0	1	1	0	0	2	0	1	2	1	0	0	1	0	1	0	1	1	0	1	1	0	1	1	1	0	0	0
A[C>G]G	0	0	0	0	0	0.721117510727047	0.451037923659601	0.638454482286612	1.26537599001178	0	0	0	0.199642409892593	28.3985940796533	26.6311408081659	21.0287351135365	30.2348614782417	30.4647938794831	32.7870634303609	33.0162067857102	31.7333596507861	0	5	0.98451384524491	0.745368681806463	0.997861249937349	2.07508611743694	2.23723254442348	17.1535027035444	13.0423094933445	15.4840327664131	20.314367084688	4.25165513794216	2.68555085409208	2.67705450948349	1.97448107690985	0.991068171230944	0.985657318944137	1	2.98421189756055	6.91760447840191	2	0.996825969346078	4	3.95950379379834	1	3.90108684811987	0.990527954943629	1.98137686949251	2.9804963418913	0.985071990987427	0	1.9444929707434	1.68645554445564	1.92471990173288	1	0.983694882541224	2.91368067181967	1	0	0	0	0	0.982898455740764	0.97938160534537	1	1	1.98293288193915	41	0	0	0	0	0	0	0	0	0	0	0	0	0	0	0	0	0	0	0	0	0	0	0	0	0	0	0	0	0	0	0	2	4	3	3	2	0	0	0	0	0	1	0	0	0	0	0	0	0	0	1	0	0	0	0	0	0	17	0	0	0	0	0	0	0	0	0	0	0	0	0	0	13	10	11	13	11	10	12	9	12	12	6	8	13	11	9	11	0	2	0	0	0	1	1	1	1	2	10	3	5	5	5	6	2	2	1	0	4	3	13	5	4	2	0	0	3	2	5	4	4	5	0.793937207	0.229460131	0.203632809	2	3	0	0	1	1	0	0	0	1	0	0	1	1	0	4	2	2	0	0	0	0	0	1	10	0	1	0	8	0	0	0	0	0	0	0	0	0	1	0	0	0	1	2	1	0	0	1	0	0	3	0	0	2	1	0	0	0	0	0	0	0	1	1	0	0	2	0
A[C>G]T	0	0	2	0	0	0.298839096619875	0.63714697828436	0	0.214668396114748	0	0.023015029594884	0.228445248948143	0.063788625969014	80.7312058621135	99.6335211516742	69.3117114470044	98.9137700767848	66.0772674902306	94.5142811545614	71.6183710961234	79.8581438241037	15.0384898844134	18	8.57645804749723	8.18980565572986	15.1990332047982	5.29417445178635	13.5618739908138	41.736498106482	31.9526200003853	38.912326764356	30.1552632198672	10.9366877625216	11.3338892735451	9.38293594257816	20.0820377734016	7.76341741786993	17.1305779260393	13	13.7758891280184	14.5461548863876	19	12.8454215206276	21	10.6429093718008	5	40.4252970963408	11.6677192173786	9.6793034994856	16.6620568429842	6.60808806228236	4.03848286758512	3.35178235270608	4.5056279095535	5.78696611225732	5	3.63249263921971	3.33880055248518	4	4.35523374571622	4.06564313041959	4.50978756845946	1.21050385357858	3.60916463133514	3.37340826587138	3	5	4.56915811668841	55	0	0	0	0	0	0	0	0	0	0	0	0	0	0	0	0	0	0	0	0	0	0	0	0	0	0	0	0	0	0	0	11	12	8	8	8	0	0	0	0	0	0	0	0	0	0	0	0	0	0	1	0	0	0	0	0	0	20	0	0	0	0	0	0	0	0	0	0	0	0	0	0	27	24	31	26	30	31	35	21	27	30	27	24	35	26	26	33	0	7	2	5	1	1	3	1	4	4	30	27	29	16	32	27	5	9	32	27	48	34	31	29	28	24	2	3	18	19	13	20	27	16	0.360880549	0.433424692	0.366539057	5	2	4	0	5	7	8	8	6	2	9	6	7	4	5	3	7	3	11	11	11	4	6	6	1	3	3	3	1	0	0	0	0	1	0	1	1	0	2	0	0	1	2	0	2	2	0	1	1	2	1	2	2	1	2	1	2	1	1	0	1	1	0	0	1	0	0	1
C[C>G]A	0	0	0	0	0	0.788569417248656	0	0	0.511327122995964	0	0	0	0.270946104760491	44.8655225051499	61.1942022008542	48.7552243449495	66.5214161201739	56.798484109064	80.0333637410259	57.9544298919812	71.430708939792	9.73402247207173	10	4.97906593598773	5.22658516269538	11.4848300932318	8.05873355374028	9.55452120262333	27.9525284754617	26.5027505355172	33.8562901768907	17.4077829153765	8.5709848703014	10.8213835237508	4.343578361404	14.3276846536399	8.75297735864721	16.2312716322358	5	4.90867954887438	14.5599651661765	12	13.8576250007087	7	13.5979223364153	1	17.7746995116744	6.79811988127172	5.81118624985746	6.84648762719727	6.68718916637913	4.45575581673016	0.921941677610964	3.87901166176539	6.40214293489828	9	4.4373602904623	4.3192868425243	3	6.31767452751452	6.92622803478038	0.790129656481638	1.11672865237309	0.911790927412773	0	0	0	0	38	0	0	0	0	0	0	0	0	0	0	0	0	0	0	0	0	0	0	0	0	0	0	0	0	0	0	0	0	0	0	0	3	3	5	2	4	0	0	0	0	0	0	0	0	0	0	0	0	0	0	0	0	0	0	0	0	0	24	0	0	0	0	0	0	0	0	0	0	0	0	0	0	25	21	19	26	29	27	20	17	25	19	16	20	18	21	21	19	0	3	6	1	2	1	0	7	3	1	24	19	29	17	33	26	4	11	26	13	22	22	20	21	25	14	1	2	8	9	12	10	9	11	0.15156983	0.312320734	0.366539057	3	5	4	0	2	5	4	2	2	1	2	3	0	2	1	4	2	2	5	4	4	6	4	4	7	0	2	0	10	0	0	0	0	0	1	1	0	0	0	0	0	1	1	0	0	1	0	0	1	0	1	2	1	0	3	3	2	0	1	0	0	1	1	1	0	1	1	0
C[C>G]C	0	0	0	0	0	0	0	0.670327037719446	0.341752578420359	0	0.0108856937484356	0	0	50.3494996599276	74.8133199747967	62.8139553071909	73.0396419838584	63.3409027644059	75.8053030855502	60.1647580292059	78.9933414611133	5.28212628595957	8	4.90232507434811	9.52609928044654	9.36275997141265	6.4432396742073	9.15119313166548	36.3237612109172	34.6345763296133	24.579219994211	23.3239685940307	10.8625785327847	13.2249811836451	7.15311369373526	8.83659252666123	5.93160033690342	9.80907143025666	8	8.92912655522161	11.8464073166812	7	8.96394092978715	6	10.8626560519923	2	6.80986622667553	3.94916232251822	2.96247016004329	4.95575816510121	7.85192515137442	6.20630298517925	7.78434951884454	5.35941537178676	5.55076536380822	3	5.7916935256868	3.80029463003108	2	6.75895738552703	2.87095876594068	3.06157217069983	1.6734378535471	0	0	0	0	0.97031019568442	30	0	0	0	0	0	0	0	0	0	0	0	0	0	0	0	0	0	0	0	0	0	0	0	0	0	0	0	0	0	0	0	2	2	4	5	4	0	0	0	0	0	0	0	0	0	0	0	1	0	0	0	0	0	0	0	0	0	18	0	0	0	0	0	0	0	0	0	0	0	0	0	0	7	4	5	8	6	5	6	7	6	10	2	6	3	4	6	8	0	1	0	1	3	3	3	4	4	3	32	18	23	26	32	15	10	13	26	19	23	23	25	17	21	13	4	5	14	15	10	9	16	10	0.230963551	0.356937982	0.366539057	3	2	2	0	1	4	1	3	2	3	4	3	2	0	2	2	1	1	5	6	5	7	4	4	6	0	0	0	5	0	0	0	0	1	0	2	0	0	0	1	2	1	1	0	0	1	0	0	0	1	1	0	2	1	1	1	0	1	1	1	0	0	0	1	1	2	1	0
C[C>G]G	0	0	0	0	0	0.851345330140597	0.63969789218208	0	0.617309296344938	0	0.00941006217690155	0	0	27.1988708939719	29.2549930198997	24.1429472064845	23.6165259881729	22.8788759390227	36.0359573445094	31.8019349807751	31.1478062335395	0	4	1.99430589354059	1.06101560321826	0.191758083553517	0.87523822050415	0.310386164189037	17.2784356022562	17.60249093489	13.1816023585749	13.1486566176804	2.92109142185949	1.41738032873197	3.60016746649602	6.9959927334746	3.99837211269369	0.999390454076284	2	9.99778702879074	0.999500514022243	5	3.99943885214048	0	1.999100674855	4	3.99570931987589	0.999574998478256	2.99877966916239	1.99938974149423	0.999333222387141	3.99254732139871	0.998765652514656	0.991896839128476	0.998592969418094	2	3.9971685022338	3.99550944210616	3	2.99798273517333	2.99702697971343	0	1.99124099576622	0	0	0	1	7.99760395695544	84	0	0	0	0	0	0	0	0	0	0	0	0	0	0	0	0	0	0	0	0	0	0	0	0	0	0	0	0	0	0	0	7	8	9	9	8	0	0	0	0	0	0	0	0	0	0	0	0	0	0	0	0	0	0	0	0	0	16	0	0	0	0	0	0	0	0	0	0	0	0	0	0	35	25	16	30	29	27	37	21	31	22	31	33	29	26	25	29	0	1	0	0	0	1	0	1	0	0	6	4	1	4	5	3	3	2	3	1	13	5	1	3	2	1	1	3	5	3	1	3	7	0	0.281486828	0.165721206	0.268795308	1	0	0	0	2	1	2	1	1	1	0	2	1	1	3	2	0	0	0	0	0	0	0	0	27	3	4	7	21	0	0	0	0	1	0	1	0	0	0	1	0	0	0	0	1	2	0	0	1	0	0	0	1	1	1	0	0	0	0	0	1	1	1	1	1	0	2	0
C[C>G]T	1	0	0	0	0	0.544261182337393	0.286674903648902	0.450539406519635	0.503102185907231	0	0	0	0.337108549892618	71.6968260453734	83.9972101424367	76.0714739292762	86.2422499699107	69.5880237647902	86.4782062767076	59.1201870367102	79.8611768714672	13.3761762558745	8	7.75076727710721	5.21757605300052	12.8693313415653	5.47647046775749	9.87572798065544	31.7993376490425	31.7945303529631	27.7522714510772	16.212820943099	4.57297251421382	7.4592644594059	5.3109610920221	13.4798567844009	11.7106754029257	14.4323954428002	4	5.91426874401	6.83267260030704	14	12.8889299626166	5	14.6420289662238	5	12.3403913058782	5.85938284365248	3.89704256815417	7.85303774346401	5.76616074513678	4.70872847812409	5.60725339927693	2.57568575708348	0.847305000697604	7	2.722034829372	6.23501833675271	2	2.7855016458797	2.6669214824106	0.740775395632262	4.2221608445914	1.88230441833757	0.867191905400035	2	1	1.85629737484568	54	0	0	0	0	0	0	0	0	0	0	0	0	0	0	0	0	0	0	0	0	0	0	0	0	0	0	0	0	0	0	0	2	2	3	3	2	0	0	0	0	0	0	0	0	0	1	0	0	0	0	1	0	0	0	0	0	0	14	0	0	0	0	0	0	0	0	0	0	0	0	0	0	17	10	17	12	16	13	13	8	9	14	13	16	17	10	14	15	0	7	3	5	2	6	1	2	1	4	31	21	25	29	40	17	10	10	32	26	39	16	28	27	18	29	8	6	22	22	16	20	20	13	0.317574883	1.491490853	2.068909343	7	9	3	0	3	2	1	2	5	2	4	5	6	6	5	1	4	5	11	9	11	3	3	2	2	0	0	0	4	0	0	0	0	1	0	1	1	0	2	2	1	2	1	0	2	2	2	1	2	1	2	0	1	0	4	3	0	1	1	0	0	3	0	0	1	0	0	1
G[C>G]A	1	0	0	0	0	0.615564249138233	0.707323327733792	0	0.62136332578495	0.804898478609142	0	0	0.148129714768343	46.9127031580464	63.4126416699115	59.9597457470997	58.2396207730452	55.4275788331659	70.5913413487331	55.5699639539336	68.1532671753384	8.02143073390867	8	3.9289132813031	5.36816687014092	4.76972021183687	6.40054047604141	8.32110315621762	28.7910134225316	23.2158286547389	25.630268171882	24.6215626415393	13.6969239487397	7.92738615950071	7.93046175082497	3.93560398295728	6.89853910103888	5.89693586980394	3	5.96428713098315	4.94943448081644	6	10.9553924135785	8	7.885450240851	2	10.7829020470101	2.96066459279311	4.95655819538315	6.95033288816641	2.94025553610652	1.76118184091012	0	3.2998878443769	0.904067877953749	4	0.97250277820638	5.75735802105247	0	5.85715121583535	1.92411519455946	3.78372635964422	1.70013029921102	0	0	0	0	2.93975963516508	37	0	0	0	0	0	0	0	0	0	0	0	0	0	0	0	0	0	0	0	0	0	0	0	0	1	0	0	0	0	0	0	6	3	3	4	3	0	0	0	0	0	0	0	0	0	0	0	0	0	0	0	0	0	0	0	0	0	25	0	0	0	0	0	0	0	0	0	0	0	0	0	0	16	15	18	15	16	20	17	13	16	15	14	14	14	14	16	16	0	7	3	4	2	7	1	1	1	1	29	15	12	6	12	9	10	5	18	12	13	10	20	19	11	17	0	6	6	8	11	9	15	4	0.440274269	0.318694627	0.529445304	2	1	2	0	2	0	0	0	2	4	0	1	5	5	4	5	5	5	1	1	1	0	0	1	9	1	4	1	6	0	0	0	0	0	0	0	0	0	0	1	0	0	1	1	0	1	0	0	1	1	1	0	2	0	0	2	1	1	0	0	1	1	0	2	2	1	0	0
G[C>G]C	0	0	0	0	0	2.51244962887964	2.36090293117676	1.89081305187236	2.92690894523403	0.444452708453039	0.0753366351463391	0.29829386194532	0.26103132868581	8.89618996454465	19.5094533246022	18.770896346769	14.0864617662659	28.6778753772735	34.2906188411284	25.1018608250108	27.7263146391606	5.43189575798974	20	8.89220129804774	3.24985385219449	4.43710206582716	4.90727435869212	4.65353770530093	20.831713120727	18.7355415491058	15.6166999154306	16.804130588764	7.7626026113499	9.44468486425706	1.86081194295139	12.5171269603871	6.79678526250394	13.4163530841488	8	9.8609007549502	13.6501472686581	9	6.91954248532272	21	8.69880951536264	2	100.958750341538	6.81262166623273	9.74841518400977	19.7000783619626	3.7971893580953	8.1267842906454	2.4843152165757	3.81914494936726	2.4700851129343	2	3.64518805364067	2.33237153446577	4	5.19912250273307	0	5.30274275217626	1.30239111762505	0	1.30289443170493	1	1	0.828339573389085	50	1	0	0	0	0	0	0	0	0	0	0	0	0	0	0	1	0	0	0	0	0	0	0	0	0	0	0	0	0	0	0	2	2	3	3	2	0	0	0	0	0	0	0	0	0	0	0	2	2	0	2	2	0	0	0	0	0	16	0	0	1	0	0	0	0	0	0	0	0	0	0	0	26	35	26	27	31	29	29	32	32	27	21	30	27	35	28	34	0	0	3	2	0	2	5	2	0	0	28	13	13	24	13	14	10	7	20	13	141	10	11	16	16	14	1	2	9	16	9	6	8	5	0.274269217	0.152973421	0.219923434	4	1	1	0	1	2	0	2	4	2	2	1	2	1	1	0	2	0	3	3	5	1	1	1	6	5	3	3	4	0	0	0	0	0	0	0	0	0	1	0	0	0	0	0	0	0	0	0	1	0	0	2	0	0	0	2	0	0	1	0	1	0	0	0	1	0	1	0
G[C>G]G	0	0	0	0	0	1.78824150104516	0	0	0	3.81876621972107	0	0	0	20.3446004810049	24.3190898419218	21.9330142379881	20.7475346843548	24.209478178526	35.8630688872029	22.7143244177294	26.9336850699926	3.72425910159704	0	0.999146889947418	1.2465059334305	0.503792059381488	0.48544342042744	2.14345221648747	8.79254045691171	9.0449259768997	6.83103624889513	5.15585227766075	2.63371143256538	1.15370559533071	2.86112183533199	1.99424310656769	0	3.98547069123932	1	0.99837806112076	0	1	2.99846200077915	1	3.98559750380721	0	2.96964832326747	0	0	0	0	0	0	2.90091392344205	0	0	0	0	0	0.994217297767426	1.99398129798913	0	0	0	0	0	0	0.999116102867854	34	0	0	0	0	0	0	0	0	0	0	0	0	0	0	0	0	0	0	0	0	0	0	0	0	0	0	0	0	0	0	0	5	6	7	5	4	0	0	0	0	0	0	0	0	0	0	0	0	0	0	0	0	0	0	0	0	0	20	0	0	0	0	0	0	0	0	0	0	0	0	0	0	8	6	3	8	6	6	6	2	6	8	2	4	6	6	6	10	0	1	1	0	0	0	1	1	1	1	2	1	4	2	4	0	0	0	5	4	5	3	5	2	2	3	0	1	3	1	2	2	2	2	0.851678095	0.573650328	0.553881241	1	0	0	0	0	1	1	1	2	1	0	0	0	1	0	0	0	0	0	0	0	0	0	0	9	0	1	1	4	0	0	0	0	0	0	0	0	0	0	0	0	0	1	0	0	1	1	0	0	0	1	0	0	1	0	1	1	1	0	0	0	1	0	0	1	1	0	0
G[C>G]T	0	0	1	0	0	0.455210114345909	0.324128509995262	0	0.7600778299136	0	0.0251209663385208	0.157945643276157	0	61.975529820245	71.9994451167941	49.0162097858251	66.7576966244465	62.1621587806106	70.4995062177883	40.7828394821003	61.1381665645147	6.95125930270138	6	4.76927009022736	3.75282747505344	8.35543082743758	1.61122060263895	10.2963593112573	20.4658108631196	23.9726057887342	24.7475360240063	9.08022545777439	3.32580162952428	3.37144682720156	6.48825484843886	5.72124924362097	1.92193072338929	11.3869603005943	7	11.7856906526895	8.71601051048406	6	8.88113550333861	12	11.4847981126362	1	16.8957522348834	7.70986957527337	3.88649861894271	4.9001532463502	3.75261730402664	3.07737207694243	5.36007045765273	1.82018557638322	5.01565036690711	3	6.4521731486706	3.44973291970411	3	3.61418831513709	5.14147455945165	1.72416018019926	0.673773762173525	0	0	1	1	0	49	0	0	0	0	0	0	0	0	0	0	0	0	0	0	0	0	0	0	0	0	0	0	0	0	0	0	0	0	0	0	0	3	3	5	4	3	0	0	0	0	0	0	0	0	0	0	1	1	0	0	0	0	0	0	0	0	0	23	0	0	0	0	0	0	0	0	0	0	0	0	0	0	15	12	12	16	18	15	23	12	20	16	17	15	12	15	17	15	0	1	2	2	2	3	2	2	2	5	18	12	18	12	26	12	8	10	24	12	48	8	15	15	15	9	3	0	7	11	6	12	7	13	0.129916997	0.210338454	0.260649996	2	2	2	0	2	2	0	0	3	1	4	3	2	3	3	3	3	1	2	0	2	0	0	2	9	2	3	2	8	0	0	0	0	2	1	1	0	0	1	1	1	0	1	1	0	1	1	0	0	0	1	2	0	0	0	0	0	1	1	0	0	1	3	0	0	0	0	0
T[C>G]A	1	0	0	1	0	0.508977961899597	0.537261250655905	0.417125570930766	0.451053654623032	0	0.0400402712462056	0	0.319592510789087	49.10890713745	65.3712558674812	52.0427785366294	66.7861315324154	58.5933362728432	82.4363858058971	55.8502720169612	65.1078906100365	7.1080672471079	9	6.72503558894085	7.60233839377138	8.36026311629574	7.3502759186156	6.26082190612735	33.8306360112674	35.7373904200902	29.054810555073	20.4995315975475	8.74147379518373	8.46254824482937	8.5014847570997	8.59308028720133	10.6609894705326	10.4633505755303	7	16.7067694626951	7.75509963480234	12	16.8017008255273	8	8.69127779681419	1	17.838338073216	13.575888960314	6.78037240016037	5.87859059151001	3.79251520302394	6.77264962864865	3.52292527625972	1.45858611058563	2.58887731916705	6	1.79336795106091	4.15683678251882	4	1.76281005624004	4.08062264670412	1.07293843669072	1.47992234933271	0	0	0	0	0	28	0	0	0	0	0	0	0	0	0	0	0	0	0	0	0	0	0	0	0	0	0	0	0	0	0	0	0	0	0	0	0	8	6	9	8	6	0	0	0	0	0	1	1	0	1	0	0	0	0	0	0	0	0	0	0	0	0	44	0	0	0	0	0	0	0	0	1	0	1	0	0	0	29	19	20	24	29	29	24	17	25	28	19	27	26	27	21	27	0	8	6	6	3	2	4	4	4	3	60	31	51	32	41	23	15	25	33	30	43	40	25	20	28	37	1	5	28	15	26	17	36	16	0.36809816	0.331442412	0.34210312	2	5	3	0	1	4	3	6	8	8	4	6	2	2	7	7	10	8	14	12	12	2	0	0	0	0	1	1	1	0	0	0	0	1	1	0	0	0	1	1	1	0	3	2	1	2	1	1	0	0	1	0	0	2	4	2	0	0	1	0	2	0	0	1	2	1	0	3
T[C>G]C	0	0	0	0	0	0.648784318850835	0	0	0.341574876819211	0	0.0317301706905164	0	0.172105455258496	48.570767377243	66.2638620401071	62.5584387770679	71.6841677527865	66.5685397302083	80.9084663865568	68.9970767105391	77.6363566379178	8.09001303119712	2	5.86755207652329	9.13433944466038	9.06887460643261	4.53574591184908	4.21468523080899	34.2642097113985	35.3825269060628	29.7491365959695	25.8660024111866	13.8269775398968	12.5483581015535	8.70859101996841	10.8658443709977	4.95773738914703	8.87719105642143	6	10.946871935408	7.93073807314983	9	8.97134986305582	12	15.8447873643736	3	22.5925127469298	7.93203532268747	4.95667534865799	9.94542851090937	5.91093115287131	3.74000799743412	4.86706325828336	1.67607897670715	3.68968094872653	5	4.88610950641471	7.66593803578432	1	3.86964342978713	3.82156265467107	4.27541780477531	2.69695030360227	0	0	0	0	0	25	0	0	0	0	0	0	0	0	0	0	0	0	0	0	0	0	0	0	0	0	0	0	0	0	0	0	0	0	0	0	0	1	1	0	1	1	0	0	0	0	0	1	0	0	0	0	0	0	0	0	0	0	0	0	0	0	0	23	0	0	0	0	0	0	0	0	0	0	0	0	0	0	10	7	10	10	12	8	9	6	10	11	9	8	12	11	8	12	0	6	2	3	4	6	1	3	1	3	48	21	36	25	36	24	14	18	24	20	39	22	43	24	30	25	5	3	16	15	20	14	20	15	0.404186214	0.433424692	0.48057343	4	7	4	0	5	2	4	3	3	4	4	7	4	5	4	7	9	7	5	5	6	0	1	2	5	0	1	0	1	0	0	0	0	0	0	1	1	0	0	1	1	0	1	3	1	0	2	1	1	0	0	1	1	0	0	0	1	1	0	1	2	1	1	1	2	0	0	1
T[C>G]G	0	0	0	0	0	0	0	0	0.197485733278876	0	0.020347229663398	0.653055419474933	0.095138928384736	14.7701697640216	13.3146746984608	17.8465114212031	18.1007472615146	18.6747888054658	23.3456507855527	26.8092919311746	19.4666645653357	1.76292400773593	1	0.966368340739383	2.23175633643295	0.55012107279472	0.150391376631768	0	10.2982765125653	11.254047812197	7.54734759835587	3.92033706123526	1.97107890075538	1.79005530088217	2.23336060732485	1.96299220760737	3.93856885419392	0.978276135779808	2	0	0.981127038083513	2	0.995502547946199	2	1.97004575166499	3	2.88397928235173	0.98561902710227	1.97565624024986	0	0	0.944143260977634	1.92077679792955	0.717746772785304	0.949431309735535	2	0	0.964522287630954	1	0.976590778162436	0.969079033934473	0	0	0	0	0	0	0.991043550212316	40	0	0	0	0	0	0	0	0	0	0	0	0	0	0	0	0	0	0	0	0	0	0	0	0	0	0	0	0	0	0	0	3	3	5	6	1	0	0	0	0	0	0	0	0	0	0	0	0	0	0	0	0	0	0	0	0	0	23	0	0	0	0	0	0	0	0	0	0	0	0	0	0	13	6	11	9	11	9	11	3	13	9	10	13	11	11	10	10	0	1	1	0	1	0	0	1	1	1	5	3	4	1	10	5	2	2	3	2	3	4	5	5	1	5	1	1	3	2	4	2	3	4	0.360880549	0.235834024	0.219923434	1	1	1	0	0	0	0	0	1	2	2	3	1	2	1	2	2	2	1	1	1	0	2	0	3	0	0	0	3	0	0	0	0	0	0	0	1	0	0	1	0	0	2	0	0	1	1	1	0	0	0	0	1	0	0	0	0	1	0	0	0	0	0	0	0	1	1	0
T[C>G]T	2	0	2	0	0	1.07213083820612	1.62606934024973	0.449519778296112	1.22409952886921	0	0	0	0.28951962484986	268.439620423735	316.100231629404	257.948683483262	300.910361530409	373.515847744831	387.215073276187	299.385443887113	327.491481437225	27.1137632309704	32	31.5429281040272	32.6202432719259	24.5816758503419	6.44009061384962	19.4869153968257	133.001661495847	101.796643472091	97.8951766205347	104.303128629084	36.9778366861943	35.0806484367935	54.7875856833847	19.7601612616909	11.5005737072312	23.3662228492513	16	27.3767992589559	18.2296256527542	9	20.6740167992441	16	16.236954830024	4	69.9790554779672	21.1534803319831	9.59296502885518	16.543512568892	14.8182892223239	9.16419377621372	5.6454967876991	2.81763154965154	1.67470765408166	10	6.16020199771641	7.87881054634083	3	8.94369704284636	6.85388564434536	6.31843771594271	2.29357698110972	0	2.70248576074126	3	4	0	58	0	0	0	0	0	0	0	0	0	0	1	1	0	0	0	0	0	0	0	0	0	0	0	0	0	0	0	0	0	0	0	13	9	11	11	10	0	0	0	0	0	0	0	0	0	0	0	0	0	1	0	1	0	0	0	0	0	32	0	0	0	0	0	0	0	0	0	0	0	0	0	0	20	21	18	22	27	28	18	19	26	20	17	25	22	25	20	24	0	4	9	8	6	10	9	4	9	14	72	38	53	52	70	50	17	34	59	60	158	50	60	60	57	56	11	3	40	44	50	35	41	33	0.599061711	1.179170119	1.254378105	7	9	9	0	4	9	6	7	11	10	6	6	8	10	8	17	17	16	14	14	16	9	12	11	3	1	2	2	3	0	0	1	0	1	1	0	4	0	2	0	1	1	2	2	2	1	1	2	4	2	0	2	0	0	1	4	8	2	0	0	2	1	0	1	3	1	1	1
A[C>T]A	2	2	2	0	0	0.520641616047446	0.29050872564035	0	1.31237198468351	2.99174847694548	0	0	0	454.774293234276	517.78461714976	525.556460605425	591.400206092295	735.696648166728	741.569617050419	587.26495397606	631.734555407732	46.3641741526873	58	42.4179037134735	61.0352205337227	42.6726645348925	23.1761721645018	16.5698194541118	243.413864379087	225.194144035756	196.832909558593	203.414656116644	86.9448021269376	61.3653040601592	80.3792925861363	67.1552627888967	41.6851427439229	56.1904144825081	39	61.677006602833	29.6720522188806	44	58.810856938121	45	84.1350129509137	8	82.9389304691914	51.5500438945968	18.7997325080917	60.640092221404	36.4532519149542	36.2321355443947	29.3017625784988	20.8904564171083	52.4835282368983	28	36.4039597462313	42.7277395803422	16	43.7441427308674	27.0703748921375	24.2708128190424	17.8871681400586	2.90941902084168	3.90207793306685	6	5	11.7999201061367	286	0	0	0	0	1	1	0	0	0	0	0	0	0	0	0	0	0	0	0	0	0	0	0	0	0	0	0	0	0	0	0	32	26	37	35	31	0	0	0	0	0	0	0	0	0	0	0	0	0	0	0	0	0	1	0	0	0	114	1	0	0	0	1	0	0	0	0	0	0	0	0	0	163	156	147	163	180	164	163	158	160	166	146	183	160	183	125	141	0	22	11	4	8	10	13	19	9	18	64	48	42	36	61	33	18	34	71	44	61	31	27	34	28	42	42	32	119	115	107	98	96	108	4.496571635	3.308050226	2.26439684	9	13	12	0	15	29	23	17	33	25	23	22	17	23	26	12	14	11	26	30	22	21	19	12	19	12	19	18	18	0	0	0	0	7	6	7	4	0	3	7	11	4	11	8	5	10	6	6	10	8	5	5	5	8	6	7	7	4	1	4	8	5	1	7	4	7	4	10
A[C>T]C	0	1	0	0	0	0.681032398561878	0.0306403790950429	0	0	0.828738333006611	0	0.016018998626776	0	122.857458618199	128.701610321191	138.086074564429	179.576267225799	179.27982537675	190.83770996433	142.635738578382	175.039621249508	10.5790175869486	21	11.5232150788793	17.4863873653718	15.3051454161831	11.4051719867705	4.66378423860284	81.3855429540768	75.6811114423349	66.1283045322081	59.4405210155372	34.2833320270299	22.5685134836735	33.2646078816373	37.6996867803408	17.8900649151205	27.7521976578583	18	32.8898536635811	25.842552728064	30	31.9296718337805	35	31.7556624958587	9	56.2934809313521	24.8377135776636	15.9072139318306	30.8852464816476	19.8067693194966	12.5484742799306	6.91850035609278	11.2176661944555	34.982795751762	11	15.8261364616033	27.4821679014152	8	35.5433747390882	16.6681310591482	14.6777663765125	9.63769973537495	1.98112323418666	0.977926682227246	3	4	6.91923608353285	162	0	0	0	0	1	0	0	0	0	0	0	0	0	0	0	0	0	0	1	0	0	0	0	0	0	0	0	0	0	0	1	22	18	24	27	25	0	0	0	1	0	0	0	0	0	0	0	0	0	1	0	0	0	0	0	0	0	47	0	0	0	0	0	0	0	0	0	0	0	0	0	0	49	46	40	45	42	53	44	48	53	50	45	49	50	49	42	50	0	5	5	5	4	4	5	5	8	9	31	18	16	14	31	21	17	20	45	31	23	18	13	16	16	13	38	43	78	81	81	84	96	77	1.681703356	0.892344955	1.026309359	9	8	6	0	12	7	13	15	12	10	9	8	11	8	18	10	8	8	11	8	11	5	4	3	13	8	11	10	13	0	0	0	0	3	1	3	5	0	5	2	4	2	3	4	3	5	3	7	8	3	3	2	2	2	3	2	5	0	2	3	5	1	2	3	4	1	4	2
A[C>T]G	3	2	1	1	0	0	1.57418669793839	0.446412588668382	0	1.5687272065123	0.115195148942282	0	0	147.612943308827	178.562419645146	172.637010717618	185.644635167784	236.522187412311	236.134587410121	198.472309651891	194.992094744421	12.9757056911979	16	13.4157097275429	14.9577177721916	18.4224731052668	11.5627306240758	5.39865638067818	98.7300295730788	88.0218208090096	68.7384422672602	95.1100033106196	18.7074338373541	17.9605347797441	31.0962631310079	61.3774242887411	46.672103081569	52.235525281378	38	37.7968810589176	31.630940971471	36	58.8129694267624	53	65.2762913125308	22	60.2409699942195	45.5722694910432	21.7899498885003	49.6841305429052	22.6196836144501	90.0544250087276	79.3909704534733	81.6182444691692	82.6380969040693	70	62.577038983481	75.1260797269169	48	63.1302528706847	84.9392343364167	60.0546024376138	58.1689622998955	0.970067310172646	0.984040701699755	2	5	10.8109412648748	374	1	0	0	0	0	0	0	0	0	0	1	0	0	0	0	1	0	1	0	0	0	0	3	0	1	0	0	0	0	0	1	58	49	76	73	64	0	0	0	0	1	0	1	0	2	1	2	0	2	0	2	1	0	0	1	1	0	45	0	0	0	0	0	0	0	0	0	0	0	0	0	0	33	25	20	26	34	27	25	25	24	33	27	29	31	28	21	22	0	12	9	10	14	17	9	4	10	4	11	8	6	7	5	9	8	5	20	10	21	1	1	1	2	2	186	139	525	524	464	436	554	421	6.849512811	1.516986424	1.694224974	3	6	6	0	12	7	13	9	13	12	10	15	11	6	12	9	10	14	29	38	28	11	15	14	31	39	49	43	38	0	1	1	1	5	3	1	5	0	3	4	2	3	11	1	2	3	4	3	2	4	5	2	3	4	8	4	5	2	3	2	6	2	1	2	0	1	5	5
A[C>T]T	1	1	0	1	0	0	0.085848987803875	0	0.0795952208385646	0	0	0	0	151.780427288136	171.87042490277	187.028851971932	207.463118320211	262.097100911764	266.446527566469	220.318638526926	239.144395268694	19.5621997015957	16	12.2542002741685	13.9019216709752	17.8659641972127	12.5514938883494	12.0493302482936	87.2375657336702	93.9143323660651	75.679083372987	81.6688233038831	42.0454691481264	20.4171422410384	26.846698216314	62.247597529572	39.6686413974965	68.0772394109039	28	62.698913883797	40.6124204899744	40	44.8556180320845	42	69.2570855254918	17	75.4975180317338	40.645994997586	16.84256956421	51.7192091906631	32.5190851789985	20.7787659067391	27.3130865413557	22.2574723945286	23.6328408779093	13	18.658859138424	23.2235836400441	16	34.1122336675573	14.4073877433187	11.4811466001706	9.31064922701736	0.981174222165668	0	3	2	2.94592125233715	229	0	0	0	0	0	0	0	0	0	0	0	0	0	0	0	0	0	0	0	0	0	1	0	0	0	0	1	0	0	0	0	24	25	28	25	19	0	0	0	0	0	0	0	0	0	0	0	0	0	0	0	0	0	0	0	0	0	94	0	0	0	0	0	0	0	0	1	0	1	0	0	0	115	80	91	96	124	117	97	81	126	99	90	104	100	88	89	79	0	16	8	9	13	13	7	13	10	8	41	28	33	20	28	31	11	23	41	30	22	15	22	22	28	24	23	39	99	103	90	79	102	93	1.869361241	0.936962203	0.765659363	10	9	16	0	16	9	18	15	16	21	24	31	24	21	26	29	34	29	18	16	18	8	10	11	14	8	9	8	12	0	1	0	1	4	3	2	3	0	4	4	6	2	2	4	3	6	2	3	5	5	4	3	1	1	8	1	5	4	2	1	5	3	3	6	5	3	2	4
C[C>T]A	0	1	0	0	0	1.0384532477049	1.02749897379087	0.25438727554635	0.227055746971365	0.620331702202292	0	0	0	194.850351966169	200.466223480947	204.198029055778	231.330694062371	287.417736564839	305.758349170748	239.428983872056	260.663027634233	20.1450609441271	21	14.4749398673017	20.4672602423582	26.7001731467191	15.140902291328	0.760356423585232	118.573719196129	115.177661846475	85.4740108868157	93.3019624520908	38.911935144188	32.6459163340368	30.4305241797109	54.983486889957	25.7294636246952	43.1148210901058	22	42.6793344805154	28.4657510362659	28	46.8114773998556	21	62.1672049969594	6	52.7320666232501	34.6168816504173	12.7783907055052	31.7317732542678	33.3455645178073	17.9903553118604	20.1158190715408	20.7872819605966	27.8200651148598	18	13.6145239758004	25.712600138744	13	33.1018203496572	14.690248632649	17.7857526658472	10.8155415642216	2.83256870576298	1.94907751351566	1	3	6.83946771440255	226	0	0	0	0	0	0	2	1	0	0	0	2	1	0	0	1	0	0	0	0	0	0	0	0	0	0	0	0	0	0	0	14	13	17	21	15	0	0	0	0	1	2	0	0	1	0	0	0	0	0	0	0	0	0	0	0	0	91	0	0	0	0	0	0	0	0	0	0	0	0	0	0	92	74	71	82	100	97	73	65	87	86	53	81	83	81	62	72	0	7	13	3	8	7	10	6	11	12	65	29	51	32	62	33	43	43	81	50	163	26	35	45	34	43	21	29	64	68	58	65	61	58	0.945507037	0.771240997	0.993728109	9	15	11	0	15	24	16	14	21	9	16	26	15	15	16	25	16	17	23	24	19	10	12	11	40	9	21	7	34	0	0	0	0	5	6	4	9	0	2	4	3	6	9	7	5	4	7	5	7	8	3	5	4	5	10	7	10	7	4	4	6	6	8	6	6	9	5	3
C[C>T]C	2	0	1	1	0	0	1.34920316573704	0	0.906979311376396	0	0	0	0	190.893454600674	223.040994263949	198.861453942514	249.930052626999	350.340150948	359.430163805906	271.794079868139	301.715702029453	24.3396090103404	14	19.9937292149681	16.3889816190697	21.6940443372974	16.480876265422	8.41100998166932	120.908827595311	125.009174554496	99.2587328166066	108.636971504252	46.6559494512281	35.1152614753246	42.0977523278304	33.8618342193795	16.5693819285214	39.498953961002	35	45.3359973130916	24.2756038956734	37	27.7735396130773	18	62.2794649339407	12	78.209186050578	45.8906879118091	19.4755474966076	49.2015148976158	26.9572004962332	16.9345465076062	25.6619917566516	12.9726410876868	50.6452201869871	15	13.3300107895762	40.4604474711998	6	71.4579911834514	19.0095202203132	15.5406083035586	7.83610141057167	2.85061591328642	2.79170095335953	5	3	4.77187841140413	207	1	0	0	1	1	0	0	0	0	0	0	0	0	1	0	0	1	0	0	0	0	0	0	0	0	0	0	0	0	0	0	14	14	19	19	19	0	0	0	0	0	0	0	0	0	0	0	0	1	0	1	0	0	0	0	0	0	34	0	0	0	0	0	0	0	0	0	0	0	0	0	0	39	36	40	40	52	41	46	30	52	47	28	40	44	44	35	43	0	4	6	3	6	3	7	5	10	7	58	31	33	24	40	34	26	38	72	42	492	20	23	19	36	15	35	38	84	88	75	57	90	50	1.19090581	1.096309516	1.026309359	10	13	8	0	8	8	9	13	13	19	9	13	10	11	11	14	13	15	18	24	22	7	11	9	38	11	22	3	32	0	0	0	0	4	1	2	7	0	3	4	5	2	9	3	3	6	4	4	4	11	1	2	1	1	4	5	4	4	4	3	4	2	2	4	4	6	5	3
C[C>T]G	1	1	1	0	0	1.79226709441078	1.40938077483418	0.365467329932119	0.544771209303506	0.708832472429195	0	0	0	112.0202629568	127.69097851937	126.275506510937	139.4449558223	190.141161664218	170.261046879711	127.273538770628	153.132226536882	22.5067258850283	15	9.96001977306593	9.1831167304968	7.88399551806552	6.84629706718848	1.7378534718506	57.6890745059723	71.0522904524991	55.7734836936868	69.7568509297485	17.4084031065039	13.1736140338607	12.917672332472	42.1330769901164	10.8385847205964	13.6185756084686	18	31.6702312993696	14.6314686185146	19	32.7990149642375	26	23.4747662354515	9	32.0091626815899	16.6775089862371	10.7973357101017	18.7493725287025	16.4778398513961	38.3312419539564	28.524938897136	32.8698816108047	27.1514422920256	34	39.4582193872617	43.0092526636922	24	30.3061833081665	41.019313204594	27.107453596275	21.322587546118	1.93676151737011	2.91259390825287	3	2	7.86311990272708	374	1	0	0	0	0	0	0	1	1	1	0	0	0	0	0	0	0	0	0	0	0	0	1	0	0	0	0	0	0	0	1	45	44	60	57	47	1	0	0	0	1	1	1	0	1	0	0	0	0	1	1	1	0	0	0	0	1	56	0	0	0	0	0	0	0	0	0	0	0	0	0	0	45	39	45	40	38	43	44	40	42	42	38	34	37	48	45	35	0	6	5	5	15	9	9	4	8	5	12	4	16	9	17	9	7	6	15	11	54	1	2	3	2	1	101	109	274	252	218	223	305	211	2.533381451	1.325769648	1.352121854	2	3	5	0	15	7	11	8	12	7	15	10	5	15	11	20	19	16	18	20	14	22	20	17	42	34	47	43	37	0	1	0	1	4	6	3	3	0	2	0	3	2	3	1	2	2	2	4	4	1	2	2	3	2	5	1	5	2	3	1	2	1	2	5	2	5	4	4
C[C>T]T	1	0	0	1	0	1.24741784100487	1.09324143123584	0	0.219315853645533	0.679231912620349	0.0552080370523677	0	0	201.762773289466	262.197402455818	240.624620286395	272.942971271049	367.80596267955	396.087182191857	281.748018263248	323.543528495864	21.3944621013993	18	17.9383239755494	24.6240127064286	23.6812607361763	20.6743776237674	18.1537731921149	137.910865211679	143.504527665093	97.0069966515001	102.815912225238	30.3988011192537	33.2436981490217	38.8558246359812	35.2631432849673	27.5341506692937	43.0388727608068	21	37.6540297641419	35.2744125588746	34	67.7108019476031	35	45.297181087682	7	88.2988374565852	38.4823574192231	20.6418861971262	40.6036277121141	32.3254243481039	9.37564082152161	20.3168015527529	9.10567353395862	36.5378221272988	14	13.449681160393	23.4941182258956	5	39.247044586394	11.481781533761	9.48840533047806	10.8653894492302	3.88032268129393	2.90504433372468	2	4	8.73546687764987	257	0	0	0	0	0	0	0	0	0	0	0	0	0	0	0	0	0	0	0	0	0	0	0	0	0	0	0	0	0	0	2	30	23	35	30	29	0	0	0	0	0	0	0	1	0	0	1	0	0	0	0	0	0	0	0	0	0	40	0	0	0	0	0	0	0	0	0	0	0	0	0	0	83	70	55	88	101	81	65	74	94	76	82	97	102	74	59	64	0	10	9	10	7	9	8	11	11	7	57	47	42	40	44	31	40	34	65	43	368	22	16	19	21	25	36	38	69	77	84	74	84	84	1.501263082	1.944037224	1.759387473	11	11	5	0	14	13	9	14	12	13	11	14	10	14	13	12	10	11	18	20	18	10	12	5	31	17	21	15	32	0	1	0	1	3	0	4	8	0	2	2	1	6	6	5	2	4	3	4	7	5	3	4	4	4	2	4	4	2	3	6	4	3	2	0	3	3	3	4
G[C>T]A	1	0	0	2	0	0.220298523231552	0	0	0	0.427077063876476	0	0.115291846660762	0	114.270399242793	138.081235831561	144.322512197384	153.743560111458	190.261085213351	183.860199641707	170.262392787235	159.358538726855	22.8181725866949	27	19.8654337713982	22.2336501769487	17.5068737911579	12.3975633980526	7.29940872255795	92.4588333258962	78.9748300388414	71.3943171862867	71.1668960708443	30.1132150528345	21.2174862195787	34.6265971560842	41.4801288482584	21.8560576702679	33.5001859594922	16	40.7998713005797	21.7205430947864	20	49.853442050491	19	30.684250283144	7	59.4274144768421	30.7575918683007	7.90884591958097	35.8094502108011	17.7408654193419	19.7456708465525	10.6854941717555	23.1784609114065	18.6007175572302	17	20.6646609072465	21.3310991281928	7	16.369701835238	16.2274346714043	18.3145376848365	7.46343336213405	1.93392476681348	4.92827973879628	4	3	6.88480832057683	166	0	0	0	0	0	0	0	0	0	0	0	0	0	0	0	0	0	0	0	0	0	0	0	0	1	0	0	0	0	0	0	22	23	27	31	16	0	0	0	1	0	0	0	0	1	0	0	0	0	0	0	0	0	0	0	0	0	61	0	0	0	0	0	0	0	0	1	0	1	0	0	0	44	37	39	40	40	40	36	39	39	40	34	36	39	39	39	42	0	6	2	3	3	8	12	8	9	7	52	32	38	22	38	32	21	26	45	27	46	25	39	26	26	26	18	16	63	56	52	55	71	44	0.765066763	0.560902543	0.659770302	11	7	3	0	37	25	27	24	28	20	22	33	20	19	29	12	10	13	19	20	21	5	5	9	57	46	57	45	60	0	1	0	1	4	2	1	5	0	4	4	3	6	2	5	2	3	4	4	5	5	5	5	4	6	2	8	2	5	5	5	8	2	4	0	2	7	2	1
G[C>T]C	0	2	0	0	0	0.637778001605826	0.226189833191879	0.132044900750725	0.157843199179294	0	0	0.171764614674836	0	96.852498631022	120.393874528149	130.306316907644	147.65914587349	151.600822209364	150.873789128114	138.763785682679	176.748233451213	38.7744367150738	17	19.9085259962003	17.8291125235904	10.721384404691	11.5062046237957	1.82734310532419	89.3614691066173	88.4280943861389	64.1490798748594	78.5569300180095	27.2614938038969	23.2877976036167	27.7957924144169	44.9637798033649	14.6883908439401	24.3273606805231	18	35.6335423654617	20.6315519762752	21	35.7485353041301	29	29.0385480985668	6	56.1347522588102	24.3617029142707	15.7574541208282	25.7254721260106	24.264916045904	20.9557740128334	26.4178204391432	22.3334993116357	25.2124274532941	20	19.5322386442899	36.5425282524	14	47.774295014824	30.8018050414962	18.4479572838754	8.40147777033728	5.89784700556628	2.88470454847054	4	5	5.8208307396624	224	0	0	0	0	0	0	0	0	0	0	0	0	0	0	0	0	0	0	0	0	0	0	0	0	0	0	0	0	0	0	0	9	12	18	16	15	0	0	1	0	0	0	0	0	0	0	0	1	0	1	2	3	0	0	0	0	0	51	0	0	0	0	1	0	0	0	0	0	0	0	0	0	131	108	100	123	146	141	134	99	130	129	96	122	121	113	99	112	0	6	8	5	3	11	3	3	4	8	37	18	29	27	21	20	10	15	42	32	59	21	22	21	11	16	30	43	80	69	79	71	93	51	0.649584987	0.433424692	0.627189053	11	3	8	0	30	25	24	38	34	18	18	19	26	23	24	8	9	9	14	16	12	2	3	7	44	42	56	36	35	0	2	0	2	4	2	1	4	0	4	1	1	2	1	5	1	3	3	6	1	5	4	2	3	0	1	1	1	4	1	3	2	2	2	3	3	4	2	2
G[C>T]G	4	0	0	1	0	0.33888856567451	0.39315918552135	0.260986324520043	0.119355818241012	0.606113827741505	0	0.839668585421197	0	126.464837229835	153.902393895258	147.857752402225	156.892710247565	200.477070873677	198.005218332455	174.213499380469	166.160509457966	15.4856320962451	20	19.9851586837579	18.9271820960188	15.6755915073593	10.2443564934417	8.66223571943288	60.843078783962	63.5081942813582	77.7383157101846	63.2731400651477	27.0762503280013	19.1700791452016	25.395967291262	51.7502402901242	19.1378072738351	33.6277943826117	23	35.6402424679317	16.5498202032268	28	29.4187023286471	41	25.0432737382358	12	41.6945425786429	17.8023845391718	11.3169374096135	21.9936641507107	21.5511843638188	52.7593281539805	53.0076956494038	70.0819729018553	96.9023766492571	50	46.4082028408781	98.3150730909515	37	77.4149852809776	58.4028108952209	41.7290655662716	31.7858176496423	2.52791025550118	6.5723614870671	5	4	8.21119179262319	257	0	0	0	0	0	1	0	0	0	1	0	0	0	0	0	0	1	0	0	0	0	0	0	0	0	3	0	0	0	0	1	22	27	33	30	26	0	0	0	0	0	0	0	0	0	0	0	5	3	4	5	5	0	1	0	0	0	48	0	1	0	0	0	0	0	0	0	0	0	0	0	0	37	24	28	33	38	38	37	24	35	28	36	29	32	37	30	30	0	11	7	11	6	4	7	4	8	6	15	8	6	3	11	9	2	10	19	13	14	1	4	0	1	2	110	92	368	332	321	293	428	276	2.352941176	1.81018548	1.620917162	4	7	5	0	18	13	17	12	20	6	10	14	12	11	12	13	6	7	13	12	13	15	9	17	83	109	115	96	76	0	0	0	0	3	1	1	0	0	2	2	3	4	2	3	3	0	2	6	5	3	2	0	1	5	4	4	3	2	2	2	3	1	2	3	4	2	3	0
G[C>T]T	0	0	1	1	0	0.363543028113185	0.0479523669989028	0.0681394900673103	0.0273322825024216	0	0.007878402942184	0	0.0186146689182408	116.559674942592	156.40100719863	139.233200388626	177.073349797926	219.323312442587	210.671555163913	167.121757215008	202.435771117578	18.5560876415419	18	12.9377541462231	18.0790709179562	11.2582934502527	11.7103649093518	5.2937677067229	76.8325841366786	92.3999312953669	61.7434786265921	61.51801160177	27.9224405841466	17.8788555273707	34.6847717789	36.4141422307433	21.7774955613232	32.3917823977356	11	39.7344733548237	13.7879399809145	30	35.8667603813688	30	30.538060255663	11	58.296268674878	31.6261357605132	13.8187947167011	43.6873430526008	22.5964036184999	18.9516197644811	28.3927676720748	30.2769900643642	28.171185346458	13	19.6135193306732	28.078016055055	12	33.1234269174834	20.1444329864628	21.2676164063957	15.9250835851462	2.94713122031683	2.95128420173754	1	5	3.92617216558988	224	0	0	0	0	0	0	0	0	0	0	0	0	0	0	0	0	0	0	0	0	0	0	0	0	0	0	0	0	0	0	1	23	21	33	28	28	0	0	0	0	0	0	0	1	0	0	1	0	2	1	0	2	0	0	0	0	0	64	0	0	1	0	0	0	0	0	0	0	1	0	0	0	80	65	65	79	93	88	82	69	91	88	65	90	85	75	65	71	0	8	5	4	3	9	1	8	12	14	30	24	25	17	23	22	8	9	38	23	41	15	16	21	19	15	27	38	63	60	59	77	91	65	0.664020209	0.529033081	0.562026554	7	8	3	0	21	32	21	28	27	36	25	28	32	20	26	14	12	11	13	11	10	2	6	2	66	36	50	35	57	0	1	0	1	3	2	3	5	0	0	0	1	1	2	2	4	3	0	2	2	1	4	6	3	4	3	3	3	4	0	1	9	3	1	2	3	3	4	2
T[C>T]A	1	2	1	1	0	0	0	0.401486126003625	0.178414965597357	1.60800044684186	0.0434986799772199	0.202944679602769	0	160.688534198884	199.916917159007	197.468694175692	233.208700763379	278.525974319621	303.975797642923	263.213169852384	287.924898984299	21.9969379010864	30	24.9572176399713	23.61173464428	37.6944917137682	21.8680372835833	12.3064986891871	120.387479867419	108.109474057003	92.5632956650207	97.8282066015178	47.8215633502081	28.0396939185964	28.2759685905555	53.9321547978625	30.9704296641946	42.9390963247466	25	54.9707133098243	31.9619924974067	32	55.9838007770467	45	64.9376963981502	15	68.8284638510214	38.9689629272624	21.9765612259611	38.9778458658813	35.9480138536353	22.7740565557553	17.9508716132232	9.87571474817089	27.8601604169773	14	19.9544357366412	31.857999052168	10	19.9132295545818	10.8901507559807	15.7330668851306	8.94500570983224	1.99238842645233	1.99438542525019	3	1	8.9732178760722	177	0	0	0	0	0	0	0	0	0	0	0	0	0	1	0	0	0	0	0	0	0	0	0	0	1	0	0	0	0	0	0	18	19	24	22	25	0	0	0	0	0	0	0	0	0	1	0	0	0	0	0	0	0	0	0	0	0	208	0	0	0	0	0	0	0	0	0	0	0	0	0	0	135	91	136	141	173	152	125	113	152	143	101	142	146	125	104	110	0	17	5	5	9	12	14	6	13	16	106	79	71	41	88	38	54	59	103	84	66	49	45	31	29	38	19	15	70	76	66	58	77	69	0.599061711	0.592772006	0.610898428	18	23	14	0	15	18	17	17	34	17	28	39	19	24	39	26	31	39	29	25	25	24	21	16	31	7	14	10	28	0	0	0	0	4	6	4	10	0	7	6	2	4	9	6	6	2	6	6	8	2	7	4	3	3	7	0	2	6	4	3	1	4	2	3	5	5	3	5
T[C>T]C	2	0	0	0	0	0.967024811388426	0.366097052635854	0.713870467043337	0.318661966573687	0.712304342154876	0	0	0	269.57390401754	324.593520469917	306.3583801547	352.593423305077	498.843485797041	477.078363508725	372.470390772443	403.241259218617	31.1592955457462	24	29.3245551405621	24.9492363517231	39.4453406883974	18.8182876583598	9.07189271686234	169.136709551549	168.146283433207	114.259768914035	145.628382185112	43.2738761487225	42.8611618925508	36.8095004783502	69.8977634898287	24.5415464685774	53.066514178095	32	55.5958995383251	38.468471209017	50	60.759826286922	33	65.0793796889488	16	72.9949841496035	40.5004825622657	24.714116383109	47.6442212333879	39.2563636028553	22.4092051191423	33.2106351863833	25.6560871189488	48.7805581929865	18	17.5327289676173	31.4496610233603	14	43.6833153288177	18.7397477336992	10.8441242877928	11.2953872128826	7.82790683243252	3.77146983847	7	8	12.610956604703	241	0	0	2	0	0	0	1	0	0	0	0	0	0	0	0	0	1	0	0	0	0	0	0	0	0	0	0	0	0	0	1	12	9	16	14	16	0	0	0	0	0	0	0	0	0	0	0	1	0	0	0	0	0	0	0	0	0	92	0	0	0	0	0	0	0	0	1	0	0	0	0	0	125	112	122	94	123	138	111	108	148	117	108	140	120	125	97	108	0	15	14	2	2	5	13	19	17	17	72	53	48	38	57	36	30	41	77	67	103	41	25	21	33	30	25	37	92	75	90	57	90	75	1.739444244	1.542481994	1.620917162	12	12	8	0	15	18	20	18	18	22	15	24	16	12	19	12	14	14	12	17	13	8	20	9	22	11	15	14	21	0	0	0	0	5	4	3	16	0	6	10	2	1	3	1	1	2	8	2	5	4	3	2	1	4	4	5	2	0	2	1	2	1	3	2	4	2	8	1
T[C>T]G	3	1	2	1	0	0.74212074902921	0.480836752520593	0.556161492452581	0.247830273657284	0	0	0	0	119.009148476161	117.136806450854	124.567877390757	149.068943101775	172.556358764382	162.895260905753	140.121704473635	146.808728026871	17.6165113287741	15	7.99485621322911	10.2808732343322	13.3444604044946	2.65286663505238	8.82736997604416	56.2037838997571	42.1322739913373	46.3419914628033	45.3090284762877	15.2053921530959	18.239599324071	24.1533673835939	33.9645828010093	22.9802434090838	30.9556895561462	29	39.9777871455255	16.9790071980355	18	29.9908128646094	22	27.9685041564501	7	35.8929468244095	11.9884000887325	8.99166510535777	24.9838699446113	12.9788484117113	33.9146012992251	30.9743397857096	38.8715290370899	41.9304724749812	31	28.9784394253934	41.9465400378661	16	35.9510142500001	29.9580801687436	23.8623127600872	25.9595573556075	0	0.998317604225407	0	0	2.99572804027206	211	0	0	0	0	0	0	0	0	0	0	0	0	0	0	0	0	0	0	0	0	0	0	0	0	0	0	0	0	0	0	0	16	15	22	23	19	0	0	0	0	0	0	1	0	0	0	1	0	2	2	2	1	0	0	0	0	0	124	0	0	0	0	0	0	0	1	0	0	0	0	0	0	130	112	110	129	136	140	135	107	120	137	101	131	117	134	98	109	0	4	6	2	7	4	9	1	4	3	19	13	14	9	16	7	19	6	23	17	22	3	3	1	1	2	65	60	197	188	181	191	218	132	1.537351137	0.981579451	0.741223426	1	1	6	0	8	6	8	7	12	12	11	8	6	8	8	5	7	6	17	12	16	10	9	7	22	21	25	25	17	0	0	0	0	3	1	2	6	0	0	4	2	3	5	1	4	3	1	7	4	5	3	1	0	1	3	4	1	5	1	1	2	2	4	0	5	1	4	1
T[C>T]T	0	0	1	0	0	0.346680436997543	0.131523817751635	0.17269457439436	0.146831206184198	0.591055793283464	0	0.19488305427166	0.109987474631936	399.822942392998	482.554872087639	441.946556247626	475.797883633638	707.055310229056	651.986660364398	523.161338498715	609.798853652896	39.8114702414639	37	26.7557402795536	42.7492624596685	48.192132265895	16.3405093954203	15.676123303889	200.746914824345	179.886243980467	153.265734022314	172.205672381067	62.4644648859024	41.473359689612	54.3074726239266	74.0841564361536	22.6412937132248	71.0447372165526	24	57.6716736488493	30.6627946372343	38	74.791640543321	50	75.2262398537467	20	117.393291224515	53.5226761627139	19.823725629877	69.5979918883595	38.4640265401369	15.3700493569014	34.3354131554703	22.7457626723336	40.4325638700148	18	24.3999004911464	22.0415538124539	5	34.9911639544425	21.0019264111798	10.9576139034497	18.0818078074079	0.981314844520359	0.973986331202182	0	1	3.87826558789737	230	0	0	0	0	0	1	0	0	1	0	3	0	0	1	0	0	0	0	0	0	0	0	0	0	0	0	0	0	0	0	0	20	21	25	22	28	0	1	0	0	1	0	0	0	0	0	0	0	0	1	0	0	0	0	0	0	0	153	0	0	1	0	0	0	0	0	0	0	0	0	0	0	251	217	241	253	334	359	236	174	428	294	240	365	376	227	185	168	0	14	12	11	14	11	13	23	26	18	87	47	59	26	63	33	38	50	92	58	139	31	37	19	26	31	35	33	93	85	67	68	92	72	4.114038253	4.678437122	3.730553067	9	14	8	0	32	35	38	24	53	40	39	44	32	40	55	22	25	27	27	31	23	11	9	6	24	11	10	9	18	0	0	0	0	6	0	7	6	0	2	2	2	5	6	6	0	0	3	5	4	8	4	3	2	4	5	3	2	3	3	4	1	1	4	1	2	3	5	6
A[T>A]A	0	0	1	0	0	0.513487167822349	0.670274205408437	0	0	0.882169082979018	0	0.777558813447852	0	133.975168701129	144.891002164332	158.415015948111	155.095347256047	192.037642129643	185.845335705688	141.760178165775	167.133450213141	19.3037127729477	23	15.6419627516946	18.1692368715156	30.6912031984422	23.8301956383011	15.8362493771463	141.872108169284	116.893076186622	108.098682370455	117.60117141706	45.7722469190158	63.8692285704225	50.9650889661327	24.6103979239522	17.7416353956619	21.6377073177767	20	27.8315478240545	22.7730632995642	23	30.8752928670313	32	24.6538100252439	13	35.0652148080819	17.7937802485931	12.8868815355794	16.8716704866983	10.7708683030088	15.3269730501246	6.72473964252704	8.42120445287718	15.8322897360961	11	6.85497581590145	15.4593363478362	8	13.9897450860963	13.2351593265511	12.2180684653265	7.37838948272446	0	1.97163876222209	1	0	1.92847396445171	60	0	0	0	0	0	0	0	0	0	0	0	0	0	0	0	1	0	0	0	0	0	0	0	0	0	0	0	0	0	0	0	1	1	4	3	2	0	0	0	0	0	0	0	0	0	0	0	0	0	0	0	0	0	0	0	0	0	128	0	0	0	0	0	0	0	0	0	0	0	0	0	0	198	166	184	190	265	275	175	140	296	211	158	297	243	192	156	125	0	1	3	5	6	2	5	12	7	4	28	13	22	10	34	15	4	14	21	16	41	21	29	20	16	16	15	29	41	35	37	30	43	32	1.162035366	1.300274077	1.148489045	7	6	8	1	3	8	10	4	3	5	4	8	4	7	5	8	11	12	15	12	11	7	10	9	2	1	1	1	1	0	0	0	0	2	1	3	1	0	1	1	0	0	2	2	0	0	1	0	2	3	2	0	0	1	1	0	0	0	2	2	3	1	1	0	0	1	0	1
A[T>A]C	0	1	0	0	0	0	0	0	0	0	0	0	0	48.6941575346905	59.0322857881787	51.5639660633559	59.4381325952671	84.9239850793986	75.9005529561426	64.6695089726853	75.6362557056572	8.19562951335512	11	5.62788063287738	10.2978159237416	6.21745029753476	12.0714274085912	2.57990371251694	66.8650980378146	41.869111360452	38.5839052605071	52.5797858201672	22.9962798202356	23.0343917847596	18.9270985540701	13.620501861398	9.79640082097345	9.67774523409455	5	12.858524729568	8.80908014901163	8	14.887694034381	8	19.5416997121562	4	19.0085641644182	13.7366013108202	5.88475662577855	8.87960859135284	9.61663027266775	3.59598843373962	2.83908034365211	6.61748854008889	2.6540341980008	3	10.6414577964929	8.47356327514527	5	9.96314997272047	7.35318651640105	10.5784984845926	4.5390429824772	0	0	1	0	0	36	0	0	0	0	0	1	0	0	0	0	0	0	0	0	0	0	0	0	0	0	0	0	0	0	0	0	0	0	0	0	0	3	2	1	0	1	0	0	0	0	0	0	0	0	0	0	0	0	0	0	0	0	0	0	0	0	0	35	0	0	0	0	0	0	0	0	0	0	0	0	0	0	32	19	30	30	42	36	30	21	30	36	20	27	29	26	27	26	0	3	0	2	1	0	3	4	5	1	21	10	9	9	13	4	5	5	15	15	58	11	8	7	8	10	13	16	30	25	22	29	34	25	0.29592205	0.216712346	0.211778122	3	3	8	0	2	5	3	1	3	2	1	0	1	4	3	2	2	3	11	9	9	0	0	0	3	3	3	2	0	0	0	0	0	1	0	1	0	0	0	0	1	0	0	0	0	2	0	0	1	0	0	0	0	1	1	0	0	0	1	1	2	0	0	2	3	0	0	1
A[T>A]G	0	0	0	0	0	0.257712163302994	1.29188326438099	0	0.0867531813007514	0	0	0	0	67.1840549058376	80.6580092551826	76.9982403000999	95.505196083844	129.274365923804	116.512331099331	97.9117541427343	111.699136988631	15.6373070078911	13	5.98299774393866	13.9500723213836	9.50366345491879	34.3079570813081	9.54579158733493	106.566799795273	104.220329553801	56.4975775210903	104.128634835439	51.1123789257863	52.8361882007775	69.1041776832476	16.493052601839	13.6562493053243	11.5807868758753	10	19.8037513592718	8.81816179041125	17	24.8174297135279	15	35.2849973073404	6	33.2395098920701	24.5724704543858	17.6798787233188	19.6942975422546	13.4694066166675	9.38213828046061	10.2429524036855	5.26646694053078	5.18895369271395	7	5.70157117861364	7.45758464764863	7	14.4778808639766	4.171838474981	7.44654675943886	7.73937519047071	0	0.952984108404949	0	1	1.75886724507188	55	1	0	0	0	0	0	0	0	0	0	0	0	0	0	0	0	0	0	0	0	0	0	0	0	0	0	0	0	0	0	0	0	1	2	3	2	0	0	0	0	0	0	0	1	0	1	1	0	0	0	0	0	0	0	0	0	0	34	0	1	0	0	0	0	1	0	0	0	0	0	0	0	27	25	29	30	30	33	28	26	30	29	29	25	21	29	25	25	0	1	2	2	1	2	2	1	2	3	15	13	9	9	20	11	9	8	13	9	27	16	10	8	12	5	6	12	33	24	23	26	28	28	0.526885601	0.509911403	0.545735929	7	4	2	0	3	4	8	2	4	1	6	4	9	4	4	8	7	4	6	7	7	5	3	1	1	3	3	3	0	0	0	0	0	1	0	1	1	0	1	2	1	0	1	0	0	0	1	2	2	1	0	0	0	0	3	1	0	0	0	0	0	0	1	0	2	0	0	3
A[T>A]T	0	0	0	2	0	0	0.598569239555668	0	0	1.64428532521212	0	0	0.095257413034032	133.802496128747	143.082726819046	155.854468153385	166.00903767415	187.816215765573	181.401613506724	150.450509145794	160.191297890943	22.4552064079701	24	13.6366969502712	22.4817110120374	46.6263895755688	17.4288402025955	22.5216833656835	83.0353338321688	96.5372357308547	96.9655319891686	96.7625164970954	42.2830099950765	40.8999743882228	22.1738317244244	42.2832101863172	11.8394201322485	24.5028475809366	21	33.7550047256261	18.7539120415355	24	23.8868024972497	38	30.5290757523747	7	34.8738605471764	20.7368364371999	16.7985634881696	14.8745795747083	13.6638453163494	19.6726537830364	22.4177385803942	12.6693268186803	21.6192906111566	21	20.6098439732714	34.802660785814	20	18.0003053202649	22.9257854060306	24.7696229259526	11.444661808048	0	3.89955041651367	0	0	2.7828269735056	57	0	0	0	0	0	0	0	0	0	0	0	0	1	0	0	0	0	0	0	0	0	0	0	0	0	0	0	0	0	0	0	7	4	5	5	6	0	0	0	0	0	1	1	0	1	0	0	0	0	0	0	0	0	0	0	0	0	130	0	0	0	0	0	0	0	0	0	0	0	0	0	1	622	474	561	592	711	718	610	486	750	600	568	727	715	662	579	545	0	4	2	6	2	10	7	9	10	5	28	25	22	18	21	19	10	13	21	27	42	27	18	23	17	19	32	34	74	60	52	70	76	60	0.765066763	0.777614889	0.724932801	4	8	2	0	7	8	2	7	10	5	4	10	9	9	18	15	15	16	19	15	19	7	4	7	1	4	3	2	0	0	0	0	0	2	1	2	4	0	1	3	2	5	4	2	0	0	0	1	1	3	3	1	1	1	1	3	3	2	4	2	4	3	2	1	0	2	3	5
C[T>A]A	0	2	0	0	0	0	0	0	0	0	0	0	0.729436706555944	27.1086410241351	44.1987591046129	51.7228784728805	89.3221217890644	60.2209729490055	77.3169043163134	60.8566867867808	79.8097237594521	8.33724885063378	6	9.35947158774824	8.12767354660727	8.78791563487917	24.1223507139437	9.73583646916464	91.5418477897913	89.6362462167659	77.6771988289053	103.311789894467	37.4094198660103	65.2982316446025	51.6069991254285	8.99944816845476	8.99918942682829	16.9990266894699	13	19.9994593526028	15.9994485343231	11	14.9997131135208	8	19.9984100473506	8	19.997471680512	16.9988045807555	7.99976352490435	15.9995375464635	12.9991158820568	9.99633748916299	5.99933340623202	2.99707332617485	7.99509234742995	3	9.99915815596727	9.99876530508563	8	3.99923223668377	7.99805739320096	4.99590817124829	2.99848920328015	0.999880365851432	0	0	0	0	41	0	0	0	0	0	0	0	0	0	1	0	0	0	0	0	0	0	0	0	0	0	0	0	0	0	0	0	0	0	0	0	3	3	4	4	4	0	0	0	0	0	0	0	0	0	0	0	0	0	0	0	0	0	0	0	0	0	34	0	0	0	0	0	0	0	0	0	0	0	0	0	0	56	52	40	54	65	64	62	35	69	54	35	54	54	49	39	46	0	3	3	2	0	5	2	7	4	2	8	18	22	18	16	7	5	4	8	9	179	17	17	12	10	16	4	6	13	17	11	15	21	13	0.187657885	0.191216776	0.228068746	4	5	5	0	2	2	2	4	4	3	2	2	2	4	3	3	1	3	7	10	9	2	0	1	2	1	0	0	0	0	0	0	0	0	2	0	1	0	0	0	2	0	1	0	1	2	1	1	2	2	1	0	0	0	0	0	1	1	0	1	0	2	0	0	1	2	1	0
C[T>A]C	1	0	0	0	0	0	0	0	0	0	0.552863926178514	0	1.25159195660144	114.465057603463	141.876186173266	152.744374496111	165.871881258083	204.202536322764	182.40515182029	157.589878510663	178.80808814865	21.2929730726434	26	19.673474550064	32.9170004838975	19.4256685223375	13.6416551232177	4.06313497755761	105.67904874827	82.040446995327	74.8064718324396	87.120284698561	34.4827677919025	44.6960056587555	61.7540710098915	17.8951517843379	7.1335676781711	13.9912902722856	7	20.0127430952047	7.30069085027943	11	17.4328505721272	11	20.7960298407697	5	23.439807847966	11.8876137850169	3.73853099703433	5.66244702953105	11.2955127600727	3.44987445515609	8.40086852789364	8.67271305826977	11.8217727138737	9	8.78852371746648	12.0664504024275	5	13.2555795352646	10.1392152648395	6.24679729159237	4.67612413137232	0.655844129922192	0	0	0	0.748514879290026	46	0	0	0	1	0	0	0	1	0	0	0	0	0	0	0	0	1	0	0	0	0	0	0	0	0	0	0	0	0	0	0	8	8	6	5	5	0	0	0	0	0	0	0	0	0	1	1	0	0	0	0	0	0	0	0	0	0	30	0	0	0	0	0	0	0	0	0	0	0	0	0	0	33	27	27	34	32	35	23	17	33	32	27	29	23	27	25	24	0	6	1	2	3	0	0	5	6	4	30	12	20	15	22	12	6	5	20	18	146	13	23	11	19	13	6	7	22	15	14	6	28	12	0.837242873	0.732997642	0.879693736	6	3	2	0	4	4	4	6	5	2	8	2	8	1	4	6	7	6	7	5	3	6	2	3	1	2	3	3	1	0	0	0	0	0	1	0	1	0	1	0	1	3	0	0	0	1	0	1	2	0	1	1	0	0	1	1	0	0	0	1	1	1	0	1	1	0	1	0
C[T>A]G	1	1	1	0	0	0	4.68858108782955	0.861144615110676	0.997029378868682	0.979818349718817	0	0.963320486142927	0.879632244740943	48.0250387814279	55.866069057555	68.2715064643814	122.382212696939	74.5202093188925	74.3165093901489	69.8496629216561	104.517616874182	10.084894550071	9	4.60889920266012	7.15207007524418	5.69069159735921	34.513270942075	7.33101481047534	112.909549776628	80.7600619360249	73.54074589036	89.7438240861915	4.57887374627157	65.6773183901599	91.4558623301973	23.7087465735827	9.89196520486281	11.8155440144369	9	19.6322347500171	11.2520014470934	14	21.7140029922734	9	23.252065496929	6	26.1936212490005	11.6099879265501	8.75264230126894	14.4937695631475	13.3115977900092	17.1670165486788	7.47919955323904	2.25793920122828	2.54305572391433	10	3.63025891948986	12.2536761942092	3	6.57115764570095	4.29331703402122	4.12445904837724	0.771704979744432	0	0	0	0	0.802225624128084	88	0	0	0	0	0	0	0	0	0	0	0	0	0	0	0	0	0	0	0	0	0	0	0	0	0	0	0	0	0	0	0	7	4	7	9	6	0	0	0	0	0	0	0	0	0	0	0	1	0	0	0	0	0	0	0	0	0	23	0	0	0	0	0	0	0	0	0	0	0	0	0	0	34	27	34	34	29	27	33	27	34	33	25	29	22	31	23	31	0	4	2	3	1	2	3	8	3	4	19	13	24	13	25	11	7	8	14	9	225	19	14	5	13	17	8	4	20	23	14	21	24	25	0.418621436	0.331442412	0.293231245	6	8	3	0	7	5	3	4	5	3	2	7	4	5	5	6	5	7	15	9	9	3	1	3	7	1	1	1	4	0	0	0	0	0	0	1	1	0	0	1	0	0	2	1	0	0	1	0	0	2	0	0	0	0	2	0	0	0	0	0	1	0	1	0	0	0	0	0
C[T>A]T	1	0	1	1	0	0.813711791493245	1.15188611867129	0.434936805089813	0.159049729750321	0.832579648571656	0.946774637708704	0	0	56.7606675944942	64.7179776856908	86.1764426003814	101.944475821105	104.51096400689	88.9299011713515	76.676440936498	91.7335764338388	14.7941594961947	10	9.78284993536016	10.5389791631737	8.03772888901726	15.9302308558985	9.05997384402892	69.2148836215459	57.5560568760577	53.0884648950798	47.8832451946512	9.74070015782263	32.4139840003702	41.7820174542378	24.5710050289019	13.4734882280822	21.8462838528307	15	25.4248832361312	12.5817375586359	18	24.6673447212688	19	33.5862808754305	3	31.9309791060492	22.4345219944732	12.2584732374835	11.0396904691803	12.5411896776549	17.4881185610573	17.3404580579674	7.41753933965512	13.1948862248733	13	13.7679139227456	21.6890412933555	3	8.39512909006518	7.62701230931783	7.88867979647137	8.65314898348367	0	0.950932529226225	1	2	0.565961008641389	37	0	0	0	0	0	0	0	0	0	0	0	0	0	0	0	0	0	0	0	0	0	0	0	0	0	0	0	0	0	0	0	3	3	5	6	7	0	0	0	0	0	0	0	0	0	0	0	0	0	0	1	0	0	0	0	0	0	38	0	0	0	0	0	0	0	0	0	1	0	0	0	0	33	33	35	29	32	30	33	23	32	31	32	35	29	26	33	30	0	0	4	2	2	4	9	1	8	2	17	10	18	14	25	16	4	3	20	11	188	32	17	20	18	15	3	5	36	25	20	21	38	17	0.440274269	0.363311875	0.34210312	1	4	2	0	0	4	7	2	6	3	5	7	6	3	2	8	5	6	8	10	9	5	3	4	1	0	0	1	3	0	0	0	0	0	0	4	2	0	0	1	3	0	1	1	1	1	1	0	0	1	0	0	1	2	2	3	0	0	0	1	0	2	2	0	0	0	1	1
G[T>A]A	1	0	0	0	0	0	0.635590766777878	0	0.2840298196144	1.71159263629695	0.384906337734898	1.50328664846591	0	10.9572030364565	20.5297918745489	43.5936234521222	51.3029580028047	59.4478360745968	63.7881499270066	52.8849075743814	70.0886530831465	8.86236369842129	8	3.72938600318939	10.2121318505738	9.16321619029202	17.1202589451449	1.2473841577793	98.2625559412827	74.0182807035206	62.5076670335056	71.076453969327	23.1833636943936	42.3590836609459	37.925010689752	2.97185638232243	3.95403085885229	4.94094851966452	10	14.9429860915504	1.9842036573316	7	4.98746315538038	7	9.91869651457888	2	13.6557730011647	5.95477828990948	4.97438473681727	7.95866971718752	3.95531542365021	8.6989241073159	3.94006307884762	3.61903892194975	4.7234834991293	1	6.92429484795862	4.91036873599622	1	7.76334832200719	4.86171647552442	4.58989884276183	2.84168984724321	0	0	0	0	0	50	0	0	0	0	0	0	0	0	0	0	0	0	0	0	0	0	0	0	0	0	0	0	0	0	0	0	0	0	0	0	0	6	7	5	6	4	0	0	0	0	0	0	0	0	0	0	0	0	0	0	0	0	0	0	0	0	0	30	0	0	0	0	0	1	0	0	0	0	0	0	0	0	46	31	51	45	46	49	50	38	45	48	33	45	42	47	39	39	0	1	0	2	3	5	2	0	3	1	14	7	14	9	11	9	3	5	8	7	8	8	5	7	3	8	2	3	12	8	13	7	7	13	0.267051606	0.210338454	0.195487497	3	5	2	0	2	3	2	1	2	2	0	3	6	2	4	2	2	2	4	4	4	3	4	4	0	0	0	0	1	0	0	0	0	0	0	1	0	0	0	0	0	0	0	0	0	0	0	1	1	0	1	3	0	0	0	0	0	1	0	0	0	0	1	1	0	0	1	0
G[T>A]C	0	0	1	0	0	0	0.417638649994589	0	0	0	0	0	0.255851258128565	19.1115797914385	26.3327824406202	28.8345984046536	27.3981130914253	51.3438323028762	41.1834039351704	47.0065839052806	42.7196533532573	6.16893499295502	5	3.42826926265386	7.13967389192276	5.7110259740896	16.5561538945589	0.624037845964267	54.8132480751272	50.1490874498947	36.7728432073777	55.9801194782903	27.8419024075128	23.2022787440057	15.1466065039013	9.43220251523058	3.79422845178776	4.65251138207834	2	4.87275593583507	3.80044125411648	4	8.84134273843889	8	7.55029192545238	2	15.7988778741916	4.75677373218711	1.92296093057832	8.72996039053001	6.4664978711408	8.44238226344688	3.67917937932007	5.75237047336327	8.28469146437205	4	3.76851641903121	4.49972352406336	3	5.27987175821541	3.51582200947165	6.77633321028076	3.33032304956586	0	0	1	0	0	36	0	0	0	0	0	0	0	0	0	0	0	0	0	0	0	0	0	0	0	0	0	0	0	0	0	0	0	0	0	0	0	3	2	5	4	4	0	0	0	0	0	0	0	0	0	0	0	0	0	0	0	0	0	0	0	0	0	18	0	0	0	0	0	0	0	0	0	0	0	0	0	0	15	12	13	14	17	16	13	14	12	18	15	18	12	13	15	13	0	1	1	5	0	1	0	1	0	2	17	8	11	8	11	15	4	4	11	5	28	3	15	4	3	9	1	2	9	7	9	5	7	7	0.137134608	0.108356173	0.089598436	1	2	0	0	1	1	2	3	2	1	4	2	2	0	2	7	3	3	6	4	4	4	2	0	5	3	4	3	3	0	0	0	0	0	0	2	0	0	0	0	0	0	0	1	0	0	0	0	0	0	0	0	0	0	1	2	0	1	0	0	0	0	0	0	0	0	0	0
G[T>A]G	1	0	0	0	0	0.546364375538687	0.732718077568446	0.592563728303221	0.250826774931924	0.906889485038517	0.487472896470619	1.65113938447685	0	111.419844278639	152.246044742343	129.105637950305	145.046474139581	184.348223039383	204.709311083809	175.395031035582	169.780188755212	16.9983476087121	20	20.2432545601905	21.3964114998539	19.2730711950992	36.4034107016871	1.87753521478792	131.718579713183	104.424745260218	91.1478278603682	108.96001620113	53.4201236557908	63.7133637314729	64.2854861380276	10.8513339402137	6.83364700213053	7.78021355158605	7	16.9196546503609	3.91912282335659	3	6.9775020247569	3	19.8383178955723	1	16.8070348847378	10.90903025931	4.96384710513024	9.90294484058506	5.90710010554718	5.79885167515184	10.8237055711253	6.17549850962991	9.26681404846616	5	6.89060604686069	9.75520263089421	5	13.3124328049111	8.59981381060044	5.09856907842698	1.86397254696634	3.78180098171129	1.9648532054994	2	2	4.90242132191058	55	0	0	0	1	0	0	0	0	0	0	1	0	0	0	0	1	0	0	0	0	0	0	0	0	0	0	0	0	0	0	0	5	5	6	8	5	0	0	0	0	0	0	0	0	0	0	0	0	0	0	0	0	0	0	0	0	0	13	0	0	0	0	0	0	0	0	0	0	0	0	0	0	34	27	30	33	31	30	31	19	39	30	28	35	30	29	26	28	0	3	2	1	1	3	1	1	9	6	14	7	12	10	13	3	3	3	10	8	15	7	14	10	7	5	6	1	7	7	13	10	14	10	0.887766149	0.917840525	0.814531237	2	3	4	0	1	5	3	6	3	2	2	2	3	2	1	1	2	2	6	6	7	4	2	2	2	2	3	2	1	0	0	0	0	0	0	1	0	0	1	0	1	1	0	0	0	1	0	1	0	1	0	0	0	0	0	0	1	0	0	0	0	0	0	0	0	1	0	2
G[T>A]T	1	0	1	0	0	0	0	0	0.133260784658251	0	0	0	0.253124268819339	46.6971215609229	61.6601156071197	61.8113003013426	66.2856271735475	87.8407792989262	83.8797608094957	63.1626953163394	74.5334869863277	12.6999279649664	13	11.6887745094872	7.47943349460492	5.50411690327602	18.745195513121	6.08069633091702	70.2503430885927	58.5838412405098	45.2317371977506	59.3269586023147	23.9331361731688	32.2858292888164	22.7835814971082	10.9171907285076	5.55754501298131	12.3922536476716	7	14.4313818209594	13.8552264464779	9	5.83782456154161	15	10.185674268318	5	16.6441759516099	10.2896650053013	3.737592785894	11.4061255060725	7.90446607246314	8.29833914359877	7.00523170341018	7.32776831841662	7.92249641911668	7	11.6632504264391	14.1721980048459	1	6.92974149408276	6.25993476060109	8.01164659117411	3.06530849961	0	0	0	0	0.722881742119393	37	0	0	1	0	0	0	0	0	0	0	0	0	0	0	0	0	0	0	0	0	0	0	0	0	0	0	0	0	0	0	0	2	1	2	2	3	0	0	0	0	0	0	0	0	0	0	0	0	0	0	0	0	0	0	0	0	0	23	0	0	0	0	0	0	0	0	0	1	0	0	0	0	66	50	49	56	51	58	48	46	57	56	50	58	47	59	49	60	0	4	0	1	3	3	4	1	4	5	10	7	7	12	8	7	2	4	11	4	14	16	10	10	6	9	7	9	17	11	15	11	7	16	0.36809816	0.267703487	0.244359371	3	3	3	0	3	2	6	1	4	2	2	4	3	3	1	5	5	9	7	7	7	3	0	0	1	0	1	0	0	0	0	0	0	0	1	2	2	0	1	0	1	1	1	1	2	0	0	2	0	1	1	2	0	1	1	2	0	0	1	2	1	2	1	1	0	2	1	1
T[T>A]A	0	1	2	0	0	0	1.35194569603408	0.256049416482613	0	2.18107240188084	0.465453997240088	0	0	140.777279663212	173.919565593087	181.788600695676	192.286584079017	224.16912243641	211.179332477087	187.373789040933	208.200170897197	21.8661255709873	28	32.8514746426608	32.7608183634006	22.8773189874444	27.965237187214	21.4221196335762	129.082352715976	112.137183752726	102.829850676236	141.15189509494	51.1569329572727	51.7290222468177	49.4459244579918	24.5536108281342	11.8050386611213	21.5572728615999	7	19.8351645648097	21.7109737049742	23	26.8705065930442	26	19.615370228632	9	29.8087295373929	17.710801404959	18.8036367787568	29.7141630301393	14.6276843422815	22.2617424417325	12.6377713170854	13.3758582263307	21.3340275578313	14	22.6287751971445	25.2700874380047	8	25.529000925216	8.68503608467624	17.2189167981211	14.1720213163844	0	10.8720662691466	9	8	10.7098759308673	85	0	0	0	0	0	0	0	0	0	0	0	0	0	0	0	0	0	0	0	0	0	0	0	0	0	0	0	0	0	0	0	4	5	7	5	4	0	0	0	0	0	0	0	0	0	0	0	0	0	0	0	0	0	0	0	0	0	372	0	0	0	0	0	2	1	0	0	0	1	2	0	1	410	381	360	443	491	493	418	388	532	441	419	521	495	416	418	385	0	6	8	5	2	5	8	13	11	14	32	15	26	21	43	16	11	18	33	26	32	31	35	24	22	32	18	16	38	38	33	32	55	21	0.830025262	0.732997642	0.749368738	9	10	3	0	7	7	7	8	7	10	12	10	11	10	15	8	10	8	6	6	5	6	8	4	1	2	4	1	0	0	0	0	0	5	1	0	0	0	6	2	5	2	4	2	1	1	4	1	0	2	2	1	1	7	0	0	4	2	0	3	3	4	2	2	2	4	3	4
T[T>A]C	0	0	0	0	0	0	0.554748974093936	0	0	0	0.332492889521115	0	0	45.1553086518424	50.9832517694179	64.6751347806401	70.4750649613588	78.0916996465029	91.9042421559089	54.9593815892099	65.7456928338265	7.97033615660228	9	7.37038832503302	9.3796848210541	10.1912840001967	12.8308251856846	3.54310842082278	64.8143047051021	41.9334351989742	38.3951322457053	46.4176993533449	18.2213746748576	23.4677108431307	32.9172074089216	6.85271534619119	7.86472575036922	10.7301718860174	6	9.9197016005467	7.87202168839718	12	18.8887173346444	6	10.8127799725147	1	20.2101054265597	7.88652449755997	4.92830760913705	13.8611120393158	7.77626731759968	9.14220967145157	10.3986363924586	3.2079303212711	5.2536683510477	4	1.93613208631894	9.41720552353476	2	6.39505216809911	4.51506327312197	3.99415941858649	6.23606173728586	0	0.945669739323784	0	0	0	41	0	0	0	0	0	1	0	0	0	0	0	0	0	0	0	0	0	0	0	0	0	0	0	0	0	0	0	0	0	0	0	3	2	3	2	3	0	0	0	0	0	0	0	0	0	1	0	0	0	0	0	0	0	0	0	0	0	42	0	0	0	0	0	0	0	0	0	0	0	0	0	0	37	38	42	43	49	45	38	47	40	36	38	38	40	40	55	47	0	4	4	5	4	5	1	0	5	3	29	21	31	13	26	14	5	18	25	20	20	18	24	18	13	20	6	11	11	15	10	9	11	10	0.259833995	0.210338454	0.252504684	8	7	3	0	6	1	4	8	11	7	5	7	7	3	5	8	13	10	3	3	2	4	2	5	0	0	0	0	1	0	0	0	0	1	0	0	0	0	1	0	2	1	1	0	0	0	1	0	1	2	0	2	1	0	0	0	1	2	1	2	0	1	1	1	1	2	0	0
T[T>A]G	1	0	0	0	0	0	0.930833096994616	0.818476138390663	0	0	0	0	0	44.5335118604512	50.1054248235405	68.6301835454701	74.2888114660225	76.4858344927405	79.3707988647476	57.9665247634326	79.5688923157509	8.04162073602442	7	5.61836509532663	5.38927983125954	6.41928904837857	18.4747066461244	15.1499129539012	50.2346199577995	42.6303815948119	32.8548161776311	54.5079656832598	12.4488506977028	35.4986093156813	49.5837168498205	16.9551800712543	7.98165057869168	9.96518363041879	4	18.9827476716043	8.9799962592238	9	11.9923884707276	17	21.9616614261946	3	19.8730930521954	16.9735371960761	7.98716230463687	12.9819472868464	8.97269064777957	10.8788656401121	5.97092312331417	10.7182261844935	8.74340384952521	5	6.97158381924369	4.96966957486454	5	3.93274980291303	1.96515047972364	3.86156984114823	4.92059603657223	0	0	2	1	0	36	0	0	0	0	0	0	0	0	0	0	0	0	0	0	0	0	0	0	0	0	0	0	0	0	0	0	0	0	0	0	0	5	6	6	6	5	0	0	0	0	0	0	0	0	0	0	0	0	0	0	0	0	0	0	0	0	0	43	0	0	0	0	0	0	0	0	0	0	0	0	0	1	68	67	67	57	64	66	67	58	60	70	56	72	70	66	57	61	0	0	1	3	1	2	3	8	6	5	18	5	12	10	18	10	8	11	16	11	11	23	17	12	12	10	5	5	15	10	11	12	10	12	0.288704439	0.261329594	0.187342185	3	5	4	0	3	1	2	4	7	5	3	4	4	5	5	5	4	4	7	5	5	1	4	1	1	1	1	1	2	0	0	0	0	2	1	0	0	0	0	0	0	0	2	0	0	1	1	2	0	1	0	0	0	0	0	2	2	0	0	3	0	1	1	0	0	0	0	0
T[T>A]T	1	1	0	0	0	0.746571206334477	0	0	0.287723290770264	0	0	0	0.593838864290591	211.476487380496	245.824566240429	269.064043925354	266.118916703649	318.774324407256	290.30696438015	237.689504830777	291.138493700054	29.5853191864798	20	11.7051311768823	14.975454645211	31.8142288468397	10.8191691592669	22.4226252103437	125.22982146843	96.1800580371786	96.0031599020841	96.4349476675834	45.6461209488027	37.6512733378767	64.9844876380815	21.8259265659916	11.0279594231061	27.6842055538357	15	25.8579404663199	12.9258079686303	24	25.3306707046585	19	27.5252563170281	7	41.0969786224653	21.3800959657679	14.9802438755692	14.2657635584935	17.5944787772368	15.5841084768507	19.9329697330548	13.7319966580704	18.382824967658	16	15.3378583935017	15.8660356074728	5	11.9946469465941	14.889322079757	13.1678900612269	10.7526429614074	0	1.79225264005744	0	0	1.59608654963812	69	0	0	0	0	0	0	0	0	0	0	0	0	0	0	0	0	0	0	0	0	0	0	0	0	0	0	0	0	0	0	0	6	6	5	5	8	0	0	0	0	0	0	0	0	0	0	0	0	0	0	0	0	0	0	0	0	0	96	0	0	0	0	0	0	0	0	1	0	0	0	0	0	139	126	113	119	131	134	130	131	119	136	129	122	137	139	112	130	0	6	10	6	8	8	11	10	11	6	32	26	37	19	28	17	10	8	36	20	34	111	28	14	22	22	43	55	45	40	45	25	42	34	1.356910863	2.020523934	1.620917162	6	5	2	0	9	6	7	6	14	8	4	14	8	12	12	11	15	10	14	12	16	4	6	2	2	1	1	2	1	0	0	0	0	3	1	1	6	0	0	0	2	2	2	2	1	2	0	0	1	4	1	1	1	2	0	3	3	2	2	0	1	3	4	1	0	1	4	0
A[T>C]A	1	2	0	2	0	0.175666902678837	0.0762550350912952	0	0	0.846554473208491	0.0214864201759264	0	0.0344150431974229	191.980402717844	238.6834689573	233.062559503674	237.348001305569	376.168717045257	383.268668696393	285.512797593508	335.969706511901	28.8091513672547	46	29.2369509091893	34.8286087205447	42.3126408018454	49.5919283093194	18.8293376232571	204.873309652622	198.655072462876	164.423887271727	208.864079804491	109.854327861265	100.403605640275	53.6242034475549	42.9731612646331	24.9894337795735	51.9664479688595	25	54.9909485169007	38.9864212706209	17	44.9939565445477	28	60.9775207903945	7	85.9298793042307	51.9844484317266	16.99399908795	39.9869144906915	15.9845535170061	13.935368050534	8.97580075011824	12.9370008528346	19.9291615519635	10	17.9826773974836	39.956703565617	10	32.9505136596775	13.9692935444857	13.839700892527	5.98656743521581	1.99784503888883	0.999325673455613	2	3	5.99602049434975	268	0	0	0	0	0	0	0	0	1	0	0	0	1	0	0	0	0	0	0	1	0	0	0	0	0	0	0	0	0	0	1	20	24	25	27	24	0	0	0	0	0	0	0	0	0	0	0	0	0	0	0	0	0	0	0	0	0	33	0	0	0	0	0	0	0	0	0	1	0	0	0	0	113	77	89	100	109	112	96	74	121	103	85	95	100	92	84	90	0	9	7	9	11	12	14	18	11	17	66	47	51	65	74	46	25	54	87	71	88	59	57	62	60	66	73	71	101	99	95	77	98	81	2.00649585	3.384536937	2.891585892	12	18	12	0	10	4	16	10	13	13	13	17	11	13	11	25	29	28	17	23	21	19	22	21	14	10	13	8	11	0	0	0	0	0	0	5	4	0	4	1	2	3	5	5	4	2	3	3	4	3	4	1	6	1	2	1	1	4	3	5	2	3	4	2	2	2	0	1
A[T>C]C	0	0	0	0	0	0	0	0	0	0.400731145561057	0	0	0	64.8225407306471	96.938197739515	91.9868670582376	78.4822685735144	148.888279255374	143.339296440076	117.170471649715	138.343916889415	11.984141867922	15	10.6267807953699	17.2787735607108	17.21306996136	13.2472671134042	6.7969990332562	72.6183505285914	52.4927591888412	49.6345891334519	54.3559511794455	29.8227429484457	26.2625805660042	21.1301136526445	13.7660542402595	11.8547715284294	16.6909322589908	6	35.8093817677919	15.8098897183566	11	25.889239662605	9	23.7032370743214	8	30.1767570700456	17.8193323675621	3.95564789690154	18.8308556779466	10.7258076373753	11.2827171626088	6.63644983164697	6.12059046029212	11.3664957363766	9	7.83952822894741	16.5031513104804	4	9.72524654023324	9.61651706516444	3.32923542210875	5.62922574813129	0.97736927591311	1.94816251560818	1	2	6.91617961600598	177	1	0	0	0	0	0	0	0	0	0	0	0	0	0	0	0	0	0	0	0	0	0	0	0	0	0	0	0	0	0	2	10	13	15	15	13	0	0	0	0	0	0	0	0	0	0	0	0	0	0	0	0	0	0	0	0	0	39	0	0	0	0	0	0	0	1	0	0	0	0	0	0	56	52	55	61	67	64	60	54	70	66	52	60	58	60	63	59	0	1	1	2	5	4	1	2	8	9	17	19	18	18	16	9	4	10	19	13	27	12	28	22	19	18	38	28	33	36	40	32	44	48	0.714543486	0.847727707	0.904129673	5	5	3	0	9	7	2	8	12	6	3	9	9	7	9	5	6	6	8	10	10	6	5	3	15	6	13	5	11	0	0	0	0	1	0	1	1	0	1	1	0	0	2	1	1	0	0	1	1	0	1	0	0	0	0	1	1	2	0	1	0	2	0	1	0	0	0	4
A[T>C]G	2	0	0	0	0	0.510221262840723	0.134168872632733	0	0	0.995794977431177	0	0.195471918596703	0	57.2381444764957	98.5397255681965	102.565168831409	66.8621184836569	139.884869792509	162.510875400031	122.490969623373	148.625218257817	27.1097222642224	8	11.1692470672941	22.4308964636401	18.2468397359137	15.6968861012878	11.5143499465573	86.6955434145634	97.8679998267536	74.0576586692217	102.967795331246	48.6402539652062	36.7035900186861	6.25262922038036	36.9179999233199	22.969264078699	35.9175882146039	21	62.9671823924968	28.9633036078385	28	42.981198484526	20	69.9209208152863	10	76.7833778984204	35.9670333663379	19.9738753177896	21.9740709905463	16.9435788348652	12.7691867997343	4.82069629763396	13.728907379653	10.854065285575	9	8.96274216355726	24.900812621503	6	26.867491877087	8.910424180886	10.1308132001489	10.8953690285812	2.99038752119857	3.98967888975062	3	4	6.98799858104321	384	0	0	0	0	0	0	1	1	1	1	1	1	2	1	0	1	0	0	0	0	0	1	0	0	1	0	0	0	0	0	1	38	36	51	46	38	0	0	0	0	0	0	0	0	0	0	0	0	0	0	0	0	0	0	0	0	0	31	0	1	0	0	0	0	0	0	0	0	0	1	0	0	49	42	38	39	46	57	49	52	52	49	44	57	48	52	43	51	0	2	7	6	2	4	3	8	10	5	33	23	30	34	30	15	10	24	40	25	26	28	29	35	17	25	15	17	51	48	37	63	55	59	1.78274991	11.82357065	16.51054818	3	3	7	0	10	12	9	12	15	9	9	14	8	13	9	7	7	12	7	9	5	2	1	2	38	15	26	15	24	0	0	0	0	1	1	5	4	0	4	3	1	0	4	1	3	0	2	3	3	3	2	2	2	1	0	3	1	2	1	1	3	1	1	2	3	1	0	1
A[T>C]T	1	0	0	2	0	0	0.0943667588002595	0	0	0	0.00823730819665924	0	0	89.8494570845543	130.577517293203	146.111721979489	138.714111837829	199.14228211727	212.466832149019	146.640440100327	189.390167488318	27.5261956661588	21	17.8622588306777	18.472591446953	22.9911293027026	23.2459879877938	11.3308435897754	121.728725736833	102.276542362062	92.4663002063505	110.431680799869	45.6281158614788	50.8239510171687	23.7187158480789	33.4731379577402	13.8544820154691	19.6685449443052	18	62.7283911922105	32.6957784182892	14	37.8634642890071	19	48.5353131454887	9	69.5667248260953	45.6460376746155	17.8262956870713	24.8046054595799	19.5264263218803	16.4145647777754	7.4345002996194	11.3448787168749	22.8854507800584	10	16.5523945019573	25.1684092736176	5	21.1392167230855	13.1389933714429	4.55304337332182	6.57124327643676	4.85535514095881	3.8990737141124	5	6	10.7885061436138	212	0	0	0	0	0	0	0	0	0	0	0	0	0	0	0	0	0	0	0	0	0	0	0	0	0	0	0	0	0	0	0	21	18	19	21	11	0	0	0	0	0	0	0	0	0	0	1	0	1	0	0	0	0	0	0	0	0	59	0	0	0	0	0	0	0	0	0	0	0	0	0	0	117	86	111	109	110	111	100	98	112	108	94	97	119	109	98	103	0	6	2	6	1	16	6	7	11	16	51	29	38	27	33	28	18	27	59	46	39	37	47	35	31	45	85	112	64	79	96	71	74	76	0.74341393	1.166422334	1.148489045	9	9	6	0	16	8	13	12	13	18	16	9	11	11	4	20	17	20	14	21	19	4	9	9	17	8	12	8	7	0	0	0	0	2	0	0	2	0	4	3	1	5	5	4	4	1	1	2	4	1	2	2	4	0	3	6	0	1	2	0	2	3	2	3	1	4	3	0
C[T>C]A	1	0	0	0	0	0	0.256879581793256	0	0	0	0	0	0	48.9223075640416	72.8022840085159	69.0176372985745	57.1380209161862	131.215418620549	130.448982756309	92.741012769471	96.8354505478057	25.9205335430992	11	9.59839195736889	10.7373053241699	10.3220029141705	14.3914448987182	10.1381039602511	73.21716727823	48.8090615316957	55.7789473901348	71.0723607891912	30.7767321423973	25.0848046638899	5.17750966564687	12.4945616231675	3.77814880089797	23.3638403430499	5	13.7962322576819	7.8414437814984	12	4.94508649790898	11	17.949597813751	4	19.8303659599911	9.55400508326285	5.89755971895907	15.6683094963289	9.63126130746743	4.85297150265795	0	3.89507502463792	6.17499691779187	3	2.87297410332496	19.0696175889283	1	17.0643305526324	4.50652989962385	3.30207731850153	1.30632520333404	0.964911998665468	0.928382663110035	0	2	2.94317901970885	161	0	0	0	0	0	0	0	0	0	0	0	0	0	0	0	0	0	0	0	0	0	0	0	0	0	0	0	0	0	0	1	27	23	28	25	20	0	0	0	0	0	0	0	0	0	0	0	0	0	0	0	0	0	0	0	0	0	35	0	0	0	0	0	0	0	0	0	0	0	0	0	0	78	66	62	72	78	80	65	57	79	68	57	74	69	71	56	70	0	6	1	5	4	3	3	10	4	4	31	18	26	17	33	16	3	18	45	30	59	29	38	28	31	38	5	15	27	20	24	37	34	24	0.844460484	0.599145898	0.692351552	10	2	8	0	7	5	9	12	6	8	8	11	5	5	3	12	12	14	2	2	2	4	4	3	22	10	8	9	14	0	0	0	0	0	0	0	1	0	0	0	0	3	4	3	0	4	0	1	2	2	0	2	3	0	2	2	1	1	2	1	2	2	1	1	2	1	0	0
C[T>C]C	1	0	0	2	0	0.250120234146933	0.236214373161718	0.189450701086407	0.0853456664277332	2.39237653159605	0.0386125690258527	0.513737089508004	0.0885415169850787	97.9134811819476	160.089723910915	152.594923216524	141.247772405702	213.291210781783	197.442576547578	164.455739708071	192.479435711826	22.0607501297278	21	8.92341137625116	25.7803682625703	20.989624056634	4.31918438700772	9.57045348152133	71.771053273685	56.9931643516169	49.0134151057663	53.8280175910266	21.9306935748177	18.0999429670037	26.7762215631418	7.21175020256785	3.32749478123581	12.2479743473532	8	6.86603369794797	2.84167359583408	7	20.1461948240028	10	12.367177195864	4	11.4120043508905	4.1519551980787	7.48000028497289	4.7959518698988	4.04604279818776	8.20360346930146	1.90852142333875	3.60593959604436	10.62909023592	5	9.46373758111097	10.3775937284709	5	10.8723584195744	9.6237489840614	7.04342241762817	3.37951820496094	2.34059885683383	1.7030266109331	2	3	5.39476163201365	215	0	0	0	0	0	0	0	1	0	0	0	0	0	0	0	0	0	0	0	0	0	0	1	0	0	2	0	0	0	0	0	12	8	16	15	17	0	0	0	0	0	0	0	0	0	0	0	0	0	0	0	0	0	0	0	0	0	39	0	0	0	0	0	0	0	0	0	0	0	0	0	0	57	46	43	48	49	47	56	45	52	58	44	47	49	51	52	58	0	4	3	4	5	3	4	3	10	7	35	13	31	12	31	10	7	12	27	20	50	24	35	34	29	32	3	7	32	36	23	18	34	23	1.017683147	0.994327236	1.221796856	7	9	4	0	14	11	10	5	6	7	6	7	5	13	8	2	2	3	9	10	8	2	4	1	24	9	14	9	13	0	0	0	0	0	2	0	0	0	2	1	0	0	1	0	0	1	0	0	1	1	1	0	1	1	0	0	2	0	2	0	0	0	0	0	1	0	0	0
C[T>C]G	0	1	0	1	0	0	0.348068928029766	0.472090218991694	0.212709041047124	1.12462114302693	0.031557546949514	0	0	35.9851623890609	93.297524511453	79.0757482934478	50.9529507342667	132.997185400728	130.986770983075	99.3275002937818	104.686389328448	20.7580784609731	12	10.1171548572439	21.9599547394703	13.9433637924901	6.55105896779781	10.1633420378831	51.8538925737788	54.8631171886401	43.5962811086244	29.5141950111741	16.6246631584751	14.6157333668845	3.83127654952744	7.99233685596093	7.4792038046372	15.6752552690581	2	12.1194514441474	13.2998455957019	10	18.9855057895751	8	19.8247898611514	7	15.6349620008818	8.56455917302845	4.38938011815538	6.06867375494946	8.67173376484885	8.41802820124403	0.990365180912582	2.47530298188429	10.4924815209363	8	6.50483189808094	16.4126804020375	2	21.4102327995749	9.29209876041026	4.9700888759062	2.56531665529204	1.74632217548479	2.47192868710028	3	2	11.2413285401772	366	0	0	0	0	0	0	0	0	0	0	0	0	0	0	0	0	0	0	0	0	1	0	0	0	0	0	0	0	0	0	1	35	37	44	42	31	0	0	0	0	0	0	0	0	0	0	0	0	0	0	1	0	0	0	0	0	0	27	0	0	0	0	0	0	0	0	0	0	0	0	0	0	43	28	31	39	30	28	30	35	36	31	37	28	30	31	33	33	0	5	3	5	1	3	4	10	5	8	29	15	22	20	23	21	7	13	30	22	66	21	46	37	20	32	8	8	29	28	36	25	35	35	1.140382533	1.612594812	1.808259347	7	4	6	0	14	6	10	5	8	10	10	12	10	9	13	8	7	9	7	7	8	4	1	2	59	41	48	31	38	1	0	0	0	2	0	3	2	0	0	1	1	0	4	0	2	2	0	3	0	2	0	0	1	0	0	1	2	0	1	0	2	0	3	0	3	0	0	1
C[T>C]T	0	2	0	0	0	0.189671930201276	0.662564277330404	0.146828180291502	0.122797819448166	0	0.166380888021719	0.165456725094699	0.227173030706826	72.6880334412143	124.0048957963	116.495747727412	62.4475349327249	193.371106012006	213.311431759395	166.665889632312	176.9459764729	35.1576766479013	16	13.5279952724714	22.223265810347	11.4854696232997	15.5159934464287	1.33600719071211	102.82353978258	92.6517809567202	70.6782162885972	85.916773487756	36.2302037672442	37.8791125494589	12.0005661519997	22.0299340400513	3.26022393577272	22.6277312879618	12	16.2701890157286	8.40720731803056	12	14.7337750557453	13	23.0781406269049	7	22.9980738501059	12.2739765291188	8.86794807401785	10.9378520135163	11.1159167755872	4.9696289857065	2.85428652624349	5.92004087692329	12.86857583367	11	10.2011098674415	19.6610433010996	6	15.2214298863204	8.22628569422626	2.5515697936265	3.70551157758544	1.68728819533923	0.536777083983282	1	2	2.77742560153154	203	0	0	0	0	0	0	0	0	0	0	0	0	0	0	0	0	0	0	0	0	0	0	0	0	0	0	0	0	0	0	0	14	14	16	15	16	0	0	0	0	0	0	0	0	0	0	0	0	1	0	0	0	0	0	0	0	0	40	0	0	0	0	0	0	0	0	1	0	0	0	0	0	99	104	82	107	85	86	76	114	85	75	100	102	93	110	104	121	0	6	7	3	6	6	6	9	13	8	45	35	23	20	34	20	18	11	32	22	116	44	38	44	39	33	11	10	33	23	19	28	36	22	1.854926019	1.778316018	1.767532785	8	7	4	0	5	14	9	6	11	5	13	12	9	8	8	24	27	23	11	8	9	9	7	11	21	11	15	9	9	0	0	0	0	0	0	3	2	0	1	1	0	3	3	0	1	2	1	1	2	0	0	0	0	1	1	1	1	1	1	2	1	2	4	0	4	0	0	1
G[T>C]A	0	1	0	1	0	0	0.131987427668646	0	0	1.18693722283574	0	0	0	54.0488080573174	95.1339432144165	94.6443420181864	74.9712715775266	133.127571098652	140.589336094216	101.50023763833	129.392633933325	18.900157884771	22	8.34916937224822	19.0599832749947	26.9570913451184	13.5889261977501	19.6168125885743	74.1442854480082	73.6930342939656	51.0696706763525	73.8898813759769	28.1910949605869	26.6381278152066	11.454193045353	22.7421408313034	9.900186162629	18.8178044795615	6	24.8968498354467	14.9029756186489	18	18.9397176509324	10	30.6489596523588	7	38.9155400487901	12.8804815492522	9.93915605540407	10.9363541037155	9.86915338616341	16.2071930591221	4.83834963943384	7.27857450466269	8.63182608295432	6	5.92411645465899	17.7043548576794	7	23.4558139721403	18.408143114522	5.22663726414838	6.66137930495332	0.979792058091606	0.974747295774983	0	0	1.97894328421643	138	0	0	0	0	0	0	0	0	0	0	0	0	0	0	0	0	0	0	0	0	0	0	0	0	0	0	0	0	0	0	0	22	20	21	24	18	0	0	0	0	1	0	0	0	0	0	0	0	0	0	0	0	0	0	0	0	0	31	0	0	0	0	0	0	0	0	0	0	0	0	0	0	21	21	21	17	17	16	22	17	18	22	21	21	20	21	22	21	0	6	3	1	6	3	4	7	2	4	30	25	23	20	29	11	12	19	38	34	26	39	40	34	32	27	19	16	36	35	46	39	51	43	0.649584987	0.4270508	0.529445304	3	4	4	0	5	5	8	5	7	5	11	8	6	6	6	15	12	13	19	22	15	4	7	5	54	40	55	28	23	0	0	0	0	1	0	0	0	0	1	1	0	1	0	0	0	2	0	2	1	2	1	0	0	0	0	0	0	1	1	0	2	1	0	3	2	1	0	0
G[T>C]C	1	1	1	0	0	0.136172050680974	0.122790149240197	0.112162432417375	0.040054932495623	0	0.036484831844013	0.189496186394094	0.0572786117970464	57.2608209369802	78.6728660824768	69.4133458384135	55.4898798610023	96.7598621054403	109.854094751787	94.5604491789416	110.817257820481	21.5749615732504	19	15.8650677201049	20.9123182835126	20.7350615266344	14.1945198559739	11.3833181220027	59.0891682735958	56.9389499214737	52.5164573084373	60.5756761545876	27.1896967868542	30.6675918175615	11.2522903701334	12.6318392538469	10.058221477884	16.0091519345542	2	9.53501882924948	8.06906430561072	8	15.5090660453549	10	15.7895772066147	3	11.9113871830022	8.06757204624191	10.2190500704567	8.41466254757874	7.80879053221935	16.0806096761993	8.89235258294277	12.1844220890791	16.949280419111	12	10.2509930315046	19.6622018626406	6	25.348652733044	22.2431174510442	10.5754314634575	4.0314077545205	0.908525220029246	0	0	0	7.62237421214628	190	0	0	0	0	0	0	0	0	0	0	0	0	0	0	0	0	0	0	0	0	0	0	0	0	0	1	0	0	0	0	0	15	14	27	27	17	0	0	0	0	1	0	0	0	0	0	0	0	2	1	0	2	0	0	0	0	1	35	0	0	1	0	0	0	0	0	0	0	0	0	0	0	45	25	36	40	48	40	51	46	47	43	36	37	43	39	45	37	0	1	1	0	0	0	1	0	1	1	12	17	15	17	14	16	5	10	10	12	67	23	20	14	10	16	7	11	30	37	30	33	38	27	0.599061711	0.484415833	0.447992181	3	6	4	0	3	4	4	4	4	3	4	8	5	4	5	4	2	2	4	5	3	0	0	3	21	26	36	27	8	0	0	0	0	0	0	3	0	0	0	0	0	0	0	0	0	0	0	1	1	1	0	0	1	1	1	1	3	0	1	0	1	1	0	1	0	0	0	0
G[T>C]G	1	1	0	0	0	0.411441913788043	0.275217315482915	0.152704807348058	0.134746868188363	0.413287959390928	0.00894193569689317	0.13438104871096	0.0333703067966278	122.557840200182	193.178258686584	163.774019256578	151.828215076591	267.813347840711	227.821384408862	190.602186932942	207.144431832109	28.9223563066962	28	8.55465009625463	23.4762895081644	17.273054072339	11.513777363846	11.7116309285229	93.4371148038005	80.0198281440803	61.8911291999966	85.4519802155037	42.0553758518664	29.5818049356021	33.6695773228045	17.6254823185799	4.71142083280081	12.1243560154369	4	18.5659204634444	16.1096724308289	15	11.7875763186331	15	14.1404814431911	3	23.6920722578865	11.433659698411	8.61861329184758	12.4409510485941	10.9762121980282	9.29528287784689	7.95189053981693	4.59429965250986	11.4943786718969	4	5.5474830168942	20.8546929653034	5	18.2586436644165	4.32096841674292	4.35248752150611	3.48834503623662	0	2.76071660390299	2	0	6.78069074201074	264	0	0	0	0	0	0	0	0	0	0	0	0	0	0	0	1	0	0	0	0	0	0	0	0	0	0	0	0	0	0	0	24	22	33	35	25	0	0	0	0	1	0	0	0	0	0	0	0	0	0	0	0	0	0	0	0	0	28	0	0	0	0	0	0	0	0	0	0	0	0	0	0	32	29	24	27	35	32	32	25	32	24	31	28	37	31	29	37	0	4	0	3	3	3	3	7	6	5	25	8	19	12	15	8	2	16	24	20	29	29	29	16	23	22	7	5	31	28	32	30	30	22	1.551786359	1.867550513	2.142217154	4	7	2	0	10	2	6	9	5	3	9	13	5	3	9	7	3	4	7	7	8	2	4	3	39	27	44	28	21	0	0	0	0	1	0	2	0	0	0	0	0	1	0	3	0	0	0	2	1	0	1	2	0	0	0	1	2	0	0	0	0	0	1	0	1	1	2	0
G[T>C]T	1	1	2	0	0	0	0.116011988665112	0	0.172224526340908	0	0	0.167770895600424	0.0428559139336946	65.9902397311393	112.119976583341	98.9950215325402	76.5917000139438	147.371724646513	164.434362592262	119.572484111551	141.829417392112	22.1926730696838	18	6.56607229973405	12.7327390550094	29.4954576107984	9.11672870305508	12.5385486268892	76.4144285014795	67.1385659321075	67.1186044588692	63.1433976496532	27.676149422886	27.5904259806375	10.4979954112868	15.4154441175673	11.9943548485625	20.065039344251	8	22.2354472769642	14.0288039898063	13	19.479043462782	12	20.1745344148544	6	29.93853934211	13.9676328341885	8.48680122568247	16.0716032669751	17.7058479307684	13.2979114486907	4.78148487006243	7.5387108818572	14.1683806846521	7	9.97235261233807	25.5119719656216	6	13.1709972823726	13.2830789444187	8.11048723882473	1.459087585655	0	0.852185363672309	1	1	7.55329706950027	216	0	0	0	0	0	0	0	0	0	0	0	0	0	0	0	1	0	0	0	1	0	0	0	0	1	0	0	0	0	0	0	25	23	28	29	18	0	0	0	0	0	1	0	0	0	0	0	0	0	1	1	1	0	0	0	0	0	41	0	0	0	0	0	0	0	0	0	0	0	0	0	0	46	46	37	54	56	48	54	52	64	47	52	52	60	53	64	58	0	3	1	2	4	4	2	12	5	6	25	20	23	16	22	13	8	23	34	20	16	28	30	27	28	31	31	32	55	52	61	77	66	52	0.793937207	0.465294155	0.439846868	4	4	4	0	12	9	5	8	5	10	11	7	12	5	6	10	10	8	11	11	13	7	9	7	34	24	35	18	21	0	0	0	0	2	1	3	1	0	1	1	2	2	3	4	2	3	1	3	2	2	1	2	2	0	0	1	2	0	0	1	2	4	1	0	1	3	0	1
T[T>C]A	0	0	0	1	0	0.109812702836837	0	0	0.0332762433752944	0	0	0	0.0293731759296459	62.6057866779144	110.212414016722	105.833649873065	92.4572074902222	154.653033050671	170.832190108383	129.190272577465	130.5493676556	23.0583225843803	17	17.7739551100314	16.6928674795638	19.7061888351358	16.3460659296041	16.6385581821101	98.9704464628333	73.5242075113017	68.4647568914322	84.0634828740384	29.6649046612832	32.5324462786356	14.190577579883	19.9637892154615	9.98041299200762	24.9679331628229	15	23.9851559445865	25.9783877235603	16	17.9913440634519	22	21.9576504218139	4	28.859572816915	14.9768578279753	11.9904053948066	16.9844659031341	6.9868515733418	4.92860100616489	7.91518490411875	7.83638830398636	4.95500184332589	6	10.9749222445976	17.957054524414	4	19.9168138276195	6.94857698938849	11.4558120082912	1.97803225838546	0.996965631883037	0.996316946592431	1	1	3.99336604111817	161	0	0	0	0	0	0	0	0	0	0	0	0	0	0	0	0	0	0	0	0	0	0	0	0	0	0	0	0	0	0	0	17	17	20	19	15	0	0	0	0	0	0	0	0	0	0	0	0	0	0	0	0	0	0	0	0	0	73	0	0	0	0	0	0	0	0	0	0	0	0	0	0	107	79	83	92	106	101	101	69	100	94	83	94	93	89	83	107	0	9	7	3	4	6	9	7	11	7	58	44	57	34	46	32	22	36	70	44	43	67	68	74	53	53	18	13	51	38	34	46	48	26	0.707325875	0.529033081	0.545735929	6	13	10	0	7	11	9	7	7	6	7	5	8	6	4	30	24	25	22	20	21	11	12	13	23	12	13	7	7	0	0	0	0	3	1	2	4	0	3	3	0	3	5	4	0	1	3	2	2	4	0	2	4	3	2	6	1	1	3	2	1	4	0	1	4	3	3	1
T[T>C]C	1	0	0	0	0	0.175014699327241	0.254190747161478	0.420222365363837	0.220336931305274	0.43111724871946	0	0	0	207.542719155509	272.675470640452	253.792200100333	264.724565094742	380.886533871065	391.165885104621	288.387021560071	327.449522113056	21.7894415887814	24	19.5766808914041	23.9113677086177	21.0373391101549	10.8167503395704	14.9002537041469	120.950240709144	104.152694789206	84.895486598397	123.361892882564	46.4292426984	41.2171237397724	65.9054488748125	16.8907357392581	10.3843052546721	17.7621214904777	10	16.5795674749998	7.56727459081295	7	12.7755302244046	8	14.9891260015398	6	23.3435016831074	7.57297482626956	7.67926465664075	12.5068767431667	4.58779590484161	15.1974304233869	8.93319581643894	6.8878275747992	12.337962103326	4	9.48127534415751	15.6587467341355	7	22.3857876055037	15.5442959517804	7.31737307666851	4.12290999333475	0	0.937274816366058	1	3	3.88413749843328	217	0	0	0	0	0	0	0	0	0	0	0	0	0	0	0	0	1	0	0	0	0	0	0	0	0	0	0	0	0	0	0	19	17	24	26	22	0	0	0	0	0	1	0	0	0	0	0	0	0	1	0	0	0	0	0	0	0	44	0	0	0	0	0	0	0	0	0	0	0	0	0	0	183	171	168	179	151	159	203	152	138	143	172	186	175	164	219	252	0	3	0	3	4	5	5	4	7	8	36	19	25	27	33	21	13	16	26	27	30	44	41	33	26	44	15	19	24	34	32	24	37	29	1.652832912	1.75919434	1.498737477	10	6	8	0	9	3	9	10	3	7	3	6	4	12	8	9	8	8	8	8	8	4	7	3	11	9	14	12	7	0	0	0	0	1	1	0	0	0	0	0	3	3	1	0	0	0	2	0	1	1	0	2	0	0	1	1	1	0	0	1	0	1	0	0	0	1	1	0
T[T>C]G	0	1	0	0	0	0	0	0	0	0	0	0	0	54.5805722830923	81.4388307174622	76.1690781275724	70.9588806548456	101.179238587946	112.896326218397	94.0894891952923	92.9924883845377	14.7517747258478	5	9.4772432048967	5.56505878241127	20.1837806523891	8.13713012260092	13.9256275581831	44.1883241640101	42.323558897858	42.9362583716435	32.2055060575599	14.051674387376	14.8989382540048	9.444993919162	12.7822930342843	7.90734115724521	14.7670857507985	3	14.9345279025995	13.8608184493812	10	15.944522122972	10	12.8677143948732	1	26.2539050352362	8.92568152223844	3.96298852516568	10.894234500468	4.88993119235196	8.15688682642121	6.24410860932077	7.93465602667923	10.3613824392505	2	5.87115691981817	24.4298400464207	7	20.4483389820432	5.7316049765998	2.94621470073232	0.93590549086498	0	0	0	1	4.95465802372925	205	1	0	0	1	0	0	0	0	0	0	0	0	0	0	0	0	0	0	0	0	0	0	0	0	0	0	0	0	0	0	2	18	14	24	24	16	0	0	0	0	0	0	0	0	0	0	0	0	0	0	0	0	0	0	0	0	0	44	0	0	0	0	0	0	0	0	0	0	0	0	0	0	93	83	83	96	99	102	93	82	94	98	89	89	97	92	97	95	0	3	2	2	2	8	3	6	11	8	26	14	22	9	27	9	5	20	25	15	20	34	22	24	23	25	7	5	23	15	17	13	32	13	0.866113316	1.051692268	1.596481225	5	4	6	0	5	5	3	10	9	5	6	8	11	3	6	6	7	7	15	16	11	6	6	4	16	11	12	9	3	0	0	0	0	0	0	1	1	0	2	3	2	0	4	4	1	0	2	2	1	3	3	2	0	2	1	2	0	1	0	1	4	0	2	2	1	0	2	0
T[T>C]T	2	1	2	0	0	0.150985726044543	0.226561249612682	0	0	1.5734877005974	0	0.173224164278906	0	311.625711646959	388.482506131019	353.01257371244	330.053172919547	513.221336116974	495.906818381054	377.822964156923	439.026877861923	29.8421130676749	34	25.7302268451017	31.2026214918065	29.5079095858284	11.5577359071352	20.7391111406163	160.805732484263	147.577251550487	117.448747612112	140.190317002521	66.4881363738953	49.3474125177007	78.3030589899856	24.5941434959725	12.8259835328818	22.0190257665671	8	24.1900677035896	13.1831706448327	11	12.7155211649443	11	19.3859551029491	14	23.8135604796066	16.8501243410175	11.4154614296349	11.3618612404921	12.4389507595766	7.19541152728765	4.77578614321645	12.8531579734383	13.8870821744793	9	9.12179742003722	23.0581020064613	3	14.5282312322146	18.2120572199595	8.2693976150225	5.27107453475518	1.75115858674902	2.79433221590085	2	2	3.7687065955108	195	0	0	0	0	0	0	0	0	0	0	0	0	0	0	0	0	0	0	0	0	1	0	0	0	0	0	0	0	0	0	0	22	21	22	25	19	0	0	0	0	0	0	0	0	0	0	0	0	0	0	1	0	0	0	0	0	0	64	0	0	0	0	0	0	0	0	0	0	0	0	0	0	122	107	113	136	124	123	145	118	130	121	117	126	113	140	130	132	0	4	3	4	7	3	11	12	19	12	40	40	46	25	44	19	22	26	62	35	49	73	61	42	59	46	73	85	52	35	62	47	59	52	3.666546373	3.613997068	3.078928077	10	11	9	1	6	10	5	10	8	12	5	9	5	7	10	10	9	9	23	23	21	11	4	5	18	6	6	7	6	0	0	0	0	0	1	2	1	0	2	2	1	0	4	4	2	6	4	2	2	4	2	1	1	2	4	6	3	2	1	2	4	2	1	4	2	2	3	0
A[T>G]A	2	0	1	0	0	0	0.0874544452695868	0	0	0	0	0.133057901143041	0	74.7546160669788	98.8190549010846	108.330319308252	79.4667155083273	124.863418338932	125.522743214556	77.356618444703	95.6206193362834	14.3869537953609	11	7.10711282379503	10.051537494092	20.1319633489553	2.92545868721252	11.0586266559814	44.6451680169658	35.1445996180458	47.8615706984639	41.2250570544744	14.9916881793896	15.8700235225679	15.4848785059338	11.9955861753478	11.9961085225264	9.9961076463169	3	7.9988437152911	8.99774527491195	5	6.99923345694637	16	6.99730448618311	1	30.982718527438	10.9965854531634	2.99929945580765	15.9973544668746	5.9971117051654	1.99655315545539	1.9978970542551	0.992355009958971	2.99364602201194	3	4.99724639267057	5.99380202323526	1	4.99630824360476	6.99204860425669	3.98244420274636	0.996230080251013	0.999523840590971	2.99747392132213	0	0	1.9991305268365	59	0	0	0	0	0	0	0	0	0	0	0	0	0	0	0	0	0	0	0	0	0	0	0	0	0	0	0	0	0	0	0	1	0	0	1	1	0	0	0	0	0	0	0	0	0	0	0	0	0	0	0	0	0	0	0	0	0	34	0	0	0	0	0	0	0	0	0	0	0	0	0	0	52	30	26	36	56	42	37	25	50	45	23	38	36	37	23	31	0	1	1	6	0	2	1	2	2	3	14	6	9	15	12	10	6	10	17	16	21	10	13	13	12	14	3	6	13	7	15	11	15	7	0.627932154	0.586398113	0.439846868	1	8	2	0	4	3	2	4	2	3	3	3	5	3	1	2	4	3	5	6	5	0	1	0	0	1	1	1	1	0	0	0	0	1	0	0	0	0	2	2	0	0	1	1	0	0	1	0	1	0	0	0	0	0	0	2	0	1	0	0	0	0	1	0	2	1	0	0
A[T>G]C	1	1	0	0	0	0.471212204013776	0.115841538811142	0.175566937058222	0.0773678710570758	0	0.0157313833912004	0	0.0448535208951942	36.8035200288584	51.3150283594567	54.3543015891872	42.3868978542995	61.3425587058648	48.127097658228	31.8651308231921	39.3759135305051	4.57573264060997	4	3.34503527810511	6.8523329413031	11.3249223882261	1.33111353563669	14.7315928935835	12.9538596844307	11.5048427787977	17.7997857902449	9.19951295469167	4.2869425934407	4.01817116850438	4.14113961365518	4.60488082359948	3.75100160892195	1.8234811462547	2	1.93750711875006	2.81010902473763	7	4.88043183848244	4	6.48820216765872	2	21.1205948113806	3.7636692445833	6.59845519107878	4.81364745100304	0.895347592897368	2.96708067232206	1.29597608008717	0.634556511942334	2.64829457841423	2	2.65089921307271	0	3	3.34109232502909	3.09965467385835	2.07561127220411	0.363750082052507	0	0.857367037399436	0	0	0	46	0	0	0	0	0	0	0	0	0	0	0	0	0	0	0	0	0	0	0	1	1	0	0	0	0	0	0	0	0	0	0	2	1	3	3	1	0	0	0	0	0	0	0	0	0	0	0	0	0	0	0	0	0	0	0	0	0	14	0	0	0	0	0	0	0	0	0	0	0	0	0	0	22	19	20	26	28	25	23	20	23	22	24	21	20	24	21	24	0	0	2	1	1	3	0	2	2	1	17	6	9	4	9	16	2	12	21	3	19	10	13	8	5	14	2	2	5	9	2	4	8	4	0.22374594	0.146599528	0.219923434	2	3	0	0	4	1	2	2	0	2	0	2	3	0	1	0	0	1	6	4	4	2	3	0	5	1	2	2	2	0	0	0	0	0	0	0	0	0	1	0	1	0	0	0	0	0	0	1	0	0	0	0	0	0	0	1	1	2	0	0	0	2	0	0	1	0	0	0
A[T>G]G	0	0	0	1	0	0.247132717175539	0.248666675274208	0	0	0	0.0843840842161084	0	0	58.862908959392	75.4338291976908	61.5518728513952	77.0882544047347	114.261017687141	94.3570775255897	75.7876455954086	84.0533656738727	9.74371577637558	15	7.54022824473012	10.3995406909093	9.44016387448115	7.57439092819251	9.95378309494236	46.2961492186975	43.2271989390821	35.9844525748341	43.756564581423	17.0843270523755	15.1140748499118	14.46686392891	9.73041380748904	3.90865070491763	12.6034712222058	3	5.9330555476535	5.87023264173735	3	3.97265338205164	4	9.71929302306759	1	6.67785168226456	3.91050308836632	4.91893263859728	6.91146160479603	4.82903452643823	1.71777598082961	2.75042033805628	1.30327470618858	2.41330253817265	3	3.87322693405664	4.68977129451411	0	2.80539283346372	4.67147590724247	5.88721367266384	1.37909561402023	0	0.982952642244199	0	0	0.97857131122997	40	0	0	0	0	0	0	0	0	0	0	0	0	0	0	0	0	0	0	0	0	0	0	0	0	0	0	0	0	0	0	0	3	3	3	3	4	0	0	0	0	0	0	0	0	0	0	0	0	0	0	0	0	0	0	0	0	0	19	0	0	0	0	0	0	0	0	0	0	0	0	0	0	16	11	16	14	26	19	20	12	30	20	16	13	17	15	15	16	0	4	1	5	2	3	1	2	2	6	16	12	14	9	11	10	3	10	19	14	25	14	22	13	13	9	3	6	9	15	8	12	18	9	0.389750992	0.305946842	0.399120306	0	4	3	0	8	1	5	4	5	2	8	10	4	4	4	4	2	2	5	6	6	6	4	4	1	1	1	1	0	0	0	0	0	1	1	0	2	0	0	0	1	0	1	0	2	1	0	0	0	0	0	0	0	2	1	0	0	0	0	0	0	0	0	0	0	0	0	0
A[T>G]T	1	0	1	0	0	0	0	0	0	0	0	0.149289283323222	0.0402008202492102	54.2842961962416	74.3844531778155	61.3732084383215	69.9185441167734	82.5343644983418	69.3798400084169	56.68936020733	74.4963487128848	12.9702641344996	25	11.9844690457702	19.4063820304198	18.0590866690125	3.98984665067776	12.9858264586712	33.8554990115146	29.6520403324289	43.4573836698395	26.5312761648348	16.6229159150517	11.9156001574069	18.9258716472092	11.8824622005282	8.73381937324504	9.2282173273584	7	13.1754175266736	8.39254724390275	3	11.2943672788577	11	8.0890419551736	2	20.9034827237699	6.47954136026522	7.14014335302664	10.4392956461357	5.15691841156474	10.7591067610643	3.94633202532	4.94814596248296	4.3289290640204	9	5.59201746149781	9.39189454556343	3	11.0231146771106	7.24006146724517	8.83819923621167	5.22122403073855	0	0.497008586912057	0	0	0.548404593560928	46	0	0	0	0	0	0	0	0	1	1	0	0	0	0	0	0	0	0	0	0	0	0	1	0	0	0	0	0	0	0	0	5	4	5	7	5	1	0	0	0	0	0	0	0	0	0	0	1	0	0	0	0	0	0	0	0	0	21	0	0	0	0	0	0	0	0	0	0	0	0	0	0	44	29	37	36	46	41	43	29	47	47	42	45	42	40	45	46	0	6	3	1	3	4	2	3	6	2	30	14	30	14	20	10	10	18	26	23	12	26	24	17	15	18	7	7	20	22	20	20	25	10	0.173222663	0.369685767	0.366539057	5	5	5	0	5	4	7	3	5	3	3	10	11	5	4	7	9	7	5	6	8	1	2	5	1	0	2	0	1	0	0	0	0	0	0	0	1	0	1	3	0	0	3	3	1	1	1	2	1	0	0	0	2	0	2	0	1	0	0	1	1	1	0	3	3	2	0	2
C[T>G]A	0	0	0	0	0	0.406080844782439	0.295202273373266	0	0	0	0	0	0	23.3892154678441	35.6321352000351	34.6902183221566	39.0177306876955	54.4271971032872	51.6132859364248	37.0768719847434	41.1462826631931	4.2373447339584	6	9.02165863923143	9.78071133055109	11.8022379217988	3.92481836858696	8.04617951481913	25.8784515754571	17.5363341938803	22.9387105905887	30.3716043192125	10.0633056409262	7.93610407664617	8.11393154856477	3.94106013319611	1.95796538875913	6.89442569103662	0	4.96941279808268	3.96547756456229	4	0.995122841922167	4	0.975443723960378	2	6.87277732107609	0	1.98460190173908	2.97995032366247	3.92839064990332	2.74712934852164	2.9417175197754	1.61314988942962	0	1	2.93901190443056	0.969168180961942	2	2.9492671672513	0.969933371950161	2.48061613365598	0.876109339951283	0	0	0	0	1.96665067081969	26	0	0	0	0	0	0	0	0	0	0	0	0	0	0	0	0	0	0	0	0	0	0	0	0	0	0	0	0	0	0	0	2	3	2	2	4	0	0	0	0	0	0	0	0	0	0	0	0	0	0	0	0	0	0	0	0	0	9	0	0	0	0	0	0	0	0	0	0	0	0	0	0	33	23	27	26	32	30	25	21	28	33	20	20	28	28	25	28	0	1	1	0	0	0	3	2	3	4	9	6	8	4	3	5	5	4	8	8	15	24	19	13	14	12	0	1	9	3	4	3	8	6	0.101046554	0.197590669	0.146615623	1	5	0	0	3	3	2	0	3	3	3	0	1	3	3	6	8	8	5	3	5	3	1	0	0	1	1	1	0	0	0	0	0	1	0	0	0	0	0	0	0	0	1	1	0	0	0	1	1	1	0	0	1	0	0	0	1	1	0	0	0	0	1	0	0	0	0	0
C[T>G]C	0	0	0	0	0	0	0	0	0	0	0	0	0	35.791180323249	49.9534856570505	49.0585852309112	39.0877316079026	73.4725229680831	60.381092985025	50.1949222170251	57.8911737113861	5.63326219924471	7	2.8300576535833	4.09247281244146	5.39265212082437	0.433013284183254	6.36822988245514	20.4073405616177	16.7285048219268	19.581926689543	12.7196381636807	4.84771973175413	2.31709866975264	8.32345120559839	9.64053023461133	1.74652104611746	5.19690121310865	3	4.7338911588556	3.62371793535924	6	6.72326970605279	4	2.60474765308538	1	5.69562426324863	0.888852767844448	1.83914757165475	7.48980259569976	0	6.28103459466109	1.54220626249637	1.60093103741623	3.19112536639918	3	5.08090583500405	3.03003929438947	1	1.63255985779727	1.48688407062063	1.16712206062366	0.514634968746522	0	0	1	1	0.887867057141008	48	0	0	0	0	0	0	0	0	0	0	0	0	0	0	0	0	0	0	0	0	0	0	0	0	0	0	0	0	0	0	0	5	3	7	8	7	0	0	0	0	0	0	1	0	0	0	0	0	0	0	0	0	0	0	0	0	0	9	0	0	0	0	0	0	0	0	0	0	0	0	0	0	14	12	12	20	20	17	19	13	21	17	16	17	19	20	16	17	0	2	2	0	0	0	1	5	0	2	17	7	10	9	14	3	2	8	15	4	22	11	17	10	7	17	1	2	8	7	9	5	12	6	0.259833995	0.203964561	0.382829682	3	1	3	0	3	3	2	1	0	4	3	1	2	2	1	2	2	2	3	6	3	2	2	3	3	2	4	3	1	0	0	0	0	0	0	1	0	0	0	0	0	1	1	0	0	0	0	0	0	0	0	0	0	0	0	1	1	0	0	0	0	1	0	0	0	1	0	0
C[T>G]G	1	0	0	0	0	0.344013935153349	0.263262591743627	0.287755211602533	0.126695579971717	0	0	0	0.255675504400297	40.8445561294667	64.5829233663671	49.6678550165852	46.3649222531551	90.3408449270069	102.314766179111	66.731561918055	81.603273869876	11.9831734798432	23	5.82766413523562	6.63604360457935	13.8138341750063	6.39969970180015	16.0007510987728	44.1958164454084	36.5706929311326	42.0804842043959	47.417211201228	22.645684976618	25.5027418941	6.08060785585016	6.56191728851965	0.891713479716931	13.9069659197635	7	6.82985709410997	4.78896857019528	5	2.94917942949585	0	5.56202662678315	6	12.8252516924379	8.39694997282921	2.9110958960881	2.9015738151206	1.85646364576383	2.03134744486848	3.67718831273674	3.10740069132326	3.55142203915472	3	3.68943891053847	7.1128018966413	2	2.76798374016317	3.53972754416893	2.32588438008251	1.61933124686125	0	1.91334697459898	0	0	0.950988762461398	63	0	0	0	0	0	0	0	1	0	0	0	0	0	0	0	0	0	0	0	0	0	0	0	0	0	0	0	0	0	0	0	9	10	10	8	8	0	0	0	0	0	0	0	0	0	0	0	0	0	0	0	0	0	0	0	0	0	23	0	0	0	0	0	0	0	0	0	0	0	0	0	0	29	19	19	23	26	26	27	14	28	24	23	20	18	22	20	25	0	1	0	1	2	1	2	3	4	11	21	16	17	7	19	11	2	10	13	18	32	21	27	15	15	23	2	4	9	8	13	10	11	8	0.238181162	0.331442412	0.456137493	1	0	0	0	6	6	3	4	2	7	10	6	2	4	3	4	3	3	1	5	3	0	2	0	5	0	1	0	6	0	0	0	0	0	0	2	2	0	1	0	2	0	0	0	0	0	0	1	0	0	1	0	0	0	0	0	3	0	0	0	0	0	0	0	1	0	0	0
C[T>G]T	1	0	0	0	0	0.512536536434621	0.896337326941383	0.20081906738954	0.526738949168064	0	0.221280272204541	0.436668424571129	0.374248891431579	9.21311388709637	9.89447478292254	20.1324727605963	16.4616598269213	43.3950394832281	87.33075966088	72.6410552247478	56.9152403472407	15.6851816068054	20	25.3307745332292	25.428476913496	18.7870569095813	33.3546535002107	0.563766996250024	113.244103743564	101.677241695295	83.6049337583322	127.819508244459	61.0022713098854	72.1800458983594	9.67849807642051	6.48225033770949	2.35589104371409	4.73996428491937	5	7.27042619665342	4.15991998907098	18	6.10731043940113	16	5.34894059684288	4	6.78088791899031	3.93962558863084	2.12062590371475	7.42462511180328	2.23184600248201	5.43197021502901	5.37539033012833	6.3151970275125	7.7793345950452	10	5.09703559475469	6.72190146721545	7	7.64922030765817	5.67089594554717	3.5673089092175	4.16443485601479	0.49601492684426	0.38887143879812	2	2	1.38129772248423	73	0	0	0	0	0	0	0	0	0	0	0	0	0	0	0	0	0	0	0	0	0	0	0	0	0	0	0	0	0	0	1	4	3	6	5	3	0	0	0	0	0	0	0	0	0	0	0	0	0	0	0	0	0	0	0	0	0	21	0	0	0	0	0	0	0	0	0	0	0	0	0	0	20	22	17	26	22	18	20	23	21	20	16	15	17	18	24	16	0	8	3	5	4	2	2	3	10	4	19	25	22	20	21	22	7	9	26	21	28	39	26	32	18	28	2	5	16	15	10	14	10	16	0.166005052	1.25565683	1.637207787	19	11	2	0	1	4	3	3	6	3	2	7	2	2	3	21	22	19	7	8	4	0	0	2	4	1	1	3	0	0	0	0	0	0	1	1	0	0	0	0	2	1	0	1	3	1	0	1	2	0	0	0	1	0	1	0	0	1	1	1	1	0	0	1	2	0	0	1
G[T>G]A	0	0	0	0	0	0	0.320129311393207	0.404267742373818	0	1.48043886234252	0	0	0	40.5368105252356	35.2008014790887	39.2400414700915	44.0196167046975	63.2425497979381	58.0014435769916	44.7825451207053	47.8132228681508	2.902271081878	2	4.26120380782234	5.84867395380104	8.40180156727235	1.7837112651845	3.72171194387729	19.2370705393251	15.1347115244934	18.078508095325	22.8032634835594	7.84383329706236	6.1539252727694	7.50046123908675	0.994637304311023	2.98008649202899	3.97621036664808	3	2.99312716807523	3.98166382493051	2	4.99317612502095	0	3.96737941529061	0	7.92440854500163	0	0	2.99150978720484	0.99261931659272	1.95486212807064	0	0	2.94251254305452	0	0.995513255022029	1.98318546677107	1	2.98141785599761	0.99291357038977	0.970952402670964	0.931747958733346	0	0	0	0	0	34	0	0	0	0	0	1	0	0	0	0	0	1	0	0	0	0	0	0	1	0	0	0	0	0	0	0	0	0	0	0	0	2	1	2	3	3	0	0	0	0	0	0	0	0	0	0	0	0	0	0	0	0	0	0	0	0	0	10	0	0	0	0	0	1	0	0	0	0	0	1	0	0	29	12	19	21	22	23	18	17	27	26	14	26	23	24	15	21	0	2	1	0	2	4	2	1	2	4	3	5	8	5	4	7	1	3	2	2	13	7	5	4	8	6	5	3	6	6	5	3	5	1	0.238181162	0.293199057	0.358393744	1	1	2	0	2	1	3	4	1	2	1	3	1	1	2	6	8	8	4	4	4	4	3	3	4	0	0	0	1	0	0	0	0	0	1	0	0	0	0	0	0	0	0	1	0	0	0	0	0	1	0	0	0	1	1	1	0	0	0	0	0	0	0	0	0	0	0	0
G[T>G]C	0	0	0	0	0	0.262148354547002	0.0991764045590598	0	0.0901987574515828	0.939116308283723	0.00194542147526877	0	0	27.8815615524365	32.5944906778144	22.9691049537126	31.397407163108	36.9462723105164	38.2738530797865	30.1867474942712	31.032903962532	4.85622461043509	9	5.18425662742423	4.39981865743783	6.62833921654351	3.17958340685287	6.51108665328439	18.8496004862988	12.8582712003357	17.9262984005178	16.8244741031248	7.18212723169806	5.46721559788375	4.30359360011386	5.25232124883589	1.7583969656947	2.56936491171031	1	0	0.878674854621247	3	0	0	3.40947329115348	2	3.87053337712533	1.75537991035321	0.920413094620845	4.64860228467259	0.82754037059563	2.05218521138586	2.23532561301616	1.18667144902591	2.82590194823863	0	2.67642207657296	0	1	2.51723826799846	2.4789883897235	2.18415928242447	1.67292100183437	0.873180323259273	0	1	1	0	41	0	0	0	0	0	0	0	0	0	0	0	0	0	0	0	1	1	0	0	0	0	0	0	0	0	0	0	0	0	0	0	4	5	5	5	3	0	0	0	0	0	0	0	0	0	0	0	1	0	0	1	1	0	0	0	0	0	24	0	0	0	0	0	0	0	0	0	0	0	0	0	0	18	14	13	15	15	15	15	12	16	15	16	17	12	13	15	15	0	0	0	3	0	1	1	2	0	0	5	7	3	0	4	4	2	3	4	0	29	7	8	8	6	10	1	0	2	2	4	2	6	2	0.238181162	0.191216776	0.089598436	0	1	0	0	0	0	1	1	0	1	2	0	1	3	2	4	4	2	3	3	3	0	0	0	0	1	1	3	0	0	0	0	0	0	0	1	0	0	0	0	0	0	0	0	0	0	0	0	0	0	0	0	0	1	0	0	0	0	0	0	0	0	0	0	1	1	0	0
G[T>G]G	0	0	0	0	0	0	0	0.605747875745115	0.150304905736954	6.21958270072242	0	0	0	104.779583150199	121.212171483311	106.696842528237	110.684509540949	181.786332495711	178.222356714835	141.521125758252	146.391855837034	17.0207923081845	15	12.2316191424945	16.0892720594388	15.8269948590201	14.9916869740527	5.96463601248757	73.4579567905368	70.2225417066874	60.09989506067	76.1558764109688	30.29388995678	30.6480913116241	26.2158752279482	10.9526222167129	5.93071796328766	1.98352606561105	2	7.97464968727172	1.97487398902589	5	4.99661065993893	3	3.96763891026678	3	8.72954433746685	4.9615746652511	4.99252770125915	5.97786300235754	2.97641554605677	4.84925249450795	5.93238576483991	2.82523900523718	7.71086157168047	7	3.99270123070393	8.96297240988912	2	1.96514449673335	9.96754028290561	2.97539742767235	3.83448167294045	0	0	0	1	0.998950024350476	51	0	0	0	1	0	0	0	1	0	0	0	0	4	1	0	2	1	1	1	0	0	0	0	0	0	0	0	0	0	0	1	5	4	7	8	5	0	0	0	0	0	1	0	0	0	0	0	0	1	0	0	0	0	0	0	0	0	38	0	0	0	0	0	0	0	0	0	0	0	0	0	0	19	16	19	22	26	23	23	14	27	22	17	18	18	21	23	23	0	1	0	0	2	1	2	3	4	2	8	5	10	13	6	6	2	0	5	6	31	7	15	10	12	10	3	0	17	14	16	9	18	13	2.179718513	1.160048442	1.449865602	4	2	1	0	5	2	4	3	4	1	5	4	6	3	1	2	2	5	2	1	1	1	2	0	3	2	2	1	1	0	0	0	1	0	0	0	0	0	0	0	1	0	0	0	0	0	0	0	0	0	1	0	1	0	1	3	0	0	0	0	0	0	0	0	0	0	2	1
G[T>G]T	2	0	0	0	0	0.53280735443293	0	0.204217354998519	0.27409772745997	0	0.0205918093839568	0.202203559421175	0.276935924553808	86.6319491472404	99.7291459696932	89.2973975261687	97.7542907395622	133.740873292517	137.098372170698	116.910124260151	124.862325182274	13.8221046725991	13	9.73226293808523	18.5817715903688	10.5121552210351	10.8626902507863	5.3967519268374	64.2449781030957	59.3598052113566	57.4549100779989	73.1265143991553	32.7087226236574	30.6549881269697	26.6895837717414	6.70496249217481	3.66461674733898	6.22282058218138	6	4.39454693257483	4.20699541350305	8	6.95318579476818	2	4.27177711088144	6	6.37939682077112	3.76054567281078	3.34931399111531	2.95552536779404	3.92069570913005	8.33070871807523	5.5173257145742	8.39565039652086	14.1717884942134	11	4.16269692477658	11.5520091710563	5	11.0789268363703	11.6305081676513	7.94041172083959	2.74648900034171	0.615016267666687	0.622435011365518	1	1	2.21146221784269	68	0	0	0	0	0	0	1	0	0	0	1	0	0	0	0	3	0	0	0	0	0	0	0	0	0	0	0	0	0	0	0	2	3	5	6	5	0	0	1	0	0	0	0	0	0	0	0	0	0	0	0	0	0	0	0	0	0	28	0	0	0	0	0	0	0	0	0	0	0	0	0	0	83	96	82	89	68	60	98	83	69	71	87	90	91	114	85	95	0	0	1	2	3	1	4	1	7	4	10	6	14	8	8	8	9	12	15	9	11	17	13	7	21	11	6	9	7	13	13	11	9	11	0.303139661	0.624641469	0.562026554	2	2	1	0	0	2	2	2	3	3	1	4	3	2	1	6	7	12	4	2	2	0	2	0	2	4	3	6	0	0	0	0	0	1	2	2	0	0	0	0	0	0	0	0	1	0	0	0	2	1	1	0	0	1	0	3	0	0	0	1	0	1	0	0	0	1	1	0
T[T>G]A	1	0	0	0	0	0.104919639594754	0.1754429931701	0	0	0	0	0.137797307332109	0	63.3639406837743	90.5819989724008	78.0328513780245	83.3691549202521	103.546013550236	101.755714780815	59.2934217581915	80.2806542975856	7.58668932851257	15	6.46214735398049	10.9385107696398	15.893793784032	2.58676548408616	14.8943471783477	35.1947031682494	37.2169938263847	33.7151768625912	33.2803034304429	9.12507180162402	14.5713337775233	16.5224030525255	8.8703997665946	6.90304779298765	5.90900501340542	3	2.98236151651655	12.8709543887033	4	0.995500908544732	7	4.91225400666497	3	18.5888125039753	4.92942102504027	3.96419959723865	2.97978237690605	5.88862843307738	4.7083270220325	3.88448838271255	3.27516669366533	3.76163002721848	2	8.83413216543389	3.8724785376512	1	0.979078892503157	0.967750397742817	0.862957292717079	0	1.97288042793144	1.9429241679734	2	2	4.93456412810451	53	0	0	0	0	0	0	0	0	0	0	0	0	0	0	0	0	0	0	0	0	0	0	0	0	1	0	0	0	0	0	0	5	4	5	4	2	0	0	0	0	0	0	0	0	0	0	0	0	0	0	0	0	0	0	0	0	0	35	1	0	0	0	0	0	0	1	0	0	0	0	0	0	32	25	29	34	39	43	34	27	34	41	18	32	34	29	25	33	0	2	4	2	5	5	4	6	3	9	25	14	16	17	25	12	11	10	23	10	24	34	37	22	22	25	9	9	15	20	10	12	9	5	0.389750992	0.223086239	0.187342185	4	3	3	0	2	3	4	9	2	1	3	4	0	3	4	7	5	5	7	11	10	2	0	0	1	1	1	0	1	0	0	0	0	0	0	0	1	0	1	0	0	0	0	0	0	1	0	0	0	1	0	0	1	0	0	1	1	0	0	0	1	1	0	0	0	0	0	1
T[T>G]C	0	0	0	0	0	0	0.128141652068414	0.0547680384497498	0	0	0	0.204315597184216	0.0668274258276812	45.5913981756622	63.1279239266625	61.7407632211253	60.1659111856186	86.1484071112981	72.2566824177436	58.7036621397904	71.947448098822	7.81900538290304	7	5.88851209960091	6.54136121032021	7.11807619395713	1.34668341748561	7.23232578624416	21.1080321412579	21.2753478177083	19.0560691457325	20.6779431347995	7.01221953374308	7.59654258881093	14.9355837024764	1.95933444699546	1.96321258637974	4.88738787330024	2	8.92738735575936	3.93158780332332	4	4.9699269932514	4	3.91505107712704	2	10.6188100966049	0.982708615404745	1.97193850612906	5.93978280799762	2.91916650930088	2.79904693492404	0	3.64957533238516	2.80759176942659	2	0	2.86368937905656	2	0.971568395519547	4.78190974057995	2.46487160190966	1.71173700058648	1.95991384747433	0	0	0	0.987112346778934	58	0	0	0	0	0	0	0	0	0	0	0	0	0	0	0	0	0	0	0	0	0	0	0	0	0	0	0	0	0	0	0	3	3	4	5	6	0	0	0	0	0	0	0	0	0	0	0	0	0	0	0	0	0	0	0	0	0	40	0	0	0	0	0	0	0	0	0	0	0	0	0	0	25	21	32	28	29	28	27	21	28	29	16	22	29	29	17	21	0	1	2	1	1	2	3	6	6	3	22	17	29	10	25	10	11	8	30	13	21	22	11	11	24	18	6	6	6	9	6	11	4	9	0.37531577	0.248581809	0.301376558	4	3	1	0	0	5	2	6	3	4	0	3	4	6	2	3	3	3	4	4	4	7	3	4	0	0	1	0	0	0	0	0	0	1	0	1	2	0	0	0	0	0	0	0	0	0	1	1	0	0	1	2	1	0	0	0	1	1	1	0	0	1	1	1	1	1	1	0
T[T>G]G	0	0	0	0	0	0	0	0.238184189632071	0	0	0	0	0	80.5364813498027	111.070621838837	101.452567395385	112.850859927605	140.773338178131	137.972320298411	104.553498567055	125.493420038086	9.95359568363536	17	16.61425752975	10.849981657571	15.800289557164	4.9804839350081	10.9767183246516	49.904168320205	47.1635057491373	40.9699471906474	51.2713083145627	18.512430903144	18.0964182635618	15.3505561091088	5.73839727328249	2.87204205894199	7.59975348815054	7	6.87588361758807	4.83720947523412	4	9.90050162295668	7	3.81676382635047	2	12.1185861488551	4.8092168619052	2.93367085463974	0.977254269533148	3.77548839317575	5.04022961885659	0	2.25658132509228	2.06494004862555	3	5.74291353998399	2.77789034485938	4	3.6663939500399	4.63004900101802	3.19677218299276	0.641403227117633	1.9039732709139	0	1	1	0.973297336870441	44	0	0	0	0	0	0	0	0	0	0	0	0	0	0	0	0	0	0	0	0	0	0	0	0	0	0	0	0	0	0	1	3	2	3	3	1	0	0	0	0	0	0	0	0	0	0	0	0	0	0	0	1	0	0	0	0	0	33	0	0	0	0	0	0	0	0	0	0	0	0	0	0	170	136	137	159	111	95	154	111	106	103	152	130	129	161	141	196	0	2	2	3	4	2	4	3	7	14	23	13	31	17	22	20	9	11	28	12	42	32	23	27	27	25	3	2	14	16	11	12	21	24	0.692890653	0.541780866	0.716787489	5	5	6	0	7	3	5	5	13	3	8	8	7	3	4	9	2	3	13	15	13	8	6	8	1	1	1	2	0	0	0	0	0	2	2	2	1	0	1	3	0	2	2	0	0	0	0	1	1	0	0	0	0	0	0	1	2	0	0	0	0	0	1	0	0	0	0	0
T[T>G]T	0	1	1	0	0	0.166019532216845	0.37731515969551	0	0	0.764224883111794	0.0175238479611676	0.142630536477735	0.0768188582068647	314.012200837405	368.090941028632	322.466832462626	350.600692957898	436.809644888919	366.671741318242	281.157533556221	360.002388770942	33.2786431204026	35	18.6056276970459	40.3663331033445	37.7515855558576	3.93682310761028	38.0357664068712	111.434065627707	106.449830674062	110.782148320675	130.284980340041	62.6241581512014	36.3799399424454	79.802614790562	20.4615572223605	10.7757650646359	14.6458663363914	10	15.1630254917798	11.7113152468597	12	18.1552852227103	31	9.18791167306223	3	28.3431641009311	9.68886228383261	3.9576247264134	9.93290603509879	9.408402562327	17.5086705896928	21.9692442110145	17.5561777104036	15.4893618364987	20	18.7737694143037	26.120754337655	9	12.7257660701781	19.4950460215277	20.2592635499341	6.66343533354573	0.918863864685336	4.03091174664373	2	4	4.19363054070353	68	0	0	0	0	1	0	0	0	0	0	0	0	0	0	0	0	0	0	1	0	0	0	0	0	0	0	0	0	0	0	0	12	12	12	10	11	0	0	0	0	0	0	0	0	0	0	0	0	0	1	1	0	0	0	0	0	0	92	0	0	0	0	0	0	1	0	0	1	0	0	1	0	85	90	110	108	99	91	111	114	90	85	89	83	106	105	95	112	0	1	4	5	7	7	5	9	21	9	52	32	39	25	42	37	14	38	52	27	54	60	61	38	45	34	55	65	31	34	42	29	45	32	1.306387586	2.479444197	2.386576525	8	10	10	0	15	5	8	6	7	7	6	8	9	8	6	26	20	24	10	13	12	7	13	9	2	0	0	0	2	0	0	0	0	1	1	3	2	0	1	0	3	1	2	4	0	1	0	3	3	2	3	1	1	0	2	1	2	0	2	2	3	3	1	1	1	1	1	2
